Hours Studied,Previous Scores,Extracurricular Activities,Sleep Hours,Sample Question Papers Practiced,Performance Index
4.0,62.0,No,7.2,8,41.62
8.6,59.6,Yes,6.3,5,51.57
6.9,50.4,Yes,8.8,1,36.96
5.8,75.8,No,5.1,4,46.78
2.2,68.1,No,6.9,3,36.87
2.2,91.1,No,7.5,7,52.8
1.5,41.9,No,8.1,6,23.24
7.9,78.0,Yes,6.0,6,53.8
5.8,85.0,No,7.4,2,55.85
6.7,84.8,Yes,5.5,6,58.3
1.2,92.3,No,6.2,8,52.75
8.8,83.0,Yes,8.5,5,69.22
7.7,94.7,Yes,8.7,9,70.97
2.7,59.6,Yes,7.6,2,38.45
2.5,69.7,Yes,5.9,7,35.44
2.5,40.8,No,8.1,6,29.88
3.4,40.4,No,4.1,6,29.24
5.2,54.2,No,4.5,4,31.95
4.5,45.9,No,7.3,9,30.32
3.3,55.4,Yes,5.5,6,29.04
5.9,50.4,Yes,8.8,8,45.09
2.1,41.7,Yes,6.2,8,24.35
3.3,93.6,Yes,6.1,4,55.08
3.9,40.5,No,7.4,5,21.58
4.6,83.4,No,7.8,2,58.66
7.3,49.0,Yes,6.4,4,35.95
2.6,93.8,Yes,5.1,6,56.21
5.1,92.7,Yes,7.9,2,60.5
5.7,78.6,Yes,5.6,2,50.24
1.4,79.7,Yes,4.9,7,42.87
5.9,40.3,No,7.2,5,29.23
2.4,98.1,Yes,4.5,3,57.72
1.5,91.8,No,8.9,3,48.43
8.6,92.8,Yes,7.2,7,78.63
8.7,78.9,Yes,8.9,3,58.51
7.5,60.3,No,5.7,5,49.17
3.4,92.7,No,8.9,2,47.34
1.8,57.2,Yes,4.7,3,26.46
6.5,73.2,No,4.2,4,46.72
4.5,45.9,Yes,4.2,1,23.38
2.0,94.4,Yes,6.3,4,54.94
5.0,48.3,No,4.4,4,30.91
1.3,53.3,No,6.6,3,16.06
8.3,72.9,Yes,5.6,9,68.38
3.1,85.1,Yes,5.7,3,50.6
6.3,76.5,No,7.2,2,51.15
3.5,53.7,Yes,4.8,7,40.22
5.2,40.1,Yes,7.8,9,37.72
5.4,84.7,No,6.9,6,55.61
2.5,98.1,No,8.6,5,49.69
8.8,87.8,Yes,5.8,1,66.45
7.2,67.2,No,8.9,3,45.41
8.5,93.3,No,6.9,9,77.19
8.2,64.2,No,8.9,8,50.75
5.8,71.0,No,4.1,9,49.09
8.4,68.2,No,7.6,8,50.91
1.7,66.4,Yes,8.1,1,29.6
2.6,85.7,Yes,4.3,8,52.03
1.4,71.1,No,6.9,8,39.4
3.6,58.7,No,8.0,5,34.52
4.1,55.2,No,6.8,6,44.15
3.2,42.2,No,4.3,2,24.01
7.6,74.4,No,7.5,1,52.55
3.9,53.6,No,4.3,8,23.87
3.2,48.7,No,8.1,7,34.5
5.3,78.6,No,4.2,4,62.36
2.1,80.2,Yes,4.7,7,46.66
7.4,84.4,No,5.4,2,54.68
1.6,69.7,No,7.2,2,35.94
8.9,92.7,No,8.9,7,66.31
7.2,95.2,No,4.6,3,66.18
2.6,87.6,Yes,4.7,6,58.24
1.0,77.5,No,5.8,7,39.36
7.5,57.9,No,8.2,7,44.88
6.7,98.0,No,6.3,4,65.85
6.8,56.2,No,5.6,3,38.42
7.2,52.0,Yes,6.8,1,33.07
1.6,66.1,No,5.3,7,34.81
3.9,43.4,No,6.0,9,27.94
1.9,97.7,No,5.7,1,56.99
7.9,74.7,No,8.0,5,61.42
6.0,72.9,No,8.6,4,55.92
3.6,78.7,Yes,7.8,2,50.76
1.5,69.3,No,6.2,7,39.27
3.5,41.9,Yes,6.5,7,25.07
3.6,76.1,No,4.6,8,53.23
6.8,82.3,Yes,7.7,3,59.83
6.1,64.6,Yes,7.0,6,43.1
8.1,84.7,No,8.5,4,59.0
4.8,53.4,No,5.0,3,28.33
2.0,53.1,No,7.8,4,19.84
6.7,49.5,No,7.4,1,36.8
7.1,61.9,No,5.3,7,42.66
5.5,90.0,No,7.3,7,58.22
7.2,88.8,No,8.6,7,65.43
5.0,62.6,No,8.6,2,39.21
5.2,74.8,No,7.6,1,43.79
4.4,82.5,No,4.2,9,60.54
1.2,54.2,No,8.4,2,19.39
1.9,49.9,Yes,7.3,5,22.09
1.3,97.4,No,5.6,5,54.59
6.1,76.4,Yes,4.9,8,53.46
3.5,97.9,Yes,4.6,1,54.0
5.1,59.9,Yes,4.3,7,38.11
8.3,81.5,No,7.8,3,61.4
3.0,53.1,Yes,5.2,2,30.44
4.3,55.4,No,4.1,5,35.08
7.0,70.2,No,6.0,4,48.0
2.8,58.9,No,6.4,9,34.15
1.6,49.9,No,4.8,1,21.06
3.3,55.5,No,4.2,3,34.56
2.3,42.1,No,4.9,3,26.64
8.4,81.6,No,7.4,4,65.63
7.5,69.0,No,4.4,7,54.47
6.1,45.6,No,6.8,5,38.14
8.0,50.1,No,4.7,6,36.97
7.4,46.0,Yes,5.0,3,34.24
2.5,76.1,No,6.0,5,45.4
8.1,45.6,Yes,4.5,2,37.12
5.3,84.5,Yes,4.9,4,56.98
7.5,41.2,No,5.7,3,36.99
8.2,54.7,No,5.6,3,46.21
3.5,92.5,No,7.7,4,51.32
1.9,82.4,No,4.4,8,47.33
2.8,44.3,No,8.3,8,24.68
4.4,88.4,Yes,8.1,1,51.53
7.5,69.1,No,7.8,5,45.6
7.9,90.0,Yes,5.5,2,64.54
1.1,75.4,Yes,8.1,6,35.31
5.1,80.2,No,4.9,3,51.79
4.3,98.6,Yes,4.6,9,71.0
2.8,53.7,Yes,4.2,9,36.68
2.0,76.8,No,8.7,8,46.07
3.7,67.2,Yes,5.5,2,46.0
8.5,42.3,Yes,8.6,2,39.6
3.6,40.9,Yes,5.4,2,20.27
5.2,47.0,Yes,8.5,5,35.51
6.6,78.3,Yes,8.5,9,68.48
3.9,73.5,No,8.6,7,43.53
8.8,72.7,Yes,6.5,7,54.7
8.7,41.9,No,8.3,3,40.07
3.0,67.7,Yes,8.8,3,39.65
5.0,94.6,No,5.6,3,56.7
3.4,63.5,No,6.1,1,29.79
3.3,76.9,No,7.6,8,40.96
1.3,86.0,No,5.5,2,37.82
5.9,86.3,No,7.8,7,66.61
5.0,70.6,Yes,4.4,9,50.35
1.4,90.6,No,6.6,2,39.3
3.2,63.1,No,4.6,1,38.31
8.3,92.4,Yes,5.5,5,73.75
2.9,54.2,Yes,5.3,5,37.33
2.2,56.5,Yes,8.2,1,28.21
4.9,43.1,No,5.0,9,31.28
8.9,86.9,Yes,8.0,3,67.04
2.9,64.6,Yes,8.0,2,43.0
6.4,53.5,No,6.5,7,39.03
7.1,53.7,No,5.2,5,37.99
2.9,93.2,Yes,5.1,4,57.7
6.8,89.2,Yes,6.3,4,67.65
3.9,72.7,No,4.0,9,47.06
6.1,76.4,No,6.7,9,58.5
6.1,68.0,No,8.8,1,45.72
5.3,63.1,No,4.8,7,42.58
1.7,94.0,Yes,6.9,8,53.04
7.7,47.4,Yes,8.8,5,37.06
3.6,64.7,No,8.3,7,39.19
2.5,60.3,No,8.3,8,33.22
1.3,69.4,No,8.1,8,40.73
5.7,67.0,No,5.5,9,53.81
6.4,70.6,No,8.5,5,51.62
1.1,48.3,Yes,8.7,2,19.68
5.1,70.3,Yes,6.5,6,52.22
2.8,54.3,Yes,5.8,1,30.41
6.2,50.9,Yes,6.1,6,41.64
2.4,43.8,Yes,5.7,3,21.37
6.5,85.0,No,5.1,3,61.27
4.1,65.2,Yes,7.1,7,48.82
8.5,77.0,Yes,6.8,4,59.11
2.1,82.9,Yes,6.3,5,50.91
3.7,80.1,No,4.5,6,53.37
1.9,67.8,No,8.0,6,36.56
8.4,62.9,No,4.9,2,46.95
8.0,62.2,No,4.6,3,46.9
3.1,77.8,No,7.1,1,38.57
6.3,69.2,Yes,6.0,3,50.28
7.5,90.1,Yes,4.3,8,71.61
5.4,91.6,Yes,5.8,4,60.0
5.2,50.1,No,7.9,2,34.23
2.9,48.0,Yes,7.1,4,34.28
1.7,77.2,Yes,5.8,7,43.48
8.2,57.8,No,5.0,9,50.73
8.2,41.1,No,7.2,5,34.75
6.1,92.4,No,8.4,5,60.61
3.7,53.4,Yes,7.2,5,36.07
3.8,94.8,No,8.1,9,62.77
6.8,82.3,No,6.6,7,61.88
8.2,85.0,Yes,7.6,3,63.68
8.1,51.9,No,8.5,2,43.23
7.2,53.8,No,7.9,9,52.4
6.1,70.8,Yes,8.5,3,54.35
1.7,50.2,Yes,6.2,8,30.99
2.3,58.0,No,8.5,4,34.17
8.2,59.0,Yes,7.1,5,48.0
5.9,49.4,No,8.4,8,38.38
1.1,52.1,Yes,4.2,5,28.1
1.8,86.5,No,7.3,2,46.31
6.3,49.9,No,8.2,6,41.96
1.0,41.7,No,4.9,7,25.23
2.3,77.1,Yes,7.3,1,41.81
5.4,97.6,Yes,8.1,9,60.94
6.5,59.5,Yes,5.4,6,53.68
6.2,47.0,Yes,6.0,4,33.24
2.8,73.7,Yes,6.8,2,42.8
6.7,93.5,No,6.6,9,70.58
2.9,86.3,Yes,4.2,6,57.62
3.6,76.7,No,4.5,9,56.27
7.0,58.6,No,4.5,2,39.53
6.2,72.0,No,5.3,5,54.56
7.8,45.4,No,5.2,6,39.4
6.3,80.1,Yes,7.7,5,68.24
5.5,82.8,No,6.9,6,60.48
1.7,96.9,No,7.8,3,52.35
3.9,55.4,No,4.3,9,33.84
3.1,41.1,No,6.4,2,11.12
3.0,72.2,No,5.6,2,42.24
8.8,81.7,Yes,8.2,5,68.81
4.1,86.6,Yes,7.5,3,57.24
8.1,51.4,No,8.3,2,31.72
6.0,55.4,No,4.2,6,34.85
7.4,70.2,No,7.6,6,55.31
5.0,59.5,Yes,6.7,7,50.18
5.6,90.8,No,8.1,4,59.73
4.9,68.0,No,6.5,8,51.5
2.6,87.2,Yes,6.7,3,46.15
6.8,74.3,Yes,4.3,1,51.34
3.2,85.6,Yes,7.3,5,51.82
1.2,59.6,No,5.4,6,35.46
6.2,89.1,No,4.1,3,55.72
2.4,56.2,Yes,4.3,2,36.3
8.5,72.2,Yes,8.8,3,55.82
8.6,52.6,No,5.7,3,38.57
8.3,68.1,No,8.3,7,51.42
4.0,58.8,No,8.8,1,32.0
1.1,55.7,No,8.7,4,29.42
8.4,97.1,Yes,8.4,3,69.12
4.4,49.4,No,8.5,7,31.44
8.7,86.5,Yes,5.4,1,66.74
8.7,98.1,No,4.8,8,61.07
7.8,41.2,Yes,7.2,7,37.52
3.4,81.2,No,6.4,8,45.77
4.1,54.9,Yes,4.5,8,34.38
7.8,42.4,No,7.4,9,41.09
3.5,63.8,Yes,6.8,1,36.31
2.4,95.2,No,8.3,9,57.34
5.5,40.7,No,7.0,1,31.43
8.5,74.7,Yes,6.9,3,57.63
6.6,69.6,No,6.2,7,58.48
5.6,91.5,No,6.3,8,65.59
1.8,45.0,No,8.8,5,20.06
5.9,80.2,No,4.7,1,58.34
8.9,80.1,No,6.2,3,61.38
2.1,79.5,No,7.3,7,53.99
5.1,95.6,No,6.2,2,58.23
8.0,88.6,Yes,5.4,2,64.54
6.9,42.5,Yes,5.4,9,40.4
6.6,67.8,No,5.2,6,48.31
6.6,63.5,Yes,5.7,4,51.71
3.9,58.3,No,8.4,9,47.94
3.3,66.6,Yes,6.5,7,33.89
7.5,62.7,No,5.2,7,52.23
7.5,65.5,No,5.9,8,48.2
7.9,97.8,No,4.5,3,57.35
8.3,45.2,No,8.5,2,39.98
5.1,94.4,No,6.0,1,59.67
5.0,68.3,Yes,8.9,2,47.91
7.4,76.8,Yes,5.7,3,57.23
6.2,89.0,Yes,8.2,5,66.16
6.6,61.3,No,5.3,8,44.4
7.4,65.4,Yes,4.4,3,49.36
8.1,64.2,Yes,4.2,7,55.35
3.7,62.1,No,7.0,5,43.75
4.0,94.6,No,5.6,5,58.17
1.8,88.9,Yes,6.2,8,52.26
5.6,46.4,Yes,8.1,5,35.44
1.3,46.4,No,5.2,7,18.97
4.7,65.2,No,5.5,8,47.65
5.3,45.8,Yes,8.2,8,31.21
3.3,76.5,No,6.5,3,45.7
5.7,48.5,No,8.1,4,35.2
1.2,70.8,No,5.9,8,33.15
1.3,40.4,No,6.0,5,12.92
7.6,58.7,No,4.8,1,38.48
3.9,80.0,No,8.6,7,50.33
2.0,68.6,Yes,8.5,3,44.39
5.2,97.7,Yes,8.9,2,62.8
7.2,91.6,No,6.0,5,66.43
2.7,61.2,No,8.1,1,37.63
6.0,42.7,No,6.1,9,39.49
1.7,89.9,Yes,6.3,5,51.12
1.4,93.8,No,8.1,6,50.03
5.3,88.4,Yes,4.9,7,62.23
5.3,47.5,No,5.1,9,33.34
6.1,98.9,Yes,5.6,5,74.56
6.8,55.3,No,7.9,4,45.02
8.8,82.7,No,5.9,3,62.23
5.1,93.6,Yes,5.8,5,63.84
3.6,53.9,Yes,9.0,3,34.51
7.4,93.6,No,5.9,5,64.45
3.2,58.3,No,5.2,8,38.36
4.5,97.6,Yes,7.1,2,59.82
1.6,56.6,Yes,8.0,4,38.68
1.2,96.3,Yes,4.3,8,52.63
8.7,43.2,No,7.1,5,41.52
7.7,81.8,Yes,4.2,8,59.77
6.6,71.4,Yes,6.6,6,50.04
4.3,68.2,No,5.3,1,32.37
2.4,53.2,No,5.5,5,30.74
2.3,81.6,Yes,6.3,2,43.11
3.0,51.3,No,8.6,7,36.65
5.4,72.6,No,7.6,4,49.93
6.7,54.9,No,8.7,2,40.42
6.3,96.4,Yes,7.3,1,58.11
3.2,41.7,No,4.0,5,26.07
8.6,51.8,Yes,5.3,8,45.05
6.9,54.3,Yes,8.5,8,40.42
5.4,64.4,Yes,7.2,2,44.95
5.9,53.7,No,8.9,6,35.3
4.4,69.0,No,4.8,7,36.43
3.0,91.5,No,5.5,1,55.52
3.8,82.0,Yes,5.8,5,49.41
7.1,74.2,No,5.6,6,47.26
1.1,45.3,No,5.3,7,18.79
1.9,80.9,Yes,6.2,9,46.69
1.4,49.8,No,7.2,3,28.17
1.3,86.4,Yes,5.6,8,43.62
7.8,54.8,No,4.4,3,36.26
6.6,64.6,Yes,7.5,9,55.98
4.8,60.7,No,6.3,8,40.51
1.8,90.7,No,6.8,9,54.68
4.9,47.5,No,6.3,5,30.36
4.8,73.4,Yes,8.5,9,61.16
2.4,48.4,No,6.8,3,19.95
4.5,81.6,Yes,8.6,7,56.8
4.2,93.4,No,6.6,3,62.54
5.9,65.6,No,5.5,6,44.69
6.1,68.8,Yes,5.8,8,48.68
1.4,94.7,Yes,6.6,2,54.05
4.0,70.7,No,6.6,8,50.51
6.0,68.8,No,7.4,1,41.85
5.0,74.1,Yes,5.1,4,54.63
7.9,80.7,Yes,7.3,7,63.25
6.3,46.3,Yes,7.9,1,35.95
2.3,88.4,No,7.4,6,57.53
1.6,65.7,No,6.4,6,38.77
6.1,44.3,No,9.0,7,36.09
1.2,86.4,No,6.0,9,46.78
5.7,62.2,No,4.5,7,54.81
8.5,45.9,No,8.1,3,36.34
5.6,77.4,Yes,5.1,4,53.44
4.1,91.9,No,7.6,1,56.29
6.1,92.4,Yes,4.9,5,65.48
4.7,96.5,Yes,4.1,7,71.81
5.4,91.2,No,4.8,3,57.64
8.5,40.1,Yes,5.9,6,38.68
4.1,62.4,No,4.5,3,43.1
8.7,88.3,No,5.0,4,64.35
8.2,61.6,No,7.8,5,53.21
2.6,75.5,Yes,7.8,6,46.93
1.6,75.8,Yes,8.1,6,47.57
1.8,61.5,Yes,8.2,1,34.92
1.1,93.4,No,6.1,8,51.11
1.8,69.7,No,8.3,3,29.56
6.5,67.4,No,6.6,4,40.77
1.6,98.9,No,6.4,8,49.82
3.6,69.1,No,7.6,5,42.02
7.8,50.5,No,5.1,6,32.13
1.2,70.3,No,7.9,1,33.47
7.5,88.0,Yes,6.1,8,67.5
3.3,85.8,No,4.6,5,53.92
1.9,86.5,No,4.6,1,46.44
6.6,81.8,Yes,4.8,7,63.14
6.0,55.0,Yes,8.5,2,41.21
8.0,90.9,Yes,9.0,6,68.15
6.9,92.7,No,5.8,3,62.12
7.4,51.5,Yes,5.5,6,39.52
3.3,47.7,No,5.1,9,31.91
2.4,97.6,No,8.1,6,51.3
7.0,91.2,No,5.0,1,64.33
7.5,92.7,Yes,8.6,6,65.18
8.9,92.3,Yes,7.3,3,70.14
4.3,72.0,Yes,8.5,4,48.31
4.0,78.1,Yes,6.8,4,53.88
7.2,72.2,No,7.5,9,49.79
3.7,43.0,Yes,7.1,8,29.57
8.4,84.0,No,8.2,7,67.57
7.9,69.8,Yes,8.2,5,62.33
4.4,78.2,No,6.9,4,48.83
7.0,69.7,No,7.2,3,47.2
7.0,69.0,No,8.6,1,56.35
1.8,50.1,No,8.6,9,33.51
8.2,56.4,Yes,7.3,8,55.74
5.0,49.4,No,4.0,1,24.81
7.6,51.5,No,4.5,2,40.45
3.6,97.4,No,8.3,1,52.13
8.2,49.0,No,4.4,1,32.18
4.1,55.9,No,5.1,9,40.37
1.1,74.8,No,5.2,5,41.29
8.2,76.0,No,7.0,3,54.48
1.7,49.1,No,6.9,2,28.86
3.6,86.8,Yes,5.4,8,54.59
8.6,86.3,No,5.0,8,65.63
8.6,54.0,No,7.8,6,46.7
5.6,57.0,No,8.7,2,37.29
6.1,95.3,No,4.3,1,64.96
4.6,88.7,Yes,4.7,6,53.7
3.3,81.2,No,7.2,1,42.73
3.6,44.9,No,8.0,6,24.23
6.4,64.7,No,8.0,2,52.07
7.0,73.0,Yes,7.6,7,55.19
7.3,51.1,No,8.4,2,35.87
7.3,66.4,No,5.1,2,45.65
1.7,75.5,No,4.5,6,44.61
5.0,59.3,No,7.1,4,41.66
1.5,86.1,No,8.1,6,46.04
5.4,89.6,No,6.9,8,59.81
4.5,59.1,No,8.8,3,31.89
8.1,89.5,Yes,8.0,5,68.19
3.8,46.1,Yes,7.5,5,35.82
1.9,89.4,Yes,4.3,9,51.59
2.1,49.0,No,4.5,7,29.73
7.1,44.9,No,7.9,9,37.71
5.9,77.9,No,5.0,8,50.6
1.8,67.8,No,4.1,3,37.01
1.7,93.6,No,8.6,2,59.73
6.6,61.4,No,8.5,3,46.33
1.6,56.9,Yes,5.1,6,29.8
7.6,69.5,No,7.9,4,50.63
6.6,66.9,Yes,4.2,1,53.4
1.7,60.3,Yes,5.4,9,37.42
1.7,80.9,Yes,7.1,6,43.84
8.9,84.8,Yes,7.8,1,63.3
4.0,90.3,Yes,4.1,3,55.56
4.0,97.4,No,5.6,1,58.28
7.5,55.7,Yes,5.1,9,53.97
8.6,82.2,No,9.0,4,67.7
8.9,63.3,Yes,7.4,2,52.01
7.0,79.9,Yes,6.0,4,57.48
4.0,68.1,No,4.4,2,40.81
1.7,98.6,No,7.0,6,53.51
7.2,83.0,No,7.2,6,64.45
5.5,96.2,No,8.1,7,64.41
4.4,89.3,No,5.4,9,60.88
8.3,93.3,No,8.9,9,79.21
1.9,88.1,No,6.2,4,50.44
4.9,67.1,No,5.5,9,47.92
1.1,54.9,Yes,5.7,8,28.77
4.7,61.8,No,6.6,1,37.11
1.5,41.2,Yes,8.7,7,19.37
2.0,70.9,No,7.7,7,43.23
1.9,69.8,No,6.9,4,29.15
6.2,71.0,Yes,4.8,7,55.98
7.0,97.5,Yes,4.7,5,71.23
5.7,93.8,Yes,6.5,5,63.93
8.7,49.5,No,7.6,5,41.39
4.0,61.8,Yes,7.8,6,41.39
3.3,65.0,Yes,5.1,7,34.28
7.9,61.3,No,4.5,5,50.73
2.8,87.1,No,5.9,9,53.15
8.7,70.9,Yes,8.6,9,67.51
1.1,73.8,Yes,6.7,7,43.35
8.8,90.3,Yes,5.6,3,68.16
1.3,87.5,Yes,5.6,4,49.44
8.1,47.8,Yes,4.7,4,36.67
5.2,82.1,No,6.4,7,53.67
8.9,65.7,No,8.0,2,52.09
1.6,57.4,No,8.8,5,29.73
5.4,43.0,No,6.5,4,27.84
8.8,68.7,Yes,4.8,9,57.64
5.2,61.0,Yes,7.4,1,39.99
6.0,54.8,No,7.8,3,47.78
6.6,81.0,Yes,4.4,6,56.75
4.6,85.4,No,8.3,4,51.62
6.0,54.4,No,8.1,3,37.76
5.7,42.9,No,6.4,6,38.29
8.2,90.1,Yes,6.8,3,72.48
1.4,40.6,Yes,7.6,7,30.68
3.2,95.3,No,7.4,1,54.29
8.6,77.0,No,4.1,9,64.13
8.1,59.0,Yes,4.6,2,41.44
4.6,54.5,No,4.8,4,33.05
6.0,40.5,Yes,7.8,6,29.17
3.2,53.9,Yes,6.2,6,36.06
2.5,48.1,No,6.7,8,29.38
4.7,76.1,No,7.9,8,52.89
3.8,49.8,No,5.7,4,26.56
5.7,71.2,No,7.7,6,53.19
1.6,74.8,Yes,6.2,9,35.5
8.8,57.6,No,5.9,7,48.48
8.9,42.1,Yes,5.7,8,42.21
6.6,42.2,No,8.8,8,28.63
5.3,41.6,No,7.9,2,29.44
3.5,83.6,Yes,4.1,7,51.9
7.5,58.8,No,8.8,3,47.19
6.5,87.0,No,7.9,7,70.13
2.3,65.5,No,4.7,2,34.83
8.3,66.7,No,4.4,1,52.2
7.6,70.3,Yes,5.5,9,62.55
8.6,82.1,Yes,7.1,1,62.85
6.8,56.1,Yes,7.1,1,37.37
5.9,47.2,Yes,5.4,3,27.56
4.3,72.8,No,6.2,1,44.34
8.5,59.3,No,5.1,7,47.75
7.9,66.1,No,4.3,7,56.92
1.4,78.2,No,6.6,8,42.44
1.2,69.2,No,5.7,2,33.36
4.0,76.6,Yes,6.7,7,46.14
7.5,72.1,No,8.7,9,56.29
8.9,83.6,No,4.7,5,59.55
2.2,81.7,No,4.0,3,40.1
5.8,71.5,Yes,4.4,9,52.54
4.0,80.1,No,6.3,1,44.05
8.8,91.5,Yes,7.5,3,79.25
7.7,65.5,No,6.9,2,51.35
7.7,64.4,No,6.5,2,51.41
4.7,85.1,Yes,5.8,3,53.69
4.3,74.4,No,5.5,7,48.66
3.2,44.2,No,5.9,6,24.92
1.5,92.6,No,7.1,9,64.73
7.9,41.8,No,4.8,3,33.78
7.5,84.2,Yes,7.9,5,60.48
9.0,84.8,No,6.9,9,65.29
9.0,96.2,No,5.3,3,71.05
5.4,43.2,Yes,6.5,8,40.71
7.2,75.2,No,8.8,9,63.08
8.6,65.2,No,4.1,7,49.76
7.8,59.5,Yes,5.0,6,45.37
3.0,45.3,Yes,6.2,6,33.43
4.6,73.2,Yes,7.2,6,58.01
2.0,68.3,No,5.1,5,36.49
8.6,46.2,No,8.7,7,48.17
5.8,76.1,Yes,7.2,7,49.43
2.8,83.5,No,8.4,7,47.78
6.4,85.3,Yes,5.6,3,54.22
5.9,93.4,No,8.1,6,65.62
3.9,64.2,No,5.9,9,42.0
1.9,96.2,No,5.3,9,57.77
6.4,91.1,Yes,8.6,4,68.57
5.2,57.5,No,4.5,9,38.77
7.2,49.4,No,8.7,2,38.05
5.2,65.7,No,6.3,8,40.88
7.8,63.7,No,9.0,2,52.61
5.4,74.0,Yes,6.7,5,55.48
5.5,74.4,No,7.8,6,52.73
8.0,84.2,No,4.0,2,59.28
4.2,70.1,No,6.5,9,45.38
2.1,46.2,No,7.7,6,20.18
1.2,90.6,No,7.9,8,53.25
7.0,58.3,Yes,4.8,4,47.21
6.0,97.3,Yes,6.1,3,72.71
6.6,47.0,Yes,6.1,4,35.32
2.7,96.5,Yes,4.5,1,54.87
2.1,45.4,No,6.2,1,25.19
1.1,53.6,No,8.0,8,34.16
3.8,42.7,No,5.5,1,20.67
5.7,81.6,No,6.2,5,53.61
4.1,90.2,No,8.8,9,58.07
4.5,65.6,Yes,4.2,3,37.57
8.2,94.8,Yes,7.0,2,74.22
3.8,74.8,Yes,7.7,5,48.2
5.1,77.2,No,7.8,2,48.51
7.3,89.9,Yes,7.6,1,63.42
4.2,57.5,Yes,7.6,9,41.91
6.0,60.9,No,4.3,9,44.52
7.9,93.5,No,6.7,1,61.24
8.6,93.2,No,7.9,4,75.01
2.2,97.6,No,4.5,5,52.52
8.4,93.2,No,4.1,2,61.46
4.9,47.5,No,8.1,9,35.96
3.1,88.6,No,7.6,9,64.68
4.7,64.2,No,6.1,9,41.53
8.8,98.5,Yes,8.7,8,80.39
4.9,67.9,Yes,7.8,6,46.52
3.6,72.7,Yes,8.8,1,44.5
6.1,71.3,No,8.6,5,54.07
2.9,59.0,No,6.4,8,29.78
1.6,44.4,Yes,7.8,4,19.9
2.0,92.8,Yes,7.3,8,60.25
2.0,87.4,No,8.1,6,50.89
2.2,48.2,No,7.9,1,24.3
2.1,85.8,No,4.8,1,47.33
6.1,76.9,No,5.2,3,47.38
2.5,64.1,No,5.3,1,36.77
3.8,55.0,No,8.1,4,37.12
8.2,90.7,Yes,8.1,3,67.94
4.8,81.3,Yes,6.5,7,57.33
6.3,72.3,No,6.9,9,58.86
2.4,76.0,No,8.1,7,43.0
2.5,45.4,No,5.6,5,27.44
1.3,68.0,No,4.3,1,38.57
2.4,51.4,No,6.4,5,30.86
3.2,52.3,Yes,8.6,1,29.29
2.4,79.0,No,8.0,6,55.7
1.7,93.8,No,5.8,8,55.19
2.0,63.8,Yes,4.3,7,42.63
4.7,52.3,No,7.2,1,30.06
2.7,78.3,Yes,8.2,8,54.03
3.9,91.4,Yes,7.3,9,59.07
5.0,84.2,No,6.1,2,53.4
6.5,91.3,No,4.6,1,56.28
1.3,71.7,Yes,8.6,6,48.61
7.4,84.4,No,5.4,4,58.57
6.0,48.3,No,5.1,7,32.23
1.7,60.5,No,8.1,3,31.48
8.0,63.0,Yes,8.9,3,52.37
8.4,70.2,Yes,7.3,8,58.73
1.5,94.8,Yes,7.1,7,52.31
3.2,91.6,No,5.6,5,58.38
7.4,47.9,No,4.1,3,41.46
7.0,50.2,No,5.0,1,28.77
2.5,61.1,No,6.9,3,29.51
2.7,57.2,No,4.8,9,34.44
4.0,76.3,No,8.4,1,42.72
4.9,93.3,No,4.9,5,61.23
5.9,96.8,Yes,6.6,4,72.63
4.0,78.6,Yes,6.6,6,49.42
4.7,89.5,No,7.0,2,61.14
7.0,71.0,No,5.6,4,44.62
1.3,52.3,No,8.4,9,31.98
3.0,71.0,No,6.2,5,39.23
6.7,72.7,No,7.5,8,56.73
8.2,83.8,No,7.2,2,53.13
5.1,53.0,No,4.6,9,33.41
5.3,61.7,No,7.1,7,45.53
1.9,61.5,Yes,6.8,7,33.81
4.6,96.6,Yes,8.5,2,59.62
5.3,66.2,No,8.4,8,54.97
2.9,84.6,Yes,4.8,9,54.23
3.2,84.3,No,4.4,5,52.83
4.0,55.7,Yes,5.5,3,31.5
1.2,73.7,Yes,8.9,3,34.25
3.6,92.8,Yes,4.1,6,57.22
2.7,68.0,Yes,7.4,1,31.83
3.6,95.8,Yes,7.0,9,60.23
2.0,52.7,Yes,7.2,6,31.63
8.1,44.4,No,5.1,9,40.73
5.7,92.6,Yes,5.1,3,62.22
6.4,90.0,Yes,6.2,3,63.85
7.3,98.6,Yes,4.5,7,66.53
5.0,80.1,No,4.4,7,49.1
1.7,95.3,No,4.4,4,42.66
5.3,88.8,No,6.9,8,59.18
5.7,89.8,Yes,6.0,2,61.57
7.0,73.6,Yes,5.5,1,57.01
4.5,62.6,No,5.6,1,37.46
2.0,95.1,No,5.0,2,56.24
3.3,65.5,Yes,6.1,6,42.73
3.9,71.8,No,5.0,8,46.67
6.2,66.3,Yes,7.5,3,44.66
5.6,73.3,Yes,4.6,6,41.52
3.8,67.8,No,8.7,8,50.07
8.9,42.8,No,4.4,9,41.7
5.8,92.0,Yes,8.7,8,71.78
2.9,66.2,Yes,8.2,7,38.54
1.8,74.7,No,7.4,4,50.26
2.2,48.2,No,8.6,3,24.31
3.0,40.2,No,4.7,7,21.25
2.3,54.5,No,4.9,1,25.29
2.5,81.6,No,5.3,7,48.56
3.3,45.9,Yes,5.2,6,28.82
2.4,93.6,Yes,5.6,3,51.2
8.2,52.7,No,6.9,3,34.98
1.6,52.1,No,4.1,2,20.39
5.2,50.7,Yes,5.9,1,37.38
4.3,40.8,No,5.2,5,22.78
8.9,85.5,Yes,7.0,7,61.51
1.9,91.6,Yes,8.9,7,51.17
4.2,76.2,Yes,6.6,6,49.78
8.8,51.1,No,6.1,6,41.77
7.9,56.8,Yes,5.8,7,47.23
7.5,68.1,Yes,7.9,8,52.57
3.1,96.3,No,4.4,5,60.22
2.4,54.6,No,8.8,1,29.96
6.3,83.2,No,6.1,7,67.68
8.4,65.9,Yes,5.6,2,49.44
5.5,57.6,No,8.9,5,39.59
5.6,66.9,No,8.7,7,52.88
3.2,44.2,Yes,7.2,7,31.17
7.2,87.1,No,4.1,9,60.23
2.5,54.4,No,7.7,5,33.18
3.6,82.8,Yes,5.7,6,53.81
4.4,44.0,No,5.9,6,22.43
5.1,96.4,No,4.8,1,55.57
2.9,51.4,No,6.6,7,32.19
1.9,92.1,No,7.7,7,59.52
5.9,87.8,Yes,5.4,4,62.01
3.3,97.1,Yes,8.7,4,57.46
5.6,68.2,No,5.0,6,44.0
2.2,82.9,No,4.3,3,47.66
4.8,61.9,No,7.2,6,32.23
5.3,50.9,No,8.2,4,31.95
1.4,66.1,Yes,8.8,8,45.26
3.7,49.8,No,7.8,5,32.42
2.1,97.9,No,5.0,8,54.32
1.5,45.7,No,8.9,9,22.12
8.9,74.8,No,8.6,4,62.16
3.6,77.0,No,4.8,1,43.16
7.5,71.7,No,6.8,7,54.19
3.0,79.1,No,6.8,7,49.84
6.5,46.9,No,6.2,5,36.39
7.1,72.7,No,8.9,5,54.27
5.8,56.9,Yes,4.3,1,32.3
4.8,95.5,No,7.1,3,55.36
4.3,85.0,No,5.0,1,52.52
3.8,97.4,Yes,6.6,7,64.9
8.4,42.2,No,7.9,5,40.11
7.6,56.8,Yes,5.2,4,42.65
8.7,51.5,No,6.0,7,48.77
2.0,40.7,No,8.8,9,23.6
6.8,54.3,No,7.8,6,47.82
8.5,80.0,No,6.9,9,61.25
2.4,53.6,Yes,5.1,6,29.55
1.5,70.0,No,6.1,9,39.89
6.9,92.4,Yes,7.9,6,70.59
5.6,80.9,Yes,8.1,9,59.35
7.7,63.3,No,5.2,3,46.95
2.1,62.0,No,7.3,5,32.84
7.4,66.9,Yes,4.5,5,51.9
2.6,50.4,No,4.1,8,29.56
2.3,77.4,No,6.7,7,42.38
2.3,61.5,No,5.1,2,31.83
7.5,90.3,No,4.4,2,61.93
6.3,84.6,No,7.6,7,69.64
5.2,76.0,No,6.5,4,46.93
3.9,61.5,Yes,8.0,6,37.7
8.0,52.4,No,7.3,9,47.72
4.1,85.8,No,7.6,4,49.11
7.5,68.7,Yes,5.5,7,50.07
4.5,53.3,Yes,5.3,9,33.32
4.0,51.5,Yes,7.0,1,27.95
4.7,49.8,No,5.0,2,27.21
3.4,85.9,No,8.1,9,50.34
7.0,53.5,No,6.6,5,40.2
5.0,71.1,No,5.1,4,35.99
2.9,66.6,No,7.1,7,42.55
8.2,74.2,No,8.7,5,55.27
4.1,91.8,Yes,4.4,1,52.65
5.3,91.2,Yes,4.5,9,65.96
8.3,66.6,No,8.2,8,56.77
6.0,40.9,No,4.5,3,26.23
1.9,65.2,No,4.2,3,34.82
8.5,75.8,No,5.7,3,62.65
6.0,72.9,Yes,6.3,7,49.38
3.7,78.4,No,6.8,2,48.61
2.1,49.1,No,6.5,9,25.1
7.4,78.1,Yes,8.6,4,63.1
6.0,50.8,No,7.8,7,36.26
5.3,84.3,No,8.9,8,55.7
8.2,60.0,No,6.4,5,52.53
7.3,81.9,No,4.4,8,63.46
2.2,42.8,Yes,8.8,4,21.72
3.5,64.1,Yes,4.0,2,37.39
3.0,81.6,No,7.9,3,44.14
7.0,53.4,No,4.2,6,34.5
1.3,86.9,Yes,7.8,6,50.5
5.6,77.2,Yes,8.7,7,54.38
7.1,74.7,No,5.9,4,49.34
8.0,60.9,No,5.2,8,55.25
3.7,68.5,No,5.1,8,40.22
7.6,75.2,Yes,6.5,7,59.33
1.9,67.9,Yes,4.9,3,40.6
7.8,81.2,Yes,7.4,3,58.97
2.0,65.6,No,5.8,2,30.4
4.2,51.9,Yes,5.6,7,37.14
7.4,52.6,No,6.3,6,44.16
2.2,40.3,No,6.7,7,26.5
2.8,57.8,Yes,4.7,2,39.21
6.8,84.2,No,7.5,4,56.84
6.8,86.9,No,8.4,1,58.96
6.1,51.9,No,5.4,2,30.17
6.6,96.6,No,4.9,7,69.56
5.3,69.6,Yes,7.8,5,49.5
3.0,94.1,Yes,4.9,3,54.15
3.8,81.7,No,4.2,2,44.24
2.5,82.6,No,7.1,3,44.55
8.3,45.0,Yes,5.2,4,40.4
5.7,53.0,No,4.9,5,33.03
4.2,40.5,No,8.9,8,28.56
4.7,82.3,Yes,5.5,9,57.04
8.6,60.3,No,8.5,2,41.49
2.2,86.4,Yes,4.9,3,44.07
5.7,60.0,No,8.1,4,39.02
5.0,88.3,No,6.5,7,65.1
5.9,47.7,Yes,4.4,6,33.09
1.1,50.2,No,7.7,6,25.64
8.0,60.1,No,8.5,7,45.83
8.5,64.1,No,4.8,1,44.22
5.5,60.6,Yes,7.6,8,40.33
6.6,85.1,No,6.2,9,64.84
8.4,45.7,No,7.8,2,32.79
6.7,60.7,No,7.6,1,45.53
2.2,89.4,No,4.1,4,50.91
5.6,43.9,Yes,4.9,2,30.15
5.9,95.6,Yes,6.4,6,69.6
4.4,98.2,No,8.7,3,73.18
6.9,45.2,Yes,5.7,9,42.26
8.5,57.2,No,7.1,8,45.28
8.4,62.0,No,4.1,7,56.37
4.6,85.8,No,7.6,7,57.37
1.9,75.2,No,7.0,7,51.71
8.9,78.0,No,7.6,5,59.01
7.7,84.7,No,8.5,8,70.03
2.0,47.0,Yes,4.7,4,24.76
8.4,89.2,Yes,5.3,5,77.66
8.0,81.6,Yes,9.0,3,60.24
5.2,74.1,No,4.8,3,58.63
5.7,92.5,No,7.6,2,61.22
4.2,81.3,Yes,7.6,5,56.21
1.4,51.9,No,7.4,2,31.1
3.7,65.4,Yes,5.1,4,37.02
7.4,69.1,No,5.1,1,51.75
1.0,43.3,Yes,7.3,2,18.41
3.7,96.3,No,4.9,1,55.34
4.2,47.6,No,7.3,2,28.87
5.3,81.2,No,6.5,4,55.01
8.4,69.9,Yes,5.9,1,54.61
3.8,41.5,No,5.5,6,24.03
3.8,94.6,Yes,8.7,1,57.47
6.9,90.3,No,6.5,3,52.08
4.6,70.9,No,6.8,2,47.39
2.8,53.5,No,8.7,2,35.97
4.6,47.2,No,7.3,4,31.72
2.1,61.4,No,8.8,9,31.47
2.4,55.1,No,4.5,3,31.25
5.0,69.9,Yes,8.2,6,45.94
4.4,97.0,No,5.7,3,59.49
8.3,73.9,Yes,8.1,5,61.61
3.9,92.5,Yes,8.3,9,64.45
5.6,78.4,No,5.4,3,55.02
6.1,68.0,No,6.0,8,50.37
1.1,90.4,Yes,7.6,6,52.06
6.3,67.8,No,4.5,8,52.6
2.4,91.2,Yes,7.8,2,51.74
8.7,57.2,No,4.6,9,47.31
2.2,47.6,No,8.6,1,25.07
4.3,90.5,No,5.4,3,50.11
1.7,74.7,No,6.9,4,39.63
9.0,92.5,Yes,4.6,6,65.53
5.0,95.3,No,5.3,4,57.86
5.8,43.2,Yes,6.0,2,28.76
1.5,69.6,Yes,6.4,3,33.11
7.0,62.1,No,4.0,3,48.18
2.7,76.9,Yes,8.4,6,51.6
8.2,86.8,No,4.0,5,68.43
2.6,56.6,No,7.9,5,31.93
2.5,72.9,Yes,6.4,4,40.53
1.3,81.8,No,6.6,4,46.38
4.8,47.9,No,5.0,9,35.43
5.5,88.0,No,7.0,7,60.52
1.5,75.8,No,6.7,8,33.17
7.2,96.0,Yes,4.8,4,70.28
4.6,60.0,No,5.2,3,39.56
5.2,46.4,No,4.3,1,28.33
4.5,69.9,No,4.3,9,50.44
4.2,45.1,Yes,4.1,9,35.29
5.5,97.2,Yes,5.1,2,59.37
2.2,42.3,No,7.4,4,21.25
2.5,84.5,No,5.6,4,43.21
7.9,71.0,No,5.7,1,56.26
8.6,61.7,No,4.7,2,50.84
4.0,43.9,No,6.9,8,27.19
3.2,76.7,No,5.7,6,48.5
6.2,74.5,Yes,7.4,1,51.46
4.3,56.6,No,7.7,7,35.56
1.2,93.7,Yes,6.9,7,54.6
2.2,57.9,Yes,5.4,6,37.27
6.7,66.5,No,6.5,8,54.52
6.3,72.1,Yes,5.3,5,60.86
1.2,45.9,No,8.5,2,20.97
2.8,95.0,Yes,7.8,4,55.82
2.8,62.1,Yes,6.5,8,42.11
6.4,44.8,No,8.8,8,37.0
1.2,62.9,No,6.7,5,29.96
1.8,75.4,No,5.6,6,38.18
7.4,70.3,No,4.5,9,40.96
2.4,81.0,Yes,6.7,2,48.38
6.2,43.3,No,8.3,5,27.29
2.9,56.8,Yes,8.3,9,34.85
1.8,88.3,No,7.0,3,48.87
2.9,44.7,No,6.0,6,25.09
6.8,90.5,No,7.3,4,70.93
7.8,45.4,No,7.8,4,32.15
7.6,89.2,Yes,6.1,3,72.92
4.2,61.3,No,6.4,1,41.09
6.3,76.1,Yes,7.4,8,61.03
2.6,49.0,Yes,8.4,5,35.62
3.3,43.9,No,8.0,2,26.11
8.2,52.7,Yes,4.1,1,34.2
1.1,47.5,Yes,4.6,1,22.49
1.7,58.4,No,8.3,4,24.85
2.7,70.3,No,8.2,4,38.22
1.2,74.7,Yes,5.9,6,41.24
2.5,86.6,No,6.9,7,47.81
5.7,78.7,No,8.5,1,54.39
4.4,75.9,No,8.6,2,45.65
8.1,64.3,No,7.9,3,51.13
7.5,68.0,No,5.0,9,53.8
3.7,64.5,No,7.7,4,39.78
3.1,89.7,No,4.5,6,49.56
4.0,53.6,Yes,8.5,2,29.03
5.7,40.3,No,4.7,2,26.39
3.1,78.4,No,7.3,2,40.58
6.0,51.9,No,7.1,5,43.54
4.3,92.5,Yes,7.9,9,57.55
5.4,90.7,No,6.8,6,69.8
4.5,44.5,No,4.3,9,33.07
3.4,46.3,No,7.5,6,29.24
8.6,69.2,No,5.9,9,55.4
7.1,75.9,No,5.6,5,57.21
2.1,56.2,Yes,9.0,1,29.1
7.9,82.3,No,7.0,6,63.03
4.9,75.1,No,7.6,4,51.9
8.2,59.2,Yes,6.6,9,54.92
7.4,41.5,Yes,7.8,6,42.79
4.4,84.3,No,7.8,1,52.62
1.2,52.7,No,7.3,6,23.46
3.1,89.2,No,9.0,3,44.09
5.3,64.8,Yes,6.3,3,44.47
6.1,74.0,Yes,7.5,7,55.61
3.1,91.5,Yes,8.0,2,61.56
2.1,91.0,No,5.9,9,53.95
7.7,61.9,No,6.3,9,52.56
8.9,52.3,No,8.8,7,50.83
5.2,85.7,No,4.2,9,60.37
2.4,65.6,Yes,5.7,6,42.21
3.2,51.3,Yes,6.4,9,31.74
1.1,93.4,Yes,4.0,2,44.68
8.3,51.7,Yes,8.5,5,44.57
1.9,41.5,Yes,5.4,6,14.54
5.6,41.2,No,5.3,6,30.51
3.2,76.7,No,8.1,4,42.81
5.4,79.0,No,5.4,4,52.65
6.2,58.4,No,7.3,5,41.39
7.6,58.9,No,8.1,6,43.4
2.7,60.0,No,8.0,8,42.47
1.1,80.1,Yes,7.9,1,41.59
2.1,43.4,No,4.4,8,27.92
8.2,94.8,Yes,4.4,2,67.98
8.0,53.1,Yes,5.5,7,48.02
5.8,99.0,Yes,4.2,4,59.76
5.8,50.1,No,6.5,8,43.7
6.3,85.5,No,6.0,6,62.82
2.4,53.2,No,6.8,5,29.55
8.3,44.8,No,5.5,5,40.0
4.4,91.6,No,6.4,4,60.63
4.1,90.7,No,5.7,3,52.74
5.2,63.8,No,5.0,3,34.22
1.4,81.4,No,7.2,3,41.19
2.3,72.9,Yes,7.4,7,45.2
6.9,90.3,Yes,8.1,8,67.48
1.7,58.6,No,8.4,8,39.33
5.8,70.9,Yes,7.5,2,44.37
3.0,68.6,No,7.4,3,35.63
4.1,60.9,No,4.3,2,30.9
3.3,92.6,No,4.5,6,57.17
3.8,49.8,Yes,8.1,3,25.51
6.8,48.8,No,5.2,6,41.01
3.4,74.0,No,5.8,4,39.64
5.5,78.8,No,4.7,6,49.7
4.8,51.5,No,5.0,3,39.38
6.3,63.1,No,7.9,5,50.69
8.5,95.8,No,5.3,8,72.75
6.9,54.6,Yes,6.2,3,36.04
2.7,79.4,No,4.8,9,56.62
1.2,83.7,Yes,7.4,9,49.2
3.1,66.4,Yes,7.6,7,43.76
5.8,95.3,Yes,5.8,8,70.46
1.4,83.5,No,7.9,9,41.12
5.0,67.0,Yes,5.2,1,39.46
5.8,73.6,Yes,7.5,7,53.4
3.7,80.9,No,7.6,3,48.69
7.2,74.9,No,8.8,6,51.0
1.9,91.8,Yes,5.2,9,56.81
1.6,61.1,No,4.5,8,33.96
6.8,57.7,No,5.3,2,47.08
5.0,52.6,Yes,4.6,4,39.53
6.5,42.2,No,4.8,5,31.47
4.5,42.5,No,5.7,6,28.0
3.0,91.3,No,6.1,7,59.31
7.6,80.0,No,8.5,4,59.64
7.4,79.0,No,5.0,4,50.58
6.6,76.3,Yes,8.9,5,64.57
3.2,90.1,No,8.1,9,53.47
5.7,68.3,Yes,8.4,9,62.28
3.9,91.4,No,8.6,1,55.5
1.7,61.2,Yes,7.8,5,32.12
8.3,94.7,No,7.9,5,60.36
2.1,81.2,Yes,6.2,7,51.65
8.6,55.2,No,6.6,8,42.43
4.6,73.3,No,8.7,3,47.68
2.5,71.4,No,5.9,1,44.96
5.3,48.1,No,4.2,2,25.95
8.0,74.9,No,7.8,6,60.77
6.9,58.6,Yes,6.9,6,43.09
7.5,43.1,Yes,8.1,5,42.75
6.3,96.0,No,4.4,5,64.27
6.5,77.8,No,7.1,9,58.02
7.8,91.7,Yes,5.2,7,73.55
3.0,79.9,Yes,8.5,6,52.63
4.9,61.1,Yes,4.5,7,39.63
2.8,70.2,No,8.2,3,46.91
8.9,79.9,Yes,4.4,7,57.91
8.6,96.7,No,4.1,3,69.53
1.3,55.0,Yes,5.2,8,27.95
6.6,91.6,Yes,5.7,9,61.6
8.4,94.5,Yes,7.1,3,64.93
2.4,79.6,No,4.7,7,46.11
5.5,94.9,No,6.2,8,66.1
8.3,63.5,Yes,5.0,3,54.04
1.3,96.2,No,8.3,6,59.93
6.6,81.5,Yes,4.2,7,60.23
3.4,42.5,No,5.8,4,22.67
8.4,93.5,No,7.2,6,73.91
8.8,68.6,Yes,8.6,7,56.14
8.6,67.2,No,8.3,7,49.23
4.8,73.4,No,8.5,1,48.98
7.9,48.8,Yes,4.3,2,44.15
7.8,67.7,No,8.2,1,45.79
3.6,89.0,Yes,7.9,9,67.01
7.6,40.9,No,8.5,7,39.96
1.3,56.1,Yes,5.6,7,32.96
5.8,40.1,No,8.6,3,27.27
2.8,64.5,Yes,6.0,5,42.79
2.0,83.0,Yes,7.2,2,39.56
1.6,87.1,Yes,6.1,5,47.9
6.6,95.8,Yes,6.1,8,66.31
3.7,75.9,No,6.7,3,39.7
6.8,55.0,Yes,5.8,4,45.47
1.5,94.5,No,8.0,8,56.47
3.5,85.7,Yes,7.2,2,54.44
5.3,73.9,No,7.4,1,45.29
7.3,81.0,No,5.2,3,60.34
3.6,94.5,No,8.8,2,56.04
6.0,82.0,No,7.3,2,51.87
8.1,61.7,No,5.0,4,44.9
5.9,82.1,No,7.8,6,49.03
2.9,42.4,Yes,4.9,5,29.69
1.2,62.8,No,4.3,4,34.8
8.0,64.0,No,6.6,8,64.05
1.2,49.8,Yes,6.8,5,24.7
8.0,41.4,No,4.9,2,30.72
5.2,47.9,Yes,5.7,4,26.99
8.5,78.6,No,8.7,7,66.39
7.4,87.3,No,5.4,4,64.17
9.0,98.3,No,4.8,6,79.36
3.8,60.4,No,9.0,2,32.29
7.1,75.4,No,5.5,9,60.33
4.2,95.3,No,7.4,4,56.79
4.8,49.9,No,5.2,1,35.25
6.0,82.3,Yes,6.8,3,58.2
8.0,84.5,No,5.9,7,57.45
8.9,45.2,No,8.8,9,44.53
7.1,90.8,Yes,6.2,6,58.33
4.3,88.0,Yes,6.9,4,51.45
4.4,42.0,No,8.7,2,21.79
6.9,45.4,No,8.9,9,37.69
2.9,42.9,No,4.5,8,25.17
1.9,59.7,Yes,8.2,7,36.59
3.8,70.0,Yes,5.9,2,42.54
3.3,71.4,No,7.0,2,40.38
3.4,55.8,Yes,5.9,8,38.48
2.9,93.8,Yes,6.0,9,54.55
1.3,61.7,Yes,4.8,9,36.29
1.1,42.7,Yes,6.9,8,29.85
8.9,57.7,Yes,6.7,1,46.21
4.4,71.3,Yes,4.9,5,48.31
4.1,64.1,Yes,6.7,7,45.03
6.4,56.2,No,8.9,6,46.58
2.7,47.7,Yes,7.6,1,26.99
8.6,88.3,No,6.4,6,70.24
7.3,98.8,No,8.6,4,71.15
1.7,59.4,No,6.9,3,32.73
4.3,62.5,Yes,4.7,4,41.7
8.0,76.5,No,6.7,8,56.03
8.6,82.4,Yes,4.9,6,59.41
4.7,63.1,Yes,7.8,9,45.15
5.9,93.4,No,8.8,5,69.54
2.3,73.0,No,5.8,9,43.5
8.9,66.6,No,6.2,4,54.18
2.9,78.2,No,6.1,4,36.8
8.5,96.2,No,5.4,6,71.83
6.2,86.9,Yes,8.0,7,63.25
5.9,42.4,Yes,7.1,2,20.31
5.1,59.6,No,4.3,4,39.61
2.8,67.8,No,8.2,8,35.84
2.4,58.6,Yes,4.9,9,33.94
2.8,81.3,No,8.9,5,52.23
2.5,88.7,Yes,5.9,6,53.76
7.2,83.1,No,7.1,7,59.62
3.8,98.4,No,4.4,7,58.74
1.5,56.1,No,5.7,3,25.32
8.8,91.6,Yes,8.0,2,68.8
8.1,85.2,No,6.4,8,60.47
8.4,61.4,No,8.5,9,57.98
9.0,83.3,Yes,6.9,8,63.45
2.4,46.1,Yes,8.6,8,23.11
4.2,86.6,No,8.9,2,56.5
7.1,71.4,No,6.3,4,49.47
6.6,57.2,Yes,6.8,6,45.08
2.2,78.7,No,8.2,8,50.08
7.5,77.9,No,5.1,2,51.3
2.8,52.4,Yes,8.3,8,35.18
2.8,41.8,No,7.0,1,23.23
5.3,65.6,Yes,7.6,6,53.51
5.7,73.6,Yes,4.4,8,51.13
5.6,91.7,Yes,7.8,8,63.31
1.7,94.8,No,5.6,7,56.26
8.0,71.2,No,8.0,7,57.41
3.1,84.5,Yes,6.5,9,54.27
2.0,65.9,No,5.4,2,39.76
8.1,84.0,No,8.8,1,53.26
8.6,52.1,Yes,7.8,2,38.41
7.9,61.9,No,8.9,3,41.17
7.5,77.4,No,5.8,9,64.48
6.2,41.1,No,7.2,7,35.8
5.4,82.6,No,7.1,5,49.43
1.7,89.3,Yes,7.4,5,50.8
4.3,63.5,No,4.2,6,40.16
4.0,66.4,Yes,5.5,2,31.26
3.1,90.2,No,8.5,1,51.8
6.8,85.8,No,6.1,1,51.96
5.0,57.0,Yes,8.8,3,41.87
1.6,59.1,No,5.1,1,22.83
2.8,80.1,No,9.0,9,51.61
6.5,73.2,No,7.5,5,57.28
1.6,49.6,Yes,7.9,9,34.52
7.8,58.3,No,6.0,5,47.92
5.0,93.1,No,8.5,1,57.15
4.8,80.6,Yes,6.7,7,49.26
5.7,98.2,Yes,7.4,7,66.56
7.6,85.3,No,4.5,4,59.23
3.8,95.6,Yes,7.2,3,57.37
6.4,52.8,Yes,8.4,1,32.24
5.5,85.5,No,4.9,7,59.42
3.1,41.2,No,7.7,5,19.91
8.0,79.6,No,4.1,1,61.45
7.4,67.7,Yes,8.6,1,50.41
6.3,60.5,No,8.9,3,46.83
7.8,90.9,No,5.8,3,67.58
7.9,90.4,Yes,4.5,2,72.31
6.7,41.3,No,7.3,8,36.5
7.7,76.0,No,4.1,8,56.32
6.6,61.7,No,6.4,6,44.35
6.4,64.5,No,5.4,5,51.95
5.9,89.1,Yes,6.4,6,56.89
7.0,58.3,No,4.1,1,36.45
2.3,95.6,No,4.3,2,52.31
8.0,50.6,No,4.1,7,42.1
8.0,79.1,No,7.1,1,59.91
1.2,79.7,Yes,6.8,8,41.14
7.6,54.9,Yes,5.2,3,42.64
2.0,59.2,Yes,7.2,4,32.42
3.7,89.3,No,8.4,7,52.43
6.9,84.9,Yes,5.4,7,66.11
2.3,59.4,No,8.2,2,30.86
7.5,71.5,Yes,7.3,5,54.65
7.7,43.6,No,4.2,8,35.09
5.1,52.3,Yes,5.9,9,38.61
1.1,68.7,No,6.5,5,31.35
3.3,45.1,No,7.7,2,28.4
5.9,89.8,No,5.4,4,63.2
8.8,82.4,No,8.9,5,70.83
6.1,95.7,Yes,7.4,6,68.55
3.1,80.9,Yes,5.9,6,48.53
6.1,95.5,No,4.5,1,58.19
5.3,72.7,No,4.9,6,50.65
7.2,75.4,Yes,6.4,1,54.02
1.9,97.6,No,6.5,5,54.12
7.1,77.9,No,7.8,7,57.14
5.3,41.8,Yes,7.6,8,39.05
8.7,82.7,Yes,5.0,5,62.16
3.7,93.4,No,7.0,2,60.17
6.1,86.9,Yes,4.1,3,58.59
8.5,74.4,Yes,6.0,7,58.83
1.8,79.6,Yes,7.8,4,42.0
8.5,98.4,Yes,6.0,1,69.38
6.5,45.3,No,8.2,3,36.15
1.5,79.4,Yes,8.9,2,41.62
3.4,56.7,Yes,7.0,9,42.47
6.7,77.8,No,4.7,1,49.3
1.5,75.8,Yes,5.9,9,44.92
5.7,49.1,Yes,4.0,5,30.55
3.8,52.2,No,7.0,6,35.58
6.0,76.7,No,8.1,6,52.9
1.4,47.6,No,7.1,6,30.93
8.0,55.6,Yes,7.9,9,53.01
8.8,89.3,No,8.0,9,71.28
8.8,59.3,No,8.3,7,56.26
7.0,68.8,No,5.3,3,49.92
2.0,95.5,Yes,8.4,7,61.89
7.1,53.4,Yes,7.3,5,39.67
1.2,63.0,No,5.4,9,37.01
1.2,75.8,No,8.9,8,45.4
3.6,84.6,No,8.8,6,46.83
4.9,93.2,Yes,6.9,5,67.47
7.2,94.0,Yes,8.2,2,61.06
6.5,85.8,No,5.3,3,51.99
4.6,53.5,No,6.1,3,21.94
3.2,41.5,Yes,4.9,4,26.41
9.0,62.6,Yes,6.6,3,45.0
4.4,48.4,No,6.5,7,31.16
4.6,81.9,No,5.1,6,55.85
2.3,79.0,No,7.4,8,48.29
7.4,42.6,No,4.6,2,29.89
6.5,89.4,No,4.3,2,51.95
2.8,54.7,Yes,5.9,1,28.96
1.7,65.5,No,6.0,5,38.29
6.4,79.4,No,5.6,7,59.4
6.2,65.3,No,5.3,9,56.25
3.2,66.0,No,5.7,5,36.25
8.6,43.9,Yes,4.8,1,31.8
2.2,63.7,No,6.0,3,34.78
4.5,85.1,No,8.5,8,57.88
8.5,94.0,No,5.1,3,67.2
4.4,64.4,Yes,7.4,7,41.62
6.1,65.0,No,4.7,3,32.94
4.2,81.5,No,5.8,2,44.21
3.2,95.6,Yes,5.6,6,61.13
8.9,55.8,Yes,8.7,2,48.34
4.3,66.0,No,6.1,5,45.58
8.2,87.0,No,7.5,5,65.92
2.8,76.0,Yes,7.0,5,48.93
2.7,46.5,No,4.7,6,29.42
1.2,77.0,No,8.7,3,40.31
6.2,51.0,No,5.7,5,37.55
3.9,70.1,Yes,4.2,8,34.89
7.9,71.2,No,5.5,4,50.29
4.8,91.7,Yes,5.7,5,57.3
8.7,67.3,Yes,4.5,1,50.89
2.5,56.5,Yes,7.1,1,26.52
7.9,53.6,No,5.7,8,49.49
7.2,91.6,Yes,7.1,2,60.41
7.2,50.1,Yes,4.0,7,46.1
7.8,65.1,Yes,8.9,7,50.29
7.1,51.0,No,4.9,9,40.07
6.0,85.6,No,7.3,1,52.4
2.0,68.0,No,7.6,2,33.56
1.3,60.7,Yes,4.9,1,33.54
8.4,61.3,Yes,4.6,1,45.51
5.9,90.3,Yes,4.8,4,59.4
7.4,72.7,No,5.2,8,52.56
4.9,82.4,Yes,4.8,8,55.34
1.9,92.9,Yes,7.4,9,58.12
2.0,93.2,No,6.1,2,49.11
6.5,59.4,Yes,6.7,7,46.01
4.4,96.2,Yes,4.2,4,64.28
2.6,41.5,Yes,8.3,3,24.71
4.9,62.2,Yes,4.9,4,36.71
1.5,92.9,No,5.8,4,49.67
5.7,56.2,No,4.4,3,34.85
3.2,56.1,Yes,4.7,9,39.2
7.4,57.9,Yes,7.3,8,49.41
3.5,76.1,No,7.5,2,48.49
4.6,65.9,No,7.4,3,38.52
1.1,82.9,Yes,6.8,7,46.49
1.6,92.8,No,8.8,5,47.88
4.1,79.8,Yes,6.5,1,47.96
4.8,52.1,No,6.2,1,25.49
5.8,95.0,No,5.2,8,66.3
3.3,55.6,No,4.5,6,33.07
6.6,48.8,No,6.7,4,37.22
7.9,45.3,Yes,5.6,3,41.17
7.2,73.2,No,6.6,9,57.79
1.3,46.7,No,5.0,9,20.42
4.8,48.2,No,8.2,4,30.28
1.8,57.7,Yes,9.0,8,35.4
2.9,56.6,No,5.6,4,30.44
8.9,75.7,No,8.2,8,61.48
2.1,88.2,Yes,8.4,7,60.19
5.0,84.9,Yes,9.0,6,58.72
5.9,55.5,Yes,5.7,7,44.07
6.6,54.5,No,7.8,6,34.11
5.5,97.0,No,5.1,6,66.72
1.1,40.5,No,7.1,7,31.84
3.6,91.9,Yes,7.5,4,62.26
5.1,51.8,No,7.7,5,34.25
1.7,95.9,No,5.0,9,65.13
3.8,60.2,Yes,8.2,2,37.14
1.3,66.0,Yes,6.1,9,40.12
1.6,81.7,Yes,5.1,5,44.57
4.2,74.7,No,6.7,1,42.55
2.1,58.8,Yes,8.3,7,26.84
5.5,72.7,Yes,8.8,5,54.64
6.5,83.1,Yes,7.7,3,56.96
7.4,42.5,No,4.0,3,32.27
2.6,40.7,Yes,4.7,1,21.16
2.3,67.0,Yes,4.4,7,38.26
1.8,47.8,No,4.5,2,22.72
6.1,79.2,No,5.9,8,61.32
6.7,52.6,No,5.7,4,40.3
1.3,65.5,No,4.6,4,31.87
8.5,51.7,No,8.4,5,44.09
1.4,72.4,No,7.1,9,42.79
5.3,46.8,No,8.0,7,31.9
6.7,41.4,Yes,5.9,3,33.57
8.0,43.0,No,6.1,4,39.09
6.7,96.3,Yes,5.6,9,70.85
7.4,48.4,Yes,6.2,1,35.65
3.7,81.8,No,7.1,8,51.44
7.5,44.0,No,6.5,8,41.8
1.6,46.4,No,8.2,7,21.41
8.2,70.0,No,8.5,6,52.35
5.4,67.4,No,6.3,7,40.62
7.5,96.1,No,5.2,4,66.95
4.6,95.7,No,8.7,4,64.13
6.1,86.0,No,7.7,5,64.37
5.2,75.5,Yes,7.2,4,57.12
6.9,66.8,Yes,7.7,4,47.27
1.7,61.0,No,4.4,9,35.69
1.5,95.9,Yes,4.3,6,52.66
3.0,75.6,Yes,4.8,3,50.18
2.3,74.2,Yes,4.7,3,46.2
8.0,53.7,Yes,6.1,8,48.16
2.8,42.8,No,4.8,3,19.37
8.8,95.8,No,8.3,4,57.19
3.7,58.5,No,6.9,6,31.17
2.5,66.1,No,5.8,9,32.94
7.3,46.8,No,4.3,6,32.11
6.3,89.4,No,7.0,3,67.0
5.0,41.6,No,4.6,6,23.89
5.4,89.2,No,7.7,4,54.17
6.8,48.3,Yes,8.0,5,35.87
2.8,92.3,Yes,6.7,5,66.04
9.0,83.1,No,4.7,3,61.31
8.8,49.7,No,7.9,5,47.98
6.2,73.4,No,5.5,5,51.45
2.6,58.4,No,5.1,7,26.27
6.4,50.5,Yes,6.4,9,48.79
1.6,90.7,Yes,8.6,5,53.91
1.2,63.8,No,5.5,9,35.31
3.1,63.5,Yes,8.5,5,46.71
4.7,50.0,No,4.3,4,30.29
7.9,62.6,No,4.4,6,48.42
6.8,91.4,No,7.5,8,64.92
6.9,61.4,Yes,5.0,4,50.2
4.4,96.1,No,5.6,5,63.19
3.8,95.8,No,4.7,1,55.71
4.0,48.5,No,5.7,1,22.91
8.9,50.5,No,5.4,8,44.61
1.3,90.9,No,7.7,7,47.31
7.9,63.2,Yes,7.5,5,55.89
5.6,40.3,No,8.8,9,27.64
4.5,56.2,No,7.6,1,40.19
6.8,75.3,Yes,7.5,3,59.2
4.9,87.2,Yes,7.5,6,55.14
8.0,47.9,Yes,8.4,1,37.69
8.2,46.5,No,5.5,6,37.57
4.4,94.4,No,5.5,2,58.1
3.2,84.3,Yes,7.7,5,57.86
5.7,74.8,No,5.1,2,52.63
8.3,85.4,No,8.6,1,59.47
2.7,65.3,Yes,6.7,4,43.28
6.0,84.7,Yes,5.5,2,60.8
6.1,61.9,Yes,7.9,9,48.39
6.9,54.4,No,5.6,3,39.39
2.1,83.0,Yes,8.8,9,58.33
6.7,64.8,No,8.9,4,51.67
8.3,97.9,No,7.3,7,77.85
2.4,60.6,No,4.6,7,45.23
2.9,94.4,Yes,5.3,6,59.5
8.8,95.0,No,6.6,8,74.29
2.4,54.3,No,8.3,6,37.22
7.8,87.1,Yes,4.9,9,75.47
4.9,65.6,Yes,4.5,5,41.54
3.0,94.1,No,4.4,3,52.27
8.0,66.6,No,6.5,5,47.39
4.6,83.9,Yes,8.4,4,56.19
5.1,67.6,No,4.2,3,45.97
3.9,53.4,No,5.1,1,25.78
5.7,51.8,No,7.5,8,44.34
2.3,65.1,Yes,8.1,4,35.97
4.1,84.6,No,8.0,3,49.54
8.8,75.7,Yes,7.9,4,64.7
3.1,80.6,No,4.6,1,41.2
6.3,56.7,No,6.0,6,36.21
3.6,68.4,Yes,8.9,3,45.49
7.2,42.6,No,8.9,8,37.99
2.0,88.2,Yes,7.0,5,56.16
8.8,98.4,No,7.5,9,79.49
4.6,64.0,Yes,8.8,9,40.19
2.9,40.6,No,6.2,2,25.97
1.6,50.0,Yes,4.7,5,33.95
2.4,78.5,No,7.3,7,50.67
5.2,76.1,No,8.8,7,56.98
3.7,86.5,No,7.5,3,50.53
7.6,55.0,Yes,8.0,7,45.47
4.4,85.1,No,6.1,7,56.05
3.0,80.6,Yes,4.5,4,51.0
5.9,59.0,No,4.8,7,46.39
6.7,72.2,No,8.9,8,53.16
2.3,48.7,No,6.5,3,22.88
2.3,66.7,No,4.1,2,28.14
1.3,92.0,Yes,8.8,9,58.23
6.9,64.9,No,6.5,7,47.77
6.3,89.5,Yes,8.2,1,58.87
4.8,74.8,No,6.7,9,58.7
7.8,51.3,No,4.5,5,43.37
7.4,74.3,No,7.1,2,53.91
5.7,69.9,No,9.0,7,53.63
7.9,63.5,Yes,4.2,9,59.03
2.6,47.1,No,8.2,3,19.07
1.9,64.6,Yes,5.2,4,33.0
3.2,44.3,No,6.0,9,28.13
1.5,45.8,No,5.9,2,16.17
5.2,64.5,Yes,8.5,4,43.88
8.5,58.0,Yes,6.5,5,42.95
1.3,94.6,Yes,6.2,4,55.93
2.0,62.2,No,8.1,7,34.01
4.6,84.7,Yes,4.2,6,56.17
8.5,71.3,No,4.4,9,58.13
3.5,81.5,No,4.1,4,49.82
5.1,55.3,Yes,7.4,9,32.69
1.3,95.6,No,6.6,1,50.93
2.2,71.3,No,8.4,6,40.28
8.9,89.0,Yes,6.5,7,71.99
8.7,61.5,No,5.1,9,48.25
1.0,45.9,Yes,8.0,1,22.31
8.6,79.7,Yes,5.5,1,64.07
6.1,40.5,No,8.7,2,30.39
7.9,68.0,No,5.3,6,49.72
4.6,51.4,No,4.8,3,29.06
5.1,77.0,No,6.5,6,53.71
4.9,97.8,No,4.3,2,61.53
6.3,67.4,Yes,4.2,6,50.68
2.1,88.2,Yes,6.5,7,52.77
1.2,70.0,Yes,5.1,6,39.22
3.5,69.3,No,4.0,2,38.17
6.6,94.9,No,5.5,5,63.2
2.6,92.5,Yes,6.4,6,58.93
6.4,86.4,Yes,6.0,8,64.32
8.8,57.5,No,4.7,9,55.62
1.8,72.2,Yes,6.9,5,45.4
6.4,53.2,No,7.6,7,42.61
4.6,66.2,No,7.4,4,44.62
7.9,68.6,No,6.0,5,48.56
2.4,89.1,Yes,4.7,1,48.35
6.5,92.9,No,6.5,3,63.44
7.7,64.5,Yes,8.5,2,43.09
8.6,41.0,No,6.3,6,40.07
6.5,90.8,Yes,5.0,9,62.53
5.0,50.3,No,4.5,3,28.4
5.9,76.7,No,8.7,2,48.84
8.0,41.5,Yes,7.7,2,35.83
5.6,63.6,No,5.6,6,38.77
1.2,98.2,No,5.5,6,57.43
8.4,45.9,Yes,8.5,5,43.28
6.5,65.0,Yes,4.9,9,58.64
6.4,58.1,No,6.7,7,45.37
2.7,93.4,No,7.6,7,58.76
6.3,91.3,No,6.0,1,55.23
4.2,54.0,No,4.2,2,26.34
6.2,44.8,No,5.1,3,34.33
1.9,77.0,No,8.5,5,38.86
6.3,59.8,No,6.6,4,44.98
9.0,79.7,Yes,8.1,8,73.24
1.4,41.9,No,6.8,4,23.3
8.8,47.9,Yes,8.7,6,47.83
4.3,80.5,Yes,8.5,9,57.13
8.0,52.5,No,6.4,2,39.06
7.3,90.6,No,5.6,8,65.68
5.5,43.5,Yes,7.0,5,30.96
6.9,52.7,Yes,7.4,6,37.89
8.0,98.9,No,6.5,3,69.56
4.2,65.6,No,8.1,8,48.99
3.6,81.5,No,4.9,2,41.34
6.3,50.8,No,5.7,1,39.98
7.5,76.0,Yes,7.4,1,59.39
7.1,82.8,Yes,5.2,8,64.03
7.4,58.6,Yes,6.2,2,45.79
4.5,88.9,Yes,8.8,5,57.84
7.5,75.6,No,7.1,2,53.84
2.0,63.0,Yes,8.7,4,34.02
5.4,72.9,Yes,7.6,9,54.0
1.0,74.0,No,7.6,2,37.24
3.6,49.8,No,7.0,4,37.36
3.9,63.8,No,4.7,5,41.23
4.2,60.3,No,6.6,5,37.38
6.6,63.7,Yes,5.3,5,46.81
4.1,84.9,No,9.0,2,48.56
4.6,68.5,Yes,5.3,8,45.4
2.9,95.5,No,5.2,5,59.24
4.0,57.3,No,7.1,6,35.03
2.8,64.5,No,6.6,8,37.31
1.6,86.4,No,4.1,8,46.49
5.8,72.2,No,4.6,7,47.44
6.3,72.3,No,8.1,8,58.36
6.0,43.1,Yes,6.4,7,36.02
4.7,63.5,No,4.7,6,40.44
4.0,56.0,Yes,6.3,5,36.83
7.9,99.0,No,5.3,5,71.12
5.2,58.2,Yes,5.1,8,39.76
4.8,92.2,Yes,8.8,1,52.65
1.2,79.9,No,5.8,2,45.23
3.7,60.1,Yes,4.2,1,38.34
4.0,72.1,No,8.9,7,49.0
4.2,89.6,Yes,8.0,9,64.8
5.6,92.1,No,5.3,7,69.74
5.3,49.5,No,6.0,9,35.33
5.9,60.0,No,8.3,4,37.72
7.1,59.8,Yes,5.8,7,50.73
7.5,42.5,Yes,6.8,7,33.22
6.7,75.3,No,6.7,2,51.46
8.6,90.4,Yes,6.0,2,65.18
1.1,62.5,Yes,7.2,8,38.85
2.6,83.7,No,6.4,2,43.83
1.1,77.0,No,4.1,1,41.11
6.2,62.2,Yes,8.1,1,40.29
8.2,48.3,Yes,4.6,1,41.4
2.9,81.9,Yes,6.3,6,47.64
8.4,90.4,No,6.9,5,69.25
1.5,80.5,Yes,7.5,7,43.04
8.5,41.1,No,6.1,3,35.55
3.8,52.8,Yes,7.7,5,40.05
1.8,44.1,Yes,4.7,2,21.41
4.9,73.7,No,7.3,9,56.25
3.1,84.6,Yes,8.1,9,55.26
3.3,46.5,No,8.4,4,25.67
3.5,89.5,No,6.9,2,52.37
7.4,72.8,Yes,5.6,8,59.82
5.3,80.7,No,4.8,4,44.21
3.5,97.3,Yes,5.7,5,61.99
5.9,44.9,Yes,6.7,4,30.29
6.7,93.2,Yes,5.0,2,58.07
3.2,47.4,No,8.8,6,31.88
4.3,63.2,Yes,8.5,1,44.73
2.0,90.2,No,4.2,8,53.01
2.4,93.5,No,6.8,1,45.31
6.4,69.9,Yes,7.9,5,49.04
2.5,75.1,No,5.2,9,43.78
5.2,81.8,No,6.6,1,51.3
6.7,89.1,No,6.0,7,62.89
1.9,47.2,No,5.0,7,27.51
5.5,87.8,No,7.1,5,62.35
3.1,68.4,Yes,9.0,4,43.33
8.7,66.6,No,5.8,9,59.83
4.9,65.0,No,6.8,5,41.8
7.4,70.0,No,5.6,1,61.89
5.4,95.8,No,8.4,9,68.73
1.3,72.3,No,8.3,5,41.84
6.1,96.2,No,4.9,9,74.09
8.6,50.6,No,8.5,8,47.06
5.8,82.7,Yes,4.8,7,55.59
7.6,87.9,No,4.5,6,68.45
8.1,80.1,Yes,7.3,9,70.29
2.8,75.8,No,5.9,4,43.73
2.7,73.3,Yes,6.7,5,50.94
5.9,90.8,Yes,7.3,1,59.07
4.3,88.5,Yes,4.3,7,61.34
7.7,47.2,No,5.5,6,45.67
8.2,90.1,Yes,6.3,7,69.56
3.8,64.4,No,5.3,1,37.99
2.9,55.0,Yes,4.2,7,38.12
7.2,91.3,No,4.4,7,63.81
3.2,65.5,Yes,8.0,8,40.14
7.6,87.7,Yes,8.6,2,68.42
4.4,55.5,No,4.8,1,33.23
6.3,40.2,No,5.2,1,25.87
1.8,69.2,Yes,7.3,8,42.13
6.0,45.9,No,8.8,7,38.67
4.6,84.5,No,5.5,9,50.36
5.7,56.3,Yes,8.3,2,42.28
2.3,66.2,Yes,6.5,4,39.51
6.9,45.1,No,8.8,8,45.85
7.9,56.9,Yes,4.7,6,46.2
2.7,86.1,No,8.9,2,54.16
1.8,48.9,No,6.2,2,22.68
1.2,78.2,No,8.8,7,44.54
6.1,94.1,No,6.3,9,67.66
5.9,80.1,No,6.7,8,65.14
5.4,87.9,Yes,8.0,2,52.5
2.9,46.4,No,7.6,3,27.42
4.1,54.8,No,7.1,8,37.6
5.8,92.8,Yes,6.1,4,62.08
5.0,82.2,No,8.0,6,57.07
8.9,77.7,Yes,8.7,2,64.92
2.1,79.2,Yes,4.0,1,43.77
6.6,64.4,No,6.9,6,52.58
4.2,42.6,No,8.3,8,29.89
4.4,86.3,No,7.3,5,54.55
6.7,80.0,Yes,8.0,1,51.38
6.5,67.9,No,8.5,2,55.01
8.9,93.1,Yes,7.8,3,69.43
2.0,59.8,No,7.6,2,29.41
1.8,57.4,No,8.8,9,37.16
6.8,91.5,No,8.3,2,66.24
5.6,87.0,No,8.1,3,54.14
3.2,70.4,No,4.4,9,48.93
1.6,47.7,No,5.2,3,20.98
1.7,52.7,No,6.8,8,35.66
8.2,78.7,No,7.5,8,59.87
2.5,62.7,No,5.5,3,36.52
3.6,89.4,No,4.5,3,51.94
2.8,96.0,No,5.6,8,53.78
3.8,87.5,Yes,7.9,3,48.5
1.6,62.3,Yes,8.4,4,31.34
5.2,86.5,No,8.6,5,61.2
1.5,60.7,No,5.9,7,25.48
7.4,49.9,No,5.9,1,37.9
2.9,42.0,Yes,6.0,8,28.66
5.3,62.8,Yes,5.9,3,35.48
8.0,93.3,No,7.3,7,66.43
6.2,54.1,No,5.8,3,34.5
5.3,52.2,Yes,4.1,9,40.02
3.6,97.2,No,6.2,5,64.66
3.7,41.5,No,5.1,3,27.79
6.4,86.4,Yes,4.1,3,56.82
9.0,59.0,Yes,6.4,4,46.68
6.3,42.2,Yes,5.0,5,27.34
5.5,94.2,Yes,6.3,5,61.64
6.8,48.2,No,5.4,8,36.02
4.7,72.6,Yes,7.0,6,49.3
1.5,56.2,Yes,9.0,5,31.49
5.5,43.8,No,6.7,2,27.45
8.7,42.9,No,7.2,5,37.49
2.4,46.8,No,8.6,7,25.36
6.5,44.2,Yes,5.9,3,32.02
2.6,84.9,No,4.8,7,55.72
5.3,68.6,No,5.4,1,44.44
1.8,60.2,No,6.0,6,34.9
4.6,64.7,No,7.2,1,43.06
7.0,94.8,No,4.0,7,70.41
3.8,93.7,No,8.3,6,64.5
6.3,82.2,No,4.4,1,55.04
7.4,92.2,Yes,8.5,9,71.65
8.4,58.9,Yes,8.7,5,47.99
2.9,62.5,Yes,9.0,7,37.07
4.2,76.2,Yes,8.0,1,50.26
2.2,76.8,Yes,4.7,8,45.96
8.9,68.4,No,7.5,8,52.37
8.4,63.6,Yes,5.0,9,46.56
5.3,98.2,No,8.5,2,70.79
7.7,88.4,No,5.6,6,60.5
5.2,65.7,Yes,5.6,5,42.33
6.0,82.9,No,8.6,6,62.87
1.7,55.9,Yes,4.1,5,25.12
7.0,45.9,No,5.0,1,35.06
2.0,60.8,No,6.1,2,37.86
7.6,63.8,Yes,7.5,3,57.64
7.3,41.0,No,7.2,7,34.43
6.7,88.1,No,7.3,9,64.61
1.3,61.2,Yes,8.4,2,29.81
3.4,74.2,No,4.6,1,40.68
3.1,44.4,No,6.6,1,28.02
3.9,50.3,Yes,7.6,4,27.05
1.7,92.5,No,7.2,9,57.41
8.5,75.9,Yes,6.2,4,58.2
5.4,96.1,No,4.1,3,65.72
3.4,98.9,Yes,4.3,8,67.85
4.2,61.9,No,4.6,9,40.01
4.6,57.6,No,5.7,5,36.87
5.8,90.6,Yes,4.6,2,62.4
5.1,98.9,Yes,6.1,4,68.25
8.4,77.1,Yes,4.9,8,52.14
5.0,86.9,No,7.9,2,57.9
8.9,86.1,Yes,8.4,9,77.65
7.8,61.0,No,5.9,5,48.51
2.7,73.9,No,6.6,7,48.02
8.4,89.2,No,8.8,5,72.22
1.9,80.6,Yes,6.7,3,45.64
7.5,41.2,Yes,9.0,2,38.55
4.0,59.9,No,4.7,3,35.37
8.0,48.5,No,8.3,2,38.89
7.9,53.7,No,6.5,2,38.66
7.4,93.4,No,4.1,2,63.61
7.3,42.2,Yes,8.9,2,42.8
3.4,53.0,No,8.8,8,31.69
1.6,58.3,Yes,5.9,5,34.41
4.2,76.4,No,8.8,9,53.39
2.4,71.5,No,4.7,5,45.66
6.6,52.9,Yes,7.4,1,45.04
3.8,49.7,No,5.0,8,28.92
8.8,54.0,No,5.2,3,41.59
6.1,69.6,No,7.9,2,44.79
7.6,56.0,Yes,5.9,6,44.27
2.1,95.9,Yes,4.0,4,52.42
7.9,67.4,Yes,6.1,4,53.68
8.4,43.5,Yes,5.1,9,39.39
4.9,83.0,No,7.4,8,53.58
5.9,59.4,No,5.0,3,36.49
7.1,78.6,Yes,8.2,9,63.88
2.4,56.5,No,5.3,1,27.57
5.0,73.7,No,6.0,7,48.78
4.2,85.6,Yes,5.5,7,52.74
2.2,94.8,Yes,7.2,2,46.85
3.9,55.4,Yes,4.5,7,43.52
1.5,59.8,No,6.4,7,31.72
1.2,67.4,No,5.7,9,48.76
2.1,94.7,No,8.4,6,58.28
8.7,93.2,Yes,4.4,9,80.44
5.4,45.3,No,8.1,3,35.31
8.7,47.8,Yes,4.8,8,45.96
4.5,69.2,No,4.4,4,40.28
3.5,46.3,No,5.0,1,20.41
5.0,60.4,Yes,4.5,7,47.24
4.5,48.8,No,6.6,3,31.65
1.8,77.5,No,8.9,4,45.37
6.1,96.0,No,4.2,3,65.26
2.7,98.8,Yes,6.3,6,61.35
6.0,62.1,No,5.9,1,38.46
6.2,75.3,No,5.7,7,57.64
2.2,90.5,No,5.7,8,52.72
1.5,46.9,Yes,8.5,3,24.54
7.2,80.7,No,4.1,9,63.23
4.7,64.1,Yes,7.9,2,41.18
1.5,52.2,No,5.3,9,22.0
9.0,63.8,Yes,5.9,5,57.68
1.5,44.5,Yes,6.1,6,29.1
6.6,81.0,No,5.5,2,46.5
8.9,54.9,No,4.5,5,41.73
2.9,58.4,No,4.6,6,42.03
2.1,47.1,No,5.5,5,25.76
2.0,91.0,Yes,8.1,4,52.49
3.4,69.1,Yes,4.7,8,43.1
1.8,73.8,No,7.7,2,34.34
6.5,73.6,Yes,5.4,1,49.2
1.5,64.2,No,8.4,2,36.14
5.1,51.4,No,6.1,4,34.1
9.0,84.0,No,4.9,1,63.0
7.5,47.5,No,8.9,9,50.11
5.9,46.1,Yes,4.9,1,29.41
3.5,81.9,No,6.8,5,50.71
6.0,52.3,No,6.8,8,44.53
5.2,58.1,No,5.9,9,38.71
4.4,68.0,No,8.8,9,48.26
2.0,66.5,No,8.2,8,47.2
8.1,81.8,No,8.1,6,61.01
4.6,76.8,Yes,8.9,6,56.69
2.6,78.0,No,6.3,9,47.35
3.9,82.1,Yes,4.5,2,56.23
4.3,57.3,Yes,7.8,3,30.59
7.6,59.0,Yes,5.9,6,48.38
6.9,65.8,Yes,5.0,8,45.64
7.2,58.1,Yes,6.4,7,44.63
1.1,98.1,No,8.6,8,53.61
4.3,88.0,Yes,4.9,5,55.02
4.9,49.7,No,8.2,9,32.7
1.2,40.3,Yes,6.1,6,20.53
3.1,42.5,No,4.7,2,23.53
7.1,54.4,Yes,8.2,6,38.81
2.1,46.7,Yes,8.8,4,23.99
5.3,71.5,Yes,5.5,5,58.93
2.7,90.6,No,5.5,5,53.7
1.1,83.5,No,6.0,1,33.73
2.9,52.7,Yes,8.1,5,27.08
8.8,63.6,Yes,4.1,9,56.38
7.4,70.0,Yes,5.1,8,55.86
8.7,87.8,No,7.5,8,66.43
4.9,89.5,No,6.0,3,64.55
1.9,93.7,Yes,5.7,9,67.33
5.4,70.0,Yes,8.4,9,51.47
4.6,81.0,No,8.6,7,57.69
7.8,46.6,Yes,8.7,6,45.83
1.8,73.4,No,5.4,9,47.04
4.9,54.7,Yes,8.6,6,37.23
2.2,65.5,No,7.7,3,43.02
3.6,77.4,No,4.8,6,46.87
6.9,55.2,No,7.1,2,41.45
4.8,43.1,No,4.1,2,26.13
4.0,40.6,No,7.5,7,27.44
4.2,41.3,No,7.7,8,30.75
4.7,40.5,Yes,7.9,7,26.52
7.3,46.5,No,4.9,5,29.17
8.1,54.1,No,7.1,4,43.02
8.6,53.1,No,4.9,8,43.27
7.3,98.2,Yes,8.7,9,76.55
3.5,58.1,No,7.4,7,38.93
6.5,47.5,No,4.5,1,32.42
4.5,72.2,No,4.9,4,50.67
3.0,90.6,Yes,7.3,4,54.57
7.7,80.0,Yes,6.4,3,52.94
1.3,57.5,Yes,7.7,4,29.63
8.2,73.1,No,5.4,9,63.46
4.7,82.2,No,7.3,1,42.21
6.1,83.0,No,4.9,2,53.2
6.3,79.3,No,6.7,7,58.87
8.2,91.4,No,8.8,9,81.55
6.1,91.3,No,7.1,7,68.32
5.9,74.2,No,4.2,1,47.3
1.5,65.4,No,8.9,7,39.31
5.1,77.9,No,4.8,6,43.7
2.2,88.3,No,7.6,1,43.11
6.9,40.3,Yes,6.7,1,34.02
5.1,98.5,Yes,5.5,2,62.79
6.4,50.8,No,4.9,6,39.49
1.3,67.7,No,4.9,4,34.27
1.7,91.4,No,8.3,4,50.56
6.7,53.3,Yes,8.4,6,43.85
1.6,68.1,No,6.3,9,35.33
1.6,47.8,No,4.5,1,19.31
1.1,63.3,No,8.4,2,25.72
8.7,50.5,No,6.4,8,43.4
6.9,61.5,No,6.2,8,52.78
3.8,62.0,No,6.0,6,38.28
3.4,98.6,No,5.8,6,62.1
3.8,98.7,Yes,6.6,8,64.72
7.2,46.8,Yes,7.0,2,35.43
6.3,82.8,Yes,6.3,2,52.03
2.5,43.1,Yes,8.5,1,21.13
2.4,41.8,Yes,5.6,6,25.32
1.8,46.2,Yes,6.9,6,28.57
6.3,97.0,Yes,5.5,6,67.87
7.1,95.5,Yes,7.8,2,68.9
3.1,51.4,Yes,4.5,7,26.49
1.2,49.5,Yes,4.9,3,26.99
1.7,54.2,No,8.0,1,21.15
8.7,70.4,No,4.9,1,55.81
3.4,73.6,Yes,7.1,9,51.14
7.2,53.1,No,8.9,3,33.19
6.0,84.6,No,6.6,8,62.77
4.1,58.3,No,4.9,7,41.65
2.6,94.4,Yes,5.6,2,58.63
2.0,78.7,No,8.1,2,38.95
5.9,65.7,Yes,5.8,4,46.97
7.2,86.6,Yes,7.6,2,63.88
6.2,88.3,Yes,7.9,5,64.93
5.2,57.1,Yes,6.5,7,43.73
1.3,60.0,No,7.9,2,27.42
8.7,95.2,No,5.6,9,77.39
7.4,49.7,No,6.6,1,40.71
3.3,42.5,Yes,7.4,2,24.3
8.8,66.8,Yes,4.8,7,53.07
5.8,87.3,Yes,5.4,5,56.64
5.7,85.5,Yes,7.3,1,61.13
7.0,94.3,No,7.3,4,68.93
7.5,71.5,No,6.5,8,55.52
6.3,45.9,No,8.0,5,34.57
2.0,74.7,No,6.4,2,31.99
3.7,85.9,No,8.4,9,56.05
8.4,45.5,Yes,7.7,1,33.97
2.8,50.2,No,5.6,1,25.77
4.0,40.7,No,6.0,5,30.51
4.5,75.0,No,7.3,9,47.37
4.5,92.3,No,8.5,6,60.82
5.9,79.6,Yes,4.9,5,58.95
8.5,97.9,No,6.6,6,73.44
2.9,43.7,No,4.6,6,23.09
2.0,93.3,No,5.4,9,55.3
2.6,88.0,No,7.4,9,58.27
8.1,58.5,Yes,4.4,5,48.67
6.2,97.4,No,7.3,4,64.99
3.3,57.0,Yes,8.5,1,37.74
7.5,92.5,Yes,8.8,6,71.2
7.9,92.0,No,5.1,7,62.73
7.8,84.7,Yes,7.7,7,67.97
8.4,73.2,No,8.6,1,57.88
3.0,47.1,No,4.5,6,22.43
7.0,71.4,Yes,6.1,8,46.69
4.7,61.1,No,8.6,3,35.01
7.7,86.7,No,5.0,1,58.78
6.8,84.7,Yes,8.7,7,67.51
7.2,93.7,No,6.6,4,61.56
6.2,40.9,No,4.5,5,33.17
2.4,87.7,No,6.2,2,36.22
5.4,95.4,No,5.6,7,64.2
8.9,86.6,No,5.4,1,60.47
8.5,47.7,No,6.7,4,49.13
1.3,44.8,No,6.4,8,16.64
2.3,41.2,Yes,6.4,7,25.14
2.1,77.1,No,4.4,7,36.18
6.8,77.2,Yes,8.0,7,56.42
7.5,98.2,No,6.4,5,62.55
2.7,63.5,No,8.1,3,44.71
5.0,59.6,No,8.1,7,40.79
7.7,76.8,Yes,5.6,8,59.71
6.9,88.7,No,4.0,7,62.42
5.3,95.3,Yes,8.6,6,60.7
5.7,87.4,No,7.8,9,66.28
5.1,65.2,No,4.5,6,45.95
3.4,77.5,No,7.5,5,50.6
5.5,90.5,Yes,4.1,6,56.18
6.5,68.9,No,4.1,4,52.04
8.0,52.8,No,6.6,6,48.17
6.1,50.0,No,4.5,4,34.3
7.1,40.0,No,8.8,5,37.84
2.3,82.4,Yes,8.5,6,50.91
4.7,46.6,No,7.2,1,21.99
1.1,54.4,No,4.3,6,26.11
3.0,57.6,No,5.6,6,32.1
6.8,73.1,No,5.9,1,49.35
8.9,63.5,Yes,6.4,7,59.17
1.8,79.8,No,4.8,5,36.74
4.2,43.3,Yes,6.9,8,30.38
7.4,47.3,No,6.2,5,35.07
2.6,69.5,No,8.7,5,37.63
5.4,59.9,No,8.7,2,36.31
6.9,57.5,No,6.8,4,42.84
5.9,44.0,Yes,7.2,4,35.87
2.5,92.8,Yes,4.7,8,58.14
3.8,80.8,Yes,5.1,3,49.79
7.3,47.2,Yes,8.5,1,39.67
5.4,43.8,No,7.5,7,43.01
1.0,97.5,Yes,4.9,9,57.34
7.1,80.2,No,6.9,6,62.46
1.3,64.6,No,8.7,2,35.91
7.0,81.4,No,5.7,2,62.26
2.6,84.6,No,4.9,1,47.34
8.7,86.0,Yes,8.7,6,64.68
3.9,68.2,Yes,6.3,8,47.42
3.6,65.4,Yes,6.1,1,39.0
2.2,40.7,No,5.3,1,21.06
3.4,94.7,No,8.5,1,51.1
8.0,75.6,Yes,8.2,5,64.25
9.0,52.0,No,6.0,7,46.65
3.9,94.3,Yes,4.2,4,61.14
4.6,94.0,No,6.2,1,57.39
6.8,98.4,No,4.9,1,64.21
8.1,91.6,No,4.7,3,65.39
5.7,98.9,No,6.0,5,67.76
4.1,54.4,No,4.5,5,41.63
4.3,89.7,No,8.8,9,52.21
6.6,88.6,Yes,4.2,9,67.1
1.0,53.6,No,6.0,9,29.52
6.0,45.8,No,4.8,8,34.99
3.8,97.8,Yes,7.4,9,55.51
7.4,57.5,No,4.4,8,48.34
1.7,91.4,Yes,6.7,8,54.28
5.7,40.2,Yes,7.9,8,31.12
4.8,41.2,No,8.8,8,31.93
6.1,67.5,No,7.5,5,46.66
1.5,54.1,Yes,4.5,3,19.98
5.6,80.7,No,4.4,4,52.85
5.5,73.4,No,7.7,9,55.33
5.5,44.6,Yes,5.1,7,32.39
5.8,49.6,No,6.2,9,40.07
6.4,62.9,No,8.9,7,48.35
7.4,51.0,Yes,8.1,8,49.49
3.2,86.7,No,8.2,3,50.22
7.6,64.5,Yes,8.3,8,57.16
5.0,45.5,No,7.1,4,29.56
1.6,68.6,No,7.7,6,45.94
1.5,45.4,Yes,5.8,1,18.76
3.7,47.6,No,9.0,2,25.21
7.3,54.1,No,5.4,7,43.04
6.7,90.7,Yes,7.0,6,62.25
7.3,94.6,No,5.4,5,61.17
5.1,88.7,Yes,4.6,7,62.93
4.5,59.7,No,6.8,2,24.21
2.2,56.1,No,5.8,4,26.73
3.6,72.4,No,6.9,5,38.9
4.5,82.6,No,6.8,8,55.42
1.7,98.6,No,6.7,6,47.17
2.8,47.8,No,4.6,6,29.41
5.8,42.9,No,6.2,5,34.31
6.9,81.0,No,8.1,5,51.49
9.0,89.1,No,5.6,1,64.72
8.5,89.9,Yes,6.2,4,69.37
6.1,80.0,No,6.5,9,61.92
4.4,96.3,No,8.3,2,52.75
6.1,70.1,No,7.3,6,43.59
7.3,93.9,No,4.5,2,68.97
1.9,97.1,Yes,8.3,9,56.87
4.3,90.0,No,8.2,5,54.84
7.7,58.3,Yes,7.8,9,53.6
4.1,51.6,No,6.3,5,27.98
5.6,72.3,No,7.8,9,51.59
5.7,66.7,No,6.4,2,47.02
2.5,91.8,No,7.7,7,49.25
3.9,45.9,No,8.4,8,30.05
3.7,55.2,No,8.5,3,28.59
1.2,84.4,No,6.3,1,38.85
1.2,45.6,Yes,8.3,2,26.51
7.7,58.9,No,4.5,5,50.91
3.2,62.8,No,4.5,9,40.7
5.1,76.7,No,6.7,5,52.73
3.4,49.3,No,7.3,1,28.8
8.5,90.8,No,4.8,1,60.8
3.1,66.4,Yes,6.4,2,39.13
4.4,94.1,Yes,4.5,1,51.46
8.0,67.6,No,7.0,8,50.89
7.7,56.2,Yes,8.3,2,44.14
2.5,48.4,Yes,7.7,8,26.97
7.4,40.2,No,5.9,5,28.95
4.7,71.4,No,9.0,1,41.04
4.9,46.3,No,7.3,4,35.66
2.1,63.1,Yes,8.1,2,40.6
1.6,74.8,No,7.3,6,41.58
6.8,56.3,No,8.9,5,45.73
5.0,50.3,Yes,8.1,9,37.32
4.5,85.7,No,6.6,3,44.44
6.8,95.9,No,5.8,5,62.37
7.1,45.9,No,7.4,7,37.7
2.3,49.2,Yes,7.0,9,32.23
5.9,96.6,No,7.1,3,62.54
2.1,42.2,Yes,5.7,4,21.4
7.0,97.7,Yes,6.1,1,63.59
6.3,40.3,No,6.8,2,30.5
8.7,91.5,No,8.2,3,61.78
1.6,58.1,No,7.8,7,35.69
1.5,95.4,No,4.6,7,50.96
3.3,58.7,Yes,5.2,1,41.02
3.1,78.6,No,4.1,9,47.49
3.0,44.7,Yes,4.0,3,22.87
8.3,54.3,No,5.1,3,40.4
3.0,85.6,No,8.0,2,46.8
3.2,71.2,No,8.5,3,43.89
7.1,94.8,No,6.0,6,66.55
4.6,65.3,No,6.8,4,45.55
7.2,91.3,No,7.5,2,64.3
1.5,66.5,No,8.8,8,38.73
4.9,97.8,No,8.6,1,61.63
1.3,96.6,No,4.3,8,59.05
1.5,59.4,No,5.2,2,30.73
8.3,92.3,No,4.2,9,71.01
2.1,90.0,Yes,7.1,4,53.51
5.3,52.4,Yes,7.6,4,32.72
4.3,76.8,No,5.5,7,59.93
3.8,44.3,No,8.3,3,28.84
8.2,89.4,No,6.3,3,66.53
1.2,50.3,No,9.0,4,24.8
6.3,44.2,Yes,4.0,3,23.59
8.7,63.6,No,4.5,8,52.09
5.5,74.0,No,5.5,9,52.83
8.5,90.4,No,4.1,5,62.86
1.4,97.5,No,7.9,3,49.27
4.4,65.9,Yes,4.3,7,42.88
3.1,43.6,Yes,7.7,3,28.93
6.8,84.2,No,4.3,6,64.16
8.9,73.3,No,5.3,4,57.12
3.1,66.4,No,8.2,7,39.1
6.2,58.2,No,8.8,6,42.38
2.6,69.6,Yes,6.1,7,43.17
5.5,60.0,No,8.8,4,42.41
4.7,84.7,No,7.1,6,56.97
8.8,72.1,No,6.1,7,56.47
5.9,91.7,No,8.0,8,66.43
3.8,72.1,No,5.5,9,48.92
1.9,54.1,No,5.3,3,25.17
2.2,90.2,Yes,7.3,5,46.19
2.8,72.9,Yes,6.0,3,38.47
3.0,52.2,No,4.7,5,35.98
7.8,76.8,No,4.3,2,47.14
5.5,61.1,No,7.9,3,46.23
5.2,89.8,No,7.4,7,53.5
1.9,66.7,No,6.1,8,35.57
7.9,82.9,No,8.5,5,60.31
6.8,45.6,Yes,6.1,3,42.79
1.5,63.4,Yes,7.6,4,34.7
6.7,98.0,Yes,8.5,3,66.93
5.3,87.7,No,8.2,3,52.93
1.7,49.4,Yes,6.6,9,32.21
4.7,56.4,No,7.4,4,34.61
4.9,59.5,Yes,6.1,6,40.68
2.3,78.4,No,7.2,3,41.7
8.6,84.7,No,5.3,8,68.61
7.8,84.2,No,6.2,4,63.75
6.4,70.1,Yes,5.0,8,49.29
4.7,87.8,Yes,4.2,2,51.72
4.3,65.8,No,6.9,9,42.28
6.2,47.3,No,8.3,2,34.57
5.4,73.3,No,4.1,3,50.07
1.5,96.2,No,5.0,3,51.64
5.1,86.8,Yes,6.3,5,49.08
7.5,74.1,Yes,7.3,3,57.98
4.7,78.2,No,4.9,8,46.53
1.4,94.9,No,4.3,7,49.93
7.3,65.3,Yes,6.6,1,48.12
2.6,59.6,No,8.1,6,34.96
3.1,97.7,No,4.2,2,58.03
2.3,90.9,No,5.7,8,51.62
3.6,59.1,Yes,7.3,8,36.5
7.1,67.4,Yes,4.7,7,50.77
5.2,64.5,No,5.2,8,48.96
2.6,48.8,Yes,6.7,1,28.37
8.0,96.5,Yes,8.8,8,74.72
8.0,63.9,No,5.4,1,51.68
8.0,91.6,Yes,6.4,3,70.95
2.9,51.2,No,6.0,4,31.73
4.6,72.3,No,8.5,3,41.0
8.9,41.4,No,4.4,2,38.52
7.2,85.1,Yes,6.8,3,59.82
1.2,74.3,No,8.2,9,41.52
1.5,76.9,No,8.9,2,37.4
4.7,43.1,No,7.5,5,28.92
8.3,52.5,Yes,5.9,3,40.91
5.3,44.4,Yes,6.1,9,36.71
5.0,57.0,No,5.8,7,38.9
1.8,77.0,No,7.0,3,41.91
6.3,73.4,No,7.7,2,51.57
7.6,76.1,No,8.1,2,53.27
4.0,72.4,No,6.1,5,42.04
7.2,56.1,No,7.6,9,38.89
8.7,54.4,No,8.6,2,47.56
2.6,48.1,No,8.6,2,25.78
5.2,90.1,Yes,7.5,8,62.23
3.3,76.4,No,7.2,3,49.03
7.3,51.0,No,6.7,3,33.87
5.6,50.5,No,4.9,6,36.32
6.1,91.5,No,4.6,6,57.89
7.4,83.8,No,6.4,6,63.75
4.2,78.9,Yes,4.8,5,41.28
8.3,64.0,Yes,6.9,4,54.87
5.3,55.5,No,7.2,9,44.58
2.3,97.8,Yes,6.6,4,52.99
6.6,87.0,No,4.2,1,56.38
7.3,57.8,Yes,4.3,8,44.06
3.5,90.0,Yes,4.6,8,59.28
7.9,84.8,Yes,4.8,3,64.6
8.2,57.5,No,8.9,9,46.9
3.2,65.2,No,5.7,7,34.84
8.9,51.0,Yes,5.5,7,51.42
2.1,46.6,Yes,4.3,5,33.21
2.6,82.6,No,7.2,3,48.37
2.5,55.8,No,7.3,5,33.83
8.2,88.4,No,4.9,3,61.43
6.2,98.7,No,8.6,3,66.39
2.2,44.5,No,8.0,1,22.66
4.5,67.9,No,5.2,4,41.58
5.9,87.3,Yes,6.4,9,68.87
1.7,86.5,No,6.3,6,49.12
8.1,84.8,No,5.7,6,64.37
7.4,60.6,No,8.1,6,47.31
5.0,66.8,Yes,4.5,5,44.75
8.7,75.1,No,6.1,2,60.81
4.3,97.5,No,6.1,5,61.37
8.9,59.3,No,6.3,3,48.39
6.3,94.5,Yes,8.3,2,64.69
6.1,55.9,Yes,5.1,4,39.01
2.3,98.4,No,4.5,9,53.21
8.1,79.5,No,7.1,7,67.59
4.4,67.3,Yes,4.9,9,51.38
2.3,76.2,No,4.4,3,45.6
1.1,56.1,Yes,6.1,2,22.66
5.5,56.2,No,5.1,9,47.42
5.2,46.7,Yes,5.8,6,42.56
6.8,46.7,Yes,5.3,4,40.92
8.1,60.5,Yes,4.5,4,54.69
1.6,85.0,Yes,6.8,6,52.31
6.9,75.9,Yes,4.1,7,53.02
2.5,46.1,No,8.8,5,28.44
7.9,90.3,No,5.7,8,63.43
7.6,75.5,No,7.5,1,50.57
5.3,96.7,Yes,8.1,1,63.12
6.7,79.5,Yes,5.4,4,57.02
3.5,50.3,No,7.7,8,35.34
4.8,68.0,No,8.2,8,40.19
7.6,78.3,Yes,5.2,6,58.66
4.7,41.7,Yes,9.0,5,32.97
3.9,40.9,No,4.1,2,25.42
5.0,47.6,No,5.1,5,35.25
7.6,54.8,No,7.9,5,45.14
3.7,65.3,No,5.0,2,35.48
2.4,68.8,No,7.5,8,43.63
6.7,48.1,No,8.3,5,36.74
7.6,79.7,Yes,8.8,5,64.48
1.8,75.2,No,6.4,1,39.67
2.9,57.4,Yes,8.9,1,32.32
2.1,40.8,No,6.1,1,14.97
3.8,44.6,No,5.1,8,34.12
4.6,63.1,No,6.6,2,40.84
7.0,49.1,No,7.2,8,49.64
6.2,62.2,Yes,6.3,6,48.78
6.0,77.1,Yes,6.8,5,56.83
3.8,72.3,No,6.1,6,39.29
7.7,53.6,No,6.6,4,43.6
4.8,60.3,Yes,8.8,3,39.24
8.8,76.2,No,6.5,4,61.92
6.1,90.8,Yes,5.3,9,66.8
2.0,84.4,No,7.8,8,54.15
6.4,72.7,Yes,5.7,8,63.32
3.6,61.4,No,8.1,1,31.67
6.5,61.5,Yes,4.3,5,49.15
1.6,91.9,No,5.7,6,53.82
2.4,42.3,Yes,4.5,9,34.79
7.8,98.3,Yes,4.4,6,74.48
2.8,79.2,No,7.3,1,45.68
7.7,80.2,No,5.9,1,58.93
3.2,42.2,Yes,8.4,7,32.56
6.1,75.7,Yes,6.6,3,58.14
6.6,68.6,No,5.5,7,47.06
5.1,46.2,Yes,7.6,5,32.47
3.4,56.4,No,7.1,1,38.03
2.7,92.5,No,8.0,8,49.03
1.3,72.4,Yes,7.2,9,42.88
3.4,64.4,No,4.8,6,39.55
6.2,44.3,No,7.4,2,30.97
8.5,82.1,Yes,6.0,9,72.95
8.0,81.5,No,6.3,2,59.84
7.1,76.2,No,8.6,6,55.25
7.3,70.1,No,5.8,4,48.31
6.3,65.6,No,7.1,6,48.91
3.1,75.0,Yes,5.8,4,49.4
8.3,53.8,Yes,4.5,3,44.15
6.4,95.5,Yes,6.3,8,68.1
5.5,74.7,Yes,7.0,5,49.07
1.9,58.4,Yes,6.0,1,30.95
4.6,66.5,No,6.0,8,46.42
4.7,87.5,Yes,8.1,3,53.47
7.9,49.5,Yes,4.1,4,44.98
5.4,57.3,No,5.5,9,49.01
4.0,80.1,Yes,8.1,3,50.48
8.8,58.6,Yes,8.6,5,52.35
1.9,86.8,Yes,6.1,8,47.67
4.4,47.7,Yes,8.4,6,37.2
1.3,85.0,No,5.0,3,45.59
6.9,44.0,No,5.1,8,35.86
8.3,40.7,Yes,8.2,5,36.13
3.2,93.0,Yes,8.5,6,65.99
7.9,74.3,Yes,5.1,3,56.72
3.3,60.8,No,4.3,8,34.25
8.3,53.7,No,4.5,4,46.35
7.0,76.4,No,5.3,9,58.66
7.4,70.0,Yes,7.8,5,54.48
1.1,98.5,Yes,6.5,1,55.8
8.7,98.0,No,6.3,9,64.82
6.8,77.5,No,6.9,8,50.45
3.4,66.1,No,8.5,5,46.17
7.6,69.0,Yes,4.5,3,50.64
3.3,80.3,No,7.5,9,49.77
8.0,46.0,No,8.6,7,36.25
1.9,59.4,No,5.1,8,34.58
6.6,44.4,Yes,8.2,3,36.68
5.3,44.3,No,7.5,6,38.47
1.8,51.6,Yes,4.1,4,28.18
2.9,68.6,No,5.2,3,36.77
1.1,86.3,Yes,7.0,4,48.66
4.8,68.6,No,6.5,2,46.7
3.4,59.8,No,6.6,5,39.62
5.8,44.9,Yes,5.2,8,38.83
3.4,72.5,No,7.4,5,44.97
3.4,56.0,Yes,5.3,2,30.01
6.9,76.3,No,5.9,7,51.98
1.4,97.7,Yes,5.8,8,52.53
8.2,46.6,Yes,7.4,4,42.72
7.8,52.5,No,4.5,3,42.23
6.3,67.9,Yes,5.0,8,55.89
5.7,97.1,No,5.0,2,63.5
8.1,85.5,No,4.5,7,68.29
2.5,93.0,No,5.0,8,54.9
1.6,59.7,No,7.0,5,34.79
2.9,98.5,Yes,7.7,7,57.57
7.4,46.1,No,7.3,9,40.91
1.3,43.1,Yes,6.4,8,17.19
5.7,90.5,No,4.3,5,59.28
9.0,94.7,No,8.8,4,75.85
7.8,45.3,No,4.8,3,36.44
5.2,46.7,Yes,7.3,6,38.07
1.5,42.0,No,8.6,4,21.67
7.7,46.2,No,7.5,4,35.74
5.8,52.4,No,5.1,7,37.78
1.9,97.2,Yes,5.6,5,60.59
1.8,79.4,No,4.2,1,42.35
8.3,85.9,Yes,7.1,5,63.11
6.4,85.8,No,7.1,6,54.44
7.6,71.6,No,7.6,1,51.71
8.0,87.1,Yes,4.1,3,60.51
5.6,75.2,Yes,8.1,6,52.85
5.1,58.6,No,7.7,7,35.84
4.4,73.1,Yes,4.7,7,53.12
3.5,71.5,Yes,5.7,7,45.73
4.5,88.6,No,7.2,9,59.64
7.2,97.9,No,6.5,2,62.59
5.8,64.3,No,4.6,3,41.21
8.1,85.0,Yes,4.4,7,65.74
4.5,45.9,Yes,7.9,6,30.91
5.9,85.8,No,4.8,1,52.99
6.1,61.9,No,4.9,7,50.36
5.7,42.3,No,8.2,2,22.59
6.6,61.4,No,7.1,4,45.17
2.9,76.0,No,7.0,7,43.13
5.1,47.0,Yes,6.4,4,38.57
1.8,94.5,No,6.8,6,53.11
4.1,44.6,No,7.0,9,27.75
4.9,94.9,No,8.8,5,60.85
6.2,81.7,No,5.1,3,55.42
8.6,59.5,No,5.1,6,60.11
5.8,63.1,No,4.3,4,33.82
6.9,83.7,Yes,7.3,9,59.42
5.1,75.5,No,6.7,2,52.44
6.1,79.6,No,4.6,5,47.74
1.6,63.0,No,5.8,9,36.26
3.0,68.8,No,4.9,7,39.48
3.9,98.4,No,5.7,5,57.48
4.8,52.6,No,8.8,8,37.74
1.4,64.7,No,7.4,2,30.44
2.1,57.2,No,4.0,4,33.67
3.2,85.1,No,5.3,6,56.34
8.8,85.1,No,4.1,7,66.9
3.7,57.3,No,7.6,8,36.96
4.9,44.8,No,6.3,4,30.79
2.6,40.7,Yes,9.0,9,31.33
5.9,65.2,Yes,7.7,7,53.02
3.2,64.2,No,6.6,2,37.36
2.7,98.3,No,8.0,9,67.15
5.1,67.7,Yes,7.5,7,46.11
1.0,55.1,Yes,5.2,5,32.83
1.1,92.6,Yes,6.7,3,52.58
2.8,69.0,No,6.8,9,40.74
1.3,75.4,No,6.3,7,42.48
1.9,45.6,Yes,4.9,3,24.11
3.7,62.6,No,5.1,5,37.31
7.4,95.7,Yes,5.4,3,66.43
5.6,74.8,No,4.1,3,41.73
5.1,60.3,No,8.6,7,40.23
3.3,76.9,No,7.4,9,48.74
8.5,93.7,Yes,7.4,5,68.55
4.2,56.2,Yes,6.9,4,33.16
1.7,69.8,No,7.4,4,41.55
5.9,96.6,Yes,8.9,3,64.83
1.9,50.2,No,5.9,8,37.32
3.8,82.5,No,7.6,1,48.6
5.1,76.3,No,5.8,3,52.28
8.0,80.1,No,8.3,2,57.12
4.9,60.7,Yes,8.3,7,41.57
6.6,58.5,No,8.5,6,45.91
8.9,80.4,No,4.0,1,63.17
2.1,52.7,Yes,5.5,3,27.5
3.2,64.8,No,4.7,4,38.71
4.2,51.1,No,6.3,7,35.19
4.4,40.5,No,6.5,3,24.83
4.3,97.2,Yes,5.3,4,60.68
8.3,65.5,No,7.6,7,49.59
6.7,97.2,No,5.3,4,65.39
5.9,48.3,Yes,8.3,9,43.25
3.5,74.7,No,4.9,6,46.42
7.6,51.9,No,5.8,2,39.76
8.6,86.6,No,7.1,1,65.11
7.6,86.2,No,7.0,8,65.66
1.0,46.6,No,4.4,3,19.73
6.1,93.8,Yes,8.2,7,69.85
1.4,51.5,No,7.0,4,25.96
3.1,76.2,No,8.3,3,43.14
1.5,98.2,Yes,8.3,9,61.49
5.8,92.1,No,6.7,6,62.16
6.5,96.4,No,8.6,6,66.19
1.9,60.2,No,8.2,6,34.64
4.1,46.2,No,8.8,3,29.5
4.6,51.1,No,8.3,6,30.98
4.0,69.5,Yes,8.1,4,45.87
2.0,86.8,No,6.3,2,53.53
4.4,48.9,No,5.1,3,25.7
7.0,78.9,Yes,8.6,4,55.99
1.6,59.1,Yes,7.6,1,40.84
1.6,60.1,No,5.4,7,29.66
3.8,79.1,No,5.7,5,53.45
8.5,67.6,Yes,7.4,9,57.62
6.3,87.9,Yes,6.4,6,62.71
6.4,49.2,Yes,4.4,8,39.73
3.9,86.6,No,4.7,9,57.49
5.7,43.8,Yes,7.7,6,28.72
1.1,51.4,No,5.6,7,27.17
6.1,78.7,Yes,6.5,6,54.75
8.3,90.4,No,7.8,6,60.51
5.9,54.9,No,7.8,2,41.88
8.0,59.3,No,4.8,5,38.06
6.8,71.7,No,4.5,6,60.18
2.0,52.5,Yes,7.0,5,32.15
8.2,87.9,No,7.7,4,59.1
1.5,85.6,Yes,4.7,6,53.77
5.3,48.6,No,5.9,6,31.47
2.1,67.4,Yes,8.4,8,39.18
1.1,85.7,No,8.7,8,41.85
4.4,59.9,No,6.3,1,31.73
3.4,77.4,No,4.4,2,40.19
4.9,43.0,No,5.3,1,29.19
5.6,75.9,No,5.2,7,56.93
1.3,49.0,No,5.2,8,21.29
2.0,89.0,No,6.5,3,49.43
5.5,61.0,Yes,6.9,3,34.56
3.7,56.6,No,4.6,7,36.87
6.8,89.6,No,8.4,8,74.28
6.2,43.0,Yes,7.1,6,28.34
7.8,63.4,No,7.0,8,47.59
6.5,61.8,No,8.9,2,46.53
4.4,56.8,No,7.1,7,42.02
6.4,93.8,No,8.6,5,60.93
3.2,84.3,No,5.4,6,56.46
3.5,43.8,Yes,5.2,7,25.81
7.3,82.2,Yes,6.6,9,70.61
4.6,71.1,No,6.5,7,49.19
7.4,93.2,No,5.1,1,67.3
7.6,58.5,No,7.5,5,47.51
7.9,73.9,No,4.1,4,56.46
8.3,69.5,Yes,7.5,8,61.28
4.4,68.9,No,6.3,7,50.14
3.6,66.9,Yes,7.4,4,41.57
5.7,52.1,Yes,6.4,3,33.28
4.0,84.6,No,8.9,6,53.71
5.8,66.6,Yes,5.7,8,47.0
6.6,96.6,No,8.9,3,63.1
6.5,55.4,Yes,4.3,5,48.35
4.0,80.3,Yes,7.4,1,50.92
2.3,95.5,No,6.3,8,59.35
4.4,79.1,No,8.1,7,56.73
2.1,91.4,Yes,7.9,8,58.74
8.1,88.8,No,8.0,2,70.86
3.8,61.2,No,4.5,7,30.18
2.2,75.4,No,8.1,4,38.29
1.2,49.2,Yes,5.1,2,19.87
6.2,71.6,No,4.1,9,46.72
6.1,53.6,No,5.1,5,38.88
3.7,83.9,Yes,6.4,7,54.94
1.6,71.2,Yes,7.7,4,47.31
4.3,64.3,No,5.1,4,43.1
3.5,55.9,Yes,4.6,3,30.94
6.4,98.9,Yes,7.2,1,67.57
5.8,44.2,Yes,8.9,2,25.51
3.9,42.6,No,7.0,9,30.9
2.7,52.8,No,7.5,1,27.69
8.9,97.3,Yes,6.8,5,70.25
4.6,97.8,No,7.9,2,59.2
6.5,78.6,No,8.9,4,52.43
2.1,91.9,Yes,6.7,7,51.52
4.9,52.6,No,6.1,5,37.92
1.2,97.4,No,8.3,1,54.72
5.0,48.4,No,8.8,3,34.64
8.7,46.0,Yes,4.6,9,43.17
4.1,46.6,No,6.9,1,24.06
1.3,73.8,No,8.0,4,37.33
1.2,86.1,No,6.7,5,45.55
4.1,61.6,No,6.0,3,33.57
2.3,97.7,Yes,7.3,3,60.34
1.2,65.6,No,5.4,1,29.48
7.0,48.9,No,5.7,6,42.11
4.7,67.5,Yes,9.0,4,39.85
3.3,80.1,Yes,7.2,8,49.34
8.2,89.1,Yes,8.4,6,72.05
1.9,67.1,No,8.0,3,39.17
8.6,75.0,No,7.3,7,55.33
3.5,55.8,No,8.2,3,34.14
8.1,78.1,Yes,5.4,9,64.33
5.8,98.2,No,7.2,8,64.9
7.6,42.9,No,7.0,3,36.38
8.9,92.3,Yes,7.1,2,62.19
3.3,73.2,Yes,4.8,3,39.3
8.7,54.9,Yes,5.4,4,48.9
4.1,96.3,No,5.4,3,57.78
4.1,68.5,No,7.0,9,46.65
3.7,59.6,No,8.9,2,34.49
5.3,50.7,Yes,8.8,8,42.31
2.2,54.4,No,5.1,7,33.23
5.4,89.1,No,5.5,1,58.23
5.3,76.3,No,4.2,6,51.06
7.1,93.9,Yes,6.0,6,66.21
7.7,53.7,No,8.2,9,44.63
4.5,47.1,No,8.6,8,30.2
3.4,40.4,Yes,5.2,7,25.32
3.1,70.0,Yes,5.3,7,41.47
2.6,98.9,No,5.1,5,63.18
1.5,81.0,No,5.8,2,36.97
3.7,58.2,No,8.0,5,40.63
3.2,91.7,Yes,7.2,1,52.07
8.7,86.1,No,7.9,6,65.65
5.5,40.9,Yes,6.9,2,30.67
3.8,88.2,No,5.3,1,44.6
5.6,57.7,No,5.1,1,33.4
2.1,48.8,No,4.0,1,17.04
4.6,53.4,Yes,7.9,4,34.73
6.0,67.6,No,8.2,5,44.27
4.9,65.1,No,7.8,5,48.72
4.2,57.0,No,4.4,1,29.98
9.0,50.2,No,7.8,6,35.88
8.0,85.0,No,4.2,3,58.84
6.0,98.4,No,4.5,4,67.26
5.6,85.9,Yes,6.2,5,64.92
6.0,57.5,No,6.4,4,39.22
2.6,54.4,Yes,8.1,4,30.06
4.2,52.8,No,7.4,1,30.81
1.3,48.1,No,4.8,2,22.3
4.8,72.5,Yes,5.1,2,41.16
5.3,75.7,No,5.4,2,46.59
2.8,81.6,No,4.6,1,43.48
8.7,80.1,No,5.4,8,63.62
8.3,57.2,No,7.6,1,43.32
6.8,59.5,No,5.2,8,42.38
5.3,80.2,No,8.2,1,51.72
8.0,60.6,Yes,6.3,3,47.53
2.0,52.5,Yes,5.6,9,32.4
7.3,62.1,No,6.1,8,45.06
2.0,56.1,No,7.5,2,30.81
7.4,45.2,Yes,6.6,4,34.05
3.2,89.0,No,4.0,8,60.88
8.0,90.3,Yes,8.6,9,66.67
8.6,53.0,No,4.3,7,48.54
2.2,43.8,Yes,8.7,1,14.91
4.7,83.6,No,4.1,8,45.93
8.8,52.5,No,7.9,1,40.33
4.9,63.2,No,6.7,9,35.93
7.9,43.8,No,6.5,8,42.97
5.7,53.3,No,4.4,4,36.14
4.0,86.8,No,5.2,4,57.96
3.3,87.5,No,7.9,4,51.38
2.6,52.2,Yes,8.5,6,33.55
7.1,59.8,No,6.6,2,41.81
4.1,47.9,No,5.8,4,25.99
5.1,44.4,No,4.3,4,27.64
4.9,98.5,No,7.4,8,61.02
5.6,78.7,No,5.4,2,51.56
7.9,72.0,No,4.3,8,54.88
8.8,85.2,No,7.3,2,62.34
4.3,89.6,Yes,6.4,9,71.96
7.6,87.6,No,4.1,9,63.82
7.1,41.0,Yes,4.6,6,36.75
5.6,51.0,Yes,7.5,5,37.87
8.6,78.6,No,4.3,7,65.76
2.6,62.2,Yes,8.3,8,41.0
1.9,98.0,No,5.6,8,56.0
7.8,79.3,No,4.4,3,65.48
4.5,96.4,No,7.8,3,56.23
7.8,51.9,Yes,6.6,5,42.94
8.1,91.0,Yes,5.5,5,71.33
1.5,59.0,No,6.0,2,24.86
8.1,98.4,Yes,4.1,5,74.41
4.6,49.3,No,7.3,1,27.86
5.1,70.5,No,5.8,7,51.93
6.0,86.8,No,7.6,7,64.63
8.4,65.5,No,7.1,1,48.64
1.2,67.6,Yes,7.3,3,31.25
4.8,98.2,No,8.0,8,63.97
6.5,65.1,Yes,7.2,9,51.81
6.8,75.6,No,6.1,3,55.73
6.5,43.2,No,5.9,6,35.74
2.1,89.7,Yes,4.6,6,54.29
3.4,78.2,Yes,7.9,6,51.29
3.9,63.8,No,7.8,5,43.48
7.4,41.0,No,5.2,6,34.25
3.2,74.9,Yes,8.3,6,48.31
2.7,40.7,No,6.9,6,23.85
8.7,40.1,No,6.4,8,37.9
1.1,76.3,No,4.1,6,43.97
9.0,51.2,No,5.9,3,46.88
6.4,51.3,Yes,7.2,7,46.63
7.6,78.5,No,4.4,6,54.72
3.4,43.2,No,6.3,9,30.42
1.1,58.5,No,9.0,4,34.04
6.9,48.8,No,7.6,1,41.39
7.7,74.2,No,6.7,6,50.18
6.9,79.0,Yes,6.7,9,61.09
2.1,82.5,No,4.2,8,47.22
7.0,55.1,No,8.8,2,47.08
7.2,45.3,Yes,8.6,3,28.56
6.3,44.6,No,7.4,8,32.63
7.1,65.1,Yes,4.5,9,58.14
7.8,95.8,No,5.0,8,68.44
5.9,52.8,No,4.9,1,29.04
1.7,55.1,No,6.6,3,33.45
4.9,46.0,No,5.0,8,27.51
1.6,75.7,No,7.5,1,42.37
4.3,80.1,No,6.7,7,45.77
4.3,77.9,No,4.1,4,41.47
1.5,90.8,Yes,7.7,7,54.29
3.8,68.7,Yes,4.9,4,38.98
1.9,47.9,No,8.1,8,29.22
7.5,57.1,No,5.8,6,52.23
8.6,79.1,No,5.7,8,61.96
1.6,76.2,No,4.1,1,43.59
8.6,71.3,No,8.9,9,61.47
5.2,80.3,Yes,7.1,9,61.48
3.4,77.6,No,6.1,6,37.89
1.6,92.0,No,4.5,9,55.77
5.0,74.6,No,7.5,6,51.99
7.4,85.9,No,5.4,6,60.48
6.7,54.7,No,8.9,4,48.8
1.4,80.0,No,8.8,3,40.44
1.6,93.2,No,7.7,3,43.93
4.2,62.8,No,8.9,2,41.48
3.4,86.0,No,4.5,4,44.3
2.9,82.8,Yes,5.4,9,52.97
3.2,43.5,Yes,5.3,7,33.79
7.4,74.3,Yes,4.4,3,55.79
8.4,47.7,No,8.9,8,43.65
4.2,97.1,Yes,4.3,9,62.86
8.2,87.9,No,8.3,1,67.52
3.6,46.5,No,7.8,1,20.87
4.8,47.2,No,5.9,9,37.99
2.8,75.1,Yes,4.1,9,56.18
6.1,60.3,Yes,4.0,7,47.4
8.8,42.1,Yes,5.0,3,37.27
5.8,72.0,No,6.5,4,47.89
3.9,62.9,No,6.3,7,38.58
6.2,46.0,No,6.9,9,35.4
2.0,87.3,No,7.9,8,52.36
8.1,94.0,No,5.9,8,73.14
5.0,84.6,Yes,4.8,1,59.01
4.6,88.5,No,8.0,6,49.77
5.7,52.8,No,5.7,6,28.19
6.0,55.6,No,5.4,5,46.02
1.6,52.3,Yes,7.8,1,25.97
6.5,85.1,No,8.7,3,58.54
2.9,95.9,Yes,8.6,4,60.03
6.7,82.3,No,4.7,7,57.88
7.6,92.0,No,6.5,5,73.66
7.4,77.7,No,4.5,2,55.54
5.4,62.9,No,8.8,3,40.4
5.2,65.1,Yes,5.1,1,39.87
2.1,44.4,No,5.0,6,23.24
7.2,41.9,Yes,8.4,8,36.29
3.2,81.0,No,8.8,4,55.04
5.0,65.9,No,7.5,2,42.05
3.3,72.6,No,4.6,4,37.09
2.1,72.9,No,6.4,4,41.31
6.0,56.4,No,8.1,5,46.9
1.4,68.1,No,6.9,3,38.82
7.0,67.8,Yes,4.7,9,50.66
3.5,62.9,No,4.9,7,34.71
1.0,88.4,No,8.3,9,56.79
5.1,66.6,No,6.6,7,39.45
1.4,75.6,No,7.5,4,41.5
3.2,92.8,No,5.9,5,52.8
6.7,91.1,No,6.7,7,69.82
1.5,92.5,Yes,8.9,6,49.91
7.7,55.9,No,5.6,9,44.12
1.0,42.1,No,7.4,3,20.63
3.0,55.4,No,4.9,8,37.21
6.9,56.4,Yes,4.6,4,48.17
3.5,93.7,No,7.9,9,62.28
1.8,78.3,Yes,8.2,1,43.51
3.9,44.8,No,7.3,5,32.73
3.2,48.0,Yes,4.8,4,22.83
7.7,49.2,No,5.2,5,36.43
3.5,77.2,Yes,8.6,6,44.66
7.3,83.4,Yes,5.4,1,47.05
8.1,90.7,No,8.1,8,72.78
4.5,95.5,Yes,5.4,3,65.27
8.3,51.9,Yes,8.7,7,49.64
4.0,58.3,Yes,8.6,7,42.06
8.7,54.2,No,4.2,9,48.52
1.7,61.2,No,7.9,7,34.95
6.5,94.0,Yes,4.8,8,74.24
5.0,73.9,No,5.1,4,53.16
4.1,83.6,Yes,6.3,4,50.26
6.1,68.9,No,6.9,8,55.09
6.6,41.7,No,5.6,4,36.97
1.0,43.8,No,6.9,4,22.41
2.3,71.7,No,4.9,3,39.77
6.7,82.4,Yes,4.1,3,58.16
6.3,52.7,Yes,6.9,4,33.96
8.7,82.6,No,6.6,2,54.33
7.1,87.8,Yes,7.4,3,65.43
8.6,64.3,Yes,7.2,2,46.69
6.6,84.0,Yes,8.5,6,56.11
3.4,63.8,No,6.3,3,28.38
1.8,80.0,No,4.0,2,38.93
7.3,85.1,Yes,7.2,9,67.24
6.2,98.5,Yes,7.4,8,72.17
1.4,60.4,No,6.6,5,34.74
3.9,64.3,Yes,7.4,9,43.36
8.7,49.8,No,5.6,5,43.18
5.0,52.0,Yes,4.7,5,39.51
4.5,80.9,No,7.3,4,52.69
4.7,94.1,No,5.2,3,55.27
2.7,63.3,Yes,6.3,9,42.06
3.9,50.6,No,6.5,4,23.09
4.0,56.8,No,6.4,7,37.14
1.4,66.8,No,7.0,5,32.98
7.1,57.1,No,4.1,7,50.47
4.3,53.8,Yes,8.9,8,35.67
7.6,83.4,Yes,7.6,8,65.4
7.8,40.5,Yes,6.1,6,35.82
2.7,71.8,Yes,5.0,5,40.08
6.3,86.8,No,4.4,2,57.62
4.8,55.7,No,7.4,8,38.04
8.0,75.6,No,5.6,5,64.1
2.7,79.5,No,5.1,8,40.05
6.4,78.6,No,5.9,6,57.93
5.9,66.3,No,7.0,8,48.28
3.4,60.4,Yes,7.4,1,34.72
2.1,89.3,No,7.2,9,55.12
6.2,84.7,No,8.3,9,65.9
6.9,59.0,Yes,5.1,3,44.64
3.5,46.1,Yes,7.2,5,33.84
6.2,44.2,No,4.5,7,34.53
4.2,45.6,No,6.7,8,27.7
6.7,74.4,Yes,6.9,7,55.91
2.6,43.0,No,5.1,3,26.36
8.1,59.9,No,6.0,7,47.57
3.3,84.4,No,8.1,1,43.63
3.9,57.4,Yes,4.7,5,39.15
1.5,85.0,Yes,6.2,9,52.2
1.9,84.0,No,8.7,2,42.1
5.1,54.5,No,6.5,3,34.6
3.1,83.0,No,7.6,9,52.18
7.7,84.1,Yes,8.1,3,61.86
1.1,63.4,No,5.0,8,36.86
4.0,52.4,Yes,5.1,6,33.25
3.7,70.8,No,7.8,7,48.21
1.2,94.4,No,7.8,5,49.48
2.0,77.7,No,4.3,7,50.62
4.3,50.2,Yes,5.6,3,38.79
4.9,80.3,Yes,6.0,5,50.0
4.2,65.2,No,8.1,6,37.86
5.2,74.9,No,6.1,9,56.62
5.8,83.3,No,8.6,4,57.07
1.1,70.4,No,9.0,8,42.13
4.7,88.0,No,7.9,8,56.54
8.7,82.6,No,7.3,6,63.54
5.2,76.3,No,6.0,8,51.06
6.4,48.9,Yes,4.3,5,38.84
3.5,89.3,No,6.9,1,45.89
7.2,95.2,Yes,5.8,4,66.74
7.2,48.1,No,5.8,6,33.89
5.2,68.8,Yes,7.4,9,48.82
8.8,55.3,No,6.3,4,45.52
2.0,84.5,No,7.8,6,50.66
1.1,82.6,No,6.0,5,46.14
7.2,48.3,No,4.8,9,44.04
7.5,91.7,Yes,6.3,6,61.58
2.0,50.7,No,8.8,3,31.27
3.1,87.0,Yes,8.0,2,48.76
1.1,67.0,Yes,5.0,3,31.65
3.3,59.4,Yes,6.0,6,38.74
7.2,49.3,Yes,8.6,8,42.57
5.1,49.9,No,4.6,8,37.49
3.8,79.1,No,5.3,5,50.19
4.0,72.5,No,5.3,1,38.29
1.0,47.2,Yes,6.9,1,20.16
3.4,46.6,Yes,6.1,7,30.39
6.2,44.3,Yes,4.4,2,35.68
8.8,83.9,Yes,7.1,4,63.01
7.8,82.0,Yes,4.5,5,58.91
1.2,43.4,Yes,7.0,8,20.67
8.2,73.1,No,6.5,9,55.48
7.3,45.0,No,6.5,1,28.15
7.2,93.3,No,4.3,9,65.22
4.7,93.5,Yes,7.2,5,67.52
4.2,81.2,No,6.2,4,52.6
3.4,94.6,No,6.1,5,61.88
1.5,87.9,Yes,7.0,9,49.23
2.8,88.9,Yes,7.0,8,48.32
3.0,73.6,Yes,4.1,5,45.0
4.9,58.1,Yes,4.6,5,46.78
7.0,52.9,No,5.2,1,35.09
4.8,59.3,Yes,7.4,9,44.62
1.5,77.1,No,6.9,3,33.78
8.7,50.2,Yes,7.8,1,42.3
8.5,55.3,No,7.7,5,46.09
7.3,67.6,Yes,8.3,3,42.61
8.9,53.7,No,5.9,6,42.58
5.4,74.7,Yes,5.7,7,48.15
8.7,94.5,Yes,8.2,4,65.08
1.6,84.1,No,5.2,4,41.87
3.9,79.3,No,6.3,2,48.56
2.8,74.4,Yes,5.0,2,39.19
2.6,68.8,No,8.6,7,46.31
2.1,51.0,No,6.0,5,25.88
6.0,92.8,No,5.1,5,62.95
7.3,54.7,No,7.5,2,42.5
5.6,45.4,No,5.2,7,40.12
2.2,84.3,Yes,8.7,2,44.71
7.5,50.4,Yes,5.8,5,43.54
6.1,61.9,Yes,7.3,5,42.03
4.1,41.7,No,5.7,3,31.84
6.4,48.1,No,8.0,2,30.49
3.1,50.2,No,8.5,3,30.16
3.8,43.2,No,7.9,5,33.74
8.3,78.7,No,8.2,6,56.41
3.3,89.4,No,4.5,4,54.32
4.8,62.0,No,8.6,7,39.19
8.1,91.6,No,7.1,2,74.02
6.7,52.6,Yes,8.3,6,35.28
1.5,59.2,No,7.4,9,28.36
2.2,48.9,No,5.0,5,21.3
1.1,76.6,No,7.0,4,35.29
6.0,64.8,No,4.5,9,50.05
4.6,76.2,No,7.5,6,57.15
2.1,84.9,No,6.0,4,51.39
8.7,72.2,No,4.8,1,53.62
5.2,77.0,Yes,8.9,9,56.61
2.9,95.2,Yes,8.5,3,54.32
5.0,57.6,No,8.5,6,41.85
6.4,61.2,No,7.9,1,40.95
1.6,82.3,No,7.5,6,46.97
3.2,76.1,No,7.3,3,40.98
7.5,50.5,No,4.5,3,33.36
4.7,62.2,Yes,8.5,7,44.61
5.4,67.6,No,8.4,9,49.57
4.5,64.7,No,7.7,6,40.51
1.4,50.5,No,8.6,1,19.88
2.3,94.5,No,6.8,9,59.68
4.6,85.0,No,6.2,5,55.71
2.7,68.4,No,8.8,2,45.37
1.4,80.1,Yes,6.3,3,48.53
7.7,92.9,Yes,7.2,5,63.74
8.8,48.0,Yes,5.9,2,40.63
7.3,54.8,Yes,7.2,3,37.54
7.8,72.0,Yes,7.6,8,51.37
2.9,87.1,Yes,7.1,6,62.56
8.7,42.1,No,6.6,2,42.15
2.6,98.1,No,5.5,2,51.55
8.6,66.8,No,7.2,1,55.29
9.0,61.2,No,8.5,7,58.7
6.7,57.3,No,4.0,6,34.83
8.8,50.3,No,4.7,6,47.37
5.6,86.7,No,4.6,5,54.79
3.1,96.4,Yes,8.6,3,59.39
4.5,64.4,No,7.3,8,56.25
5.7,96.2,No,8.8,3,69.33
1.6,88.6,No,6.9,5,48.38
6.0,68.4,Yes,6.3,8,57.09
8.8,79.8,No,8.0,3,52.88
2.5,65.7,Yes,4.8,5,40.14
7.3,73.0,Yes,5.9,6,57.9
8.3,43.4,No,6.3,1,37.87
8.5,81.1,No,5.5,2,56.78
8.7,43.1,No,5.9,7,42.04
5.2,88.2,No,4.4,9,63.23
8.8,88.7,No,5.0,4,56.15
7.1,54.0,No,5.7,5,40.05
2.3,59.1,Yes,8.0,4,30.47
4.8,68.4,Yes,4.9,3,46.59
6.7,75.2,No,5.7,2,56.39
3.0,57.0,No,4.3,3,28.3
6.1,75.0,Yes,6.8,2,46.75
6.3,57.6,Yes,7.1,8,46.56
2.3,43.3,No,8.3,1,16.24
5.5,40.1,No,8.1,5,29.22
7.2,46.0,No,5.4,1,32.16
5.0,86.7,No,4.7,5,57.72
1.1,96.7,Yes,4.8,3,52.85
1.1,65.2,No,8.8,9,38.18
3.9,70.2,No,7.4,1,47.08
8.4,48.7,Yes,4.2,1,40.29
2.8,72.5,No,4.7,8,42.18
6.1,48.5,No,6.4,3,33.1
2.8,76.1,No,5.0,7,42.14
3.6,95.1,Yes,8.0,5,55.6
7.8,51.5,No,6.9,2,34.18
6.8,85.1,No,7.1,7,66.1
1.8,41.4,No,6.3,7,19.49
4.4,62.2,Yes,5.3,3,40.64
1.2,46.5,No,6.9,6,22.38
4.8,60.8,No,7.6,5,40.51
6.3,50.2,Yes,5.9,1,40.15
1.9,62.0,Yes,6.5,1,32.7
3.3,64.6,No,8.2,2,33.25
4.2,57.7,Yes,4.7,7,36.84
8.4,78.7,No,6.7,3,61.67
8.9,94.2,Yes,5.7,9,76.82
1.4,63.6,Yes,7.5,3,37.17
7.1,51.3,No,4.1,4,37.41
4.0,56.0,Yes,7.4,8,33.77
4.1,90.4,No,4.5,4,56.61
7.0,73.7,No,4.3,7,55.16
8.3,66.8,No,7.6,5,54.14
8.6,48.8,No,7.2,6,37.97
5.6,66.5,No,8.5,8,46.19
3.9,56.4,Yes,6.6,4,32.09
7.3,95.6,No,6.7,6,69.7
3.0,92.2,Yes,7.5,2,55.67
5.5,45.0,No,5.6,9,35.02
3.9,70.5,No,4.2,9,49.71
6.3,53.3,No,5.2,6,45.42
2.9,64.2,Yes,5.2,6,40.64
2.5,91.7,Yes,5.7,7,58.43
8.3,71.1,No,8.7,4,53.06
1.8,59.7,Yes,8.0,7,32.78
5.0,52.3,No,8.7,1,37.29
2.8,87.2,No,9.0,7,49.95
1.3,76.8,Yes,6.2,1,41.94
1.3,67.6,Yes,5.1,8,45.62
2.4,52.8,No,6.8,6,32.84
7.9,59.7,No,8.4,1,44.51
3.3,96.6,Yes,6.3,1,50.6
8.6,70.7,Yes,6.5,4,56.88
5.7,63.6,Yes,4.7,7,50.32
4.5,70.8,Yes,6.1,5,45.92
5.6,86.0,No,5.9,5,61.14
5.1,60.1,No,5.8,8,44.04
7.1,50.5,No,8.4,2,39.14
3.3,74.5,No,4.3,4,41.51
3.8,79.2,Yes,8.9,4,44.53
8.2,82.1,No,4.0,8,60.93
8.6,92.0,No,8.7,6,68.21
8.1,61.9,No,6.7,9,54.69
4.4,44.4,No,7.5,9,32.7
7.2,96.5,No,4.9,4,70.54
4.8,65.7,No,7.3,7,46.06
5.0,76.8,Yes,8.4,3,48.76
2.6,79.3,No,4.7,6,42.6
5.7,72.2,No,4.6,1,42.91
2.5,52.1,No,5.5,5,29.34
3.7,84.6,No,4.8,6,50.1
7.8,87.4,No,4.6,5,58.57
2.7,72.6,No,7.4,7,47.8
1.6,68.8,No,5.1,4,36.06
1.6,46.7,No,7.3,5,24.95
8.5,45.0,No,8.3,4,36.52
5.1,60.0,No,7.3,9,39.6
4.3,58.3,Yes,4.6,2,34.98
7.5,96.3,No,6.9,1,56.91
7.7,86.2,No,6.0,4,64.66
3.7,78.9,No,5.7,6,45.78
6.5,70.5,Yes,5.6,8,52.76
7.2,49.9,No,8.6,4,41.21
6.2,97.7,Yes,7.7,1,63.72
2.2,62.1,No,4.7,9,32.2
8.0,46.3,Yes,6.4,3,45.28
5.3,69.1,No,5.6,6,40.67
3.3,91.6,Yes,8.9,8,50.6
4.4,92.4,Yes,8.9,5,63.97
1.3,40.6,No,5.6,7,14.64
2.0,92.3,Yes,5.8,9,61.45
7.1,56.0,No,7.0,1,41.53
1.0,42.3,No,6.4,8,22.97
4.3,90.0,No,5.1,2,51.19
5.2,91.0,Yes,7.3,1,54.45
1.4,75.2,No,5.7,4,37.66
8.8,73.9,Yes,7.3,6,57.0
2.8,88.0,No,5.9,8,58.4
3.4,86.4,No,7.5,1,46.25
3.4,92.5,Yes,7.3,1,56.35
2.8,72.6,No,6.5,2,43.91
1.0,97.1,Yes,7.5,9,53.97
6.8,98.8,No,6.3,4,68.58
8.7,46.9,No,4.6,7,38.82
2.8,90.1,No,4.9,3,49.73
6.3,69.5,No,5.2,1,43.51
6.9,62.9,No,4.3,1,39.8
7.8,76.2,No,7.6,9,61.03
4.4,43.3,No,5.8,4,22.61
3.4,69.9,No,4.5,3,43.39
3.6,91.4,No,8.1,5,51.75
6.7,52.6,No,7.4,1,32.01
7.5,65.2,Yes,6.3,3,48.33
2.5,95.4,Yes,5.2,4,53.69
4.0,65.3,Yes,4.8,6,43.72
8.2,61.1,No,6.3,9,52.28
7.5,66.0,Yes,8.4,3,43.99
8.9,70.6,No,4.9,4,58.71
7.0,77.3,No,6.8,5,54.59
4.1,87.2,No,8.8,8,58.6
5.7,66.7,No,7.2,9,58.2
6.3,88.2,Yes,6.2,3,65.18
1.6,71.5,No,7.6,3,38.24
5.4,60.0,No,8.1,7,37.73
6.7,78.8,No,7.0,9,53.53
2.3,82.3,No,8.4,1,49.05
7.2,72.9,Yes,6.6,1,50.19
5.7,43.3,No,8.2,2,29.37
8.6,50.0,Yes,8.8,6,41.78
1.3,56.8,No,6.5,3,29.23
3.1,56.7,Yes,7.0,8,42.09
5.8,79.7,No,7.0,5,60.28
3.4,41.1,Yes,7.9,3,23.35
6.7,84.6,No,8.1,8,64.77
7.1,55.7,Yes,4.1,8,45.25
1.8,58.3,No,7.7,2,32.71
5.1,71.1,No,7.9,5,47.62
5.1,52.7,Yes,7.5,3,32.93
4.0,92.2,Yes,7.6,7,65.6
8.5,45.0,No,4.2,2,36.86
7.6,66.2,Yes,6.2,9,53.56
6.6,90.1,No,8.1,2,61.06
6.7,76.3,No,8.7,2,49.71
4.7,57.2,Yes,5.1,6,41.1
8.4,64.8,Yes,6.9,3,50.69
6.6,81.7,No,8.0,3,52.84
6.8,97.4,Yes,7.8,2,76.25
7.9,92.7,Yes,7.1,5,64.66
3.2,60.2,Yes,4.1,5,37.65
7.5,98.9,Yes,7.6,7,73.35
2.6,40.2,Yes,7.9,8,22.47
3.8,41.6,No,7.6,8,27.48
3.7,88.6,No,7.8,3,47.54
8.8,51.8,No,6.2,6,53.66
7.9,43.6,Yes,9.0,5,38.8
6.6,54.0,Yes,7.9,4,41.03
6.8,65.1,No,6.9,6,56.46
5.5,83.1,No,8.7,4,51.98
8.6,76.8,Yes,8.5,8,69.04
5.0,54.0,No,8.1,9,42.64
4.0,69.7,No,6.8,1,32.54
2.3,94.6,No,6.6,1,49.52
7.3,88.1,Yes,5.6,4,64.78
6.9,59.1,No,5.3,6,44.67
4.1,98.0,No,6.6,8,63.14
1.2,81.8,No,6.9,1,38.22
7.7,43.7,No,5.2,3,32.13
1.1,42.1,Yes,8.6,4,19.88
6.6,49.9,No,6.8,2,43.7
8.8,82.9,No,6.6,9,62.89
4.5,50.8,No,6.2,3,29.7
2.9,70.2,No,4.3,4,39.34
6.6,45.5,No,8.4,4,29.61
7.5,94.3,Yes,5.6,1,66.7
5.4,60.3,Yes,7.2,5,37.84
8.7,93.6,No,7.0,5,65.45
1.4,95.7,Yes,6.9,2,47.31
5.0,40.4,Yes,6.6,1,20.2
6.7,67.4,No,4.9,5,53.34
7.9,41.5,No,5.4,5,37.87
2.4,93.6,Yes,6.6,7,60.69
7.4,70.6,No,7.9,2,53.96
5.4,44.4,Yes,6.2,8,34.9
4.2,46.5,Yes,5.0,5,30.72
2.1,62.6,Yes,4.4,5,39.04
7.9,95.5,Yes,7.3,9,80.27
2.3,80.9,No,6.1,2,38.19
3.5,91.2,No,4.6,2,61.94
3.3,61.6,No,7.4,5,31.96
8.0,42.5,Yes,5.0,1,32.93
6.4,97.5,No,6.5,5,66.36
7.4,41.0,Yes,5.5,5,36.42
3.0,95.9,Yes,8.7,8,69.27
6.0,61.8,No,5.1,6,47.95
5.6,40.6,No,6.1,6,32.18
7.7,80.7,Yes,8.8,5,65.71
8.2,97.9,Yes,5.6,5,73.45
1.1,97.0,No,7.2,8,52.51
6.4,49.5,No,5.6,1,35.65
1.4,50.7,No,4.6,9,28.24
5.4,73.4,No,7.1,6,46.78
3.3,77.6,No,8.6,9,55.5
3.5,83.6,Yes,6.3,2,49.2
3.8,50.7,No,7.1,3,25.74
6.0,96.6,Yes,7.0,1,59.14
3.7,77.7,Yes,6.1,5,50.86
6.9,90.0,No,7.1,2,64.77
4.2,71.9,No,5.3,1,43.55
1.5,64.4,Yes,5.9,9,40.53
7.3,97.7,No,6.2,9,68.21
3.3,74.3,No,8.3,6,46.32
4.5,91.1,Yes,5.7,8,59.72
6.5,96.2,Yes,7.2,9,69.75
3.7,79.8,Yes,5.1,5,49.14
1.5,72.4,Yes,5.3,2,34.63
4.0,40.2,No,7.2,4,28.21
8.6,42.4,No,7.8,3,33.29
6.1,51.9,No,6.3,7,34.37
6.4,51.0,Yes,5.7,8,38.54
6.1,55.0,Yes,8.6,5,45.62
2.6,58.0,Yes,4.7,2,32.6
4.3,61.2,Yes,7.6,9,37.22
7.0,64.8,Yes,7.5,1,49.08
1.8,45.8,No,7.5,5,23.81
3.2,42.5,Yes,8.7,3,24.26
3.2,79.8,No,7.6,8,49.37
4.5,71.7,No,5.5,8,42.43
8.8,66.2,No,5.8,1,50.63
1.5,77.4,Yes,6.0,4,37.32
5.1,88.8,No,4.2,8,57.84
2.4,65.2,No,8.6,9,39.46
8.8,77.8,Yes,4.4,9,67.14
1.9,96.3,No,7.5,2,52.28
4.2,89.5,No,7.7,9,62.38
6.9,65.1,No,8.2,8,46.24
6.6,78.0,Yes,6.8,9,59.39
4.4,50.4,No,7.6,9,38.59
3.8,73.1,No,5.5,3,47.85
4.2,97.9,No,7.7,5,56.73
3.1,70.6,No,5.7,3,36.46
2.6,94.7,No,8.5,6,58.67
4.9,64.0,Yes,4.8,5,49.45
3.1,98.9,No,5.6,2,57.2
3.3,74.2,No,6.5,3,38.31
6.3,42.5,Yes,7.9,7,32.02
8.7,74.6,Yes,7.7,5,60.78
5.8,56.2,No,5.1,3,39.14
1.6,41.9,No,4.7,4,18.39
1.6,88.4,Yes,5.5,6,46.26
8.6,56.3,Yes,6.4,8,55.16
3.4,87.0,No,6.7,7,52.53
1.7,57.0,No,6.1,3,30.51
5.8,51.5,Yes,7.3,2,29.29
6.0,97.5,No,6.1,3,68.11
6.2,61.3,Yes,8.7,5,43.53
3.1,75.5,Yes,5.3,7,52.74
1.1,76.0,No,7.1,8,45.1
8.7,73.1,Yes,7.1,6,54.05
3.0,94.0,No,5.4,2,53.64
6.4,79.8,Yes,6.1,2,61.05
6.7,63.8,No,5.8,5,43.86
5.9,90.9,Yes,4.9,5,68.31
3.5,50.7,Yes,6.4,1,30.57
3.2,72.1,No,5.9,1,44.72
5.8,96.1,No,4.9,9,66.9
7.9,76.9,No,6.2,7,58.56
8.6,88.2,No,6.1,8,75.55
1.8,78.6,No,4.7,5,45.5
2.2,89.5,No,4.7,3,47.63
8.6,95.7,No,7.2,3,70.82
6.9,56.1,No,7.5,3,39.05
8.1,50.0,No,8.7,1,39.88
2.6,68.6,No,4.4,3,41.64
5.7,81.4,Yes,4.6,2,52.39
6.6,53.4,No,4.3,8,38.17
6.4,40.2,Yes,6.7,6,30.34
4.3,60.2,Yes,7.1,5,40.44
1.1,97.2,No,6.0,1,46.08
5.7,81.0,No,8.0,2,46.83
3.0,63.7,No,7.4,2,30.55
4.6,51.4,No,8.9,7,41.19
8.7,61.0,Yes,4.7,7,51.66
4.2,50.0,No,4.3,6,32.24
7.7,46.3,No,5.4,8,36.74
2.5,93.5,Yes,4.1,4,51.38
6.4,98.9,Yes,8.7,9,69.98
8.8,49.7,No,5.5,8,44.35
1.8,43.2,No,6.8,3,13.94
1.1,59.5,No,5.6,3,32.33
4.5,67.2,No,5.2,9,45.74
1.7,52.1,No,4.8,9,30.52
7.0,57.8,Yes,5.6,5,48.54
8.3,51.9,No,7.1,1,43.88
4.5,85.7,Yes,8.9,3,52.73
3.1,82.0,Yes,6.8,5,52.53
4.5,77.5,No,6.7,4,50.91
6.8,62.8,No,4.2,4,45.81
1.1,93.6,No,8.2,1,52.19
5.7,97.2,No,4.2,6,67.3
5.9,50.2,Yes,8.5,4,40.93
6.1,53.2,Yes,6.7,1,42.59
2.9,71.0,Yes,4.8,6,43.3
6.7,45.4,No,6.3,5,35.75
1.7,65.8,No,9.0,5,39.64
2.6,74.3,No,5.5,2,39.18
8.0,70.8,Yes,5.3,1,53.9
6.9,59.5,No,4.6,7,43.18
1.1,72.0,No,7.0,5,28.65
3.0,96.6,No,4.4,3,56.98
2.7,52.2,No,7.8,6,24.82
3.2,78.6,No,8.6,3,43.14
3.0,42.6,Yes,8.7,6,31.03
1.5,43.9,Yes,4.5,6,26.54
4.7,72.6,Yes,6.8,9,56.33
6.9,46.2,Yes,4.5,8,31.48
5.9,41.3,Yes,6.9,1,30.65
6.4,50.1,Yes,8.1,7,40.33
1.6,73.3,Yes,6.7,9,48.45
8.6,81.5,No,8.4,2,66.28
7.7,51.9,No,8.0,9,40.61
7.4,79.4,No,5.4,6,58.27
7.6,50.8,Yes,7.2,3,44.51
8.5,76.2,Yes,4.0,8,60.03
5.4,64.3,Yes,6.0,7,53.44
2.6,78.6,No,5.2,8,45.52
5.9,98.7,No,8.7,8,67.73
6.9,95.3,Yes,6.0,7,64.77
6.9,40.3,No,7.3,1,30.73
5.2,92.2,Yes,7.7,8,52.16
1.5,43.9,No,7.9,5,21.38
4.0,96.2,Yes,7.7,2,63.91
8.4,56.6,Yes,5.4,2,39.58
5.7,62.5,No,7.4,2,34.81
5.3,45.4,No,6.7,9,39.87
3.2,46.6,No,7.0,5,32.65
3.9,82.9,No,4.0,3,43.17
8.2,95.7,Yes,5.3,6,78.18
6.3,76.0,No,8.7,9,58.84
7.3,82.2,No,5.5,9,66.16
4.6,85.0,No,6.2,9,54.07
6.0,55.5,No,4.9,4,44.54
3.0,42.7,No,4.7,5,22.87
6.6,40.1,No,5.0,1,27.24
4.4,60.7,No,6.8,6,41.9
4.5,54.2,No,8.6,2,32.37
6.2,43.7,No,5.6,7,28.46
8.5,50.6,No,5.6,4,42.55
1.5,47.3,No,6.8,4,21.84
7.6,94.0,Yes,5.8,9,68.32
3.3,48.3,Yes,8.6,1,33.0
4.6,71.7,No,5.9,6,56.14
1.2,75.0,Yes,6.5,2,34.94
3.4,72.1,No,6.7,6,45.02
5.0,45.8,No,7.9,7,32.23
1.4,58.8,No,6.8,3,38.19
4.9,43.0,No,5.2,4,30.38
8.4,63.3,No,4.6,2,51.2
1.8,51.1,No,8.7,7,34.09
7.1,73.1,Yes,8.0,9,59.09
4.3,80.9,No,4.1,5,49.12
6.2,71.4,No,8.1,5,56.76
3.1,65.6,Yes,7.0,9,46.67
2.3,62.9,No,6.6,8,34.06
2.3,89.7,No,4.1,1,44.03
1.6,52.9,No,7.9,2,23.88
2.5,83.3,Yes,5.0,7,54.94
6.3,84.7,No,7.6,3,62.95
8.1,64.7,Yes,4.1,6,60.51
7.5,57.5,No,8.0,1,39.46
6.5,67.8,No,4.1,8,50.47
1.9,45.5,No,5.2,2,19.08
3.3,42.7,No,5.3,1,21.12
3.5,46.6,Yes,4.8,2,30.38
3.0,51.0,Yes,6.4,8,33.4
5.1,69.7,Yes,5.4,5,52.58
5.3,90.1,No,9.0,9,60.99
3.9,53.9,No,6.9,3,35.11
3.8,95.2,Yes,6.8,8,60.54
7.6,96.3,Yes,5.1,4,61.27
7.3,96.6,No,6.0,7,65.16
3.5,89.4,No,4.6,8,56.05
8.3,61.5,Yes,7.8,3,57.37
8.6,44.3,Yes,5.7,3,37.45
3.6,73.6,Yes,7.8,1,42.9
3.8,73.0,Yes,5.9,8,50.57
5.0,90.1,Yes,8.9,2,55.98
8.5,98.8,Yes,4.9,7,72.69
8.0,70.0,No,4.0,7,54.51
1.8,60.4,No,7.0,7,32.41
4.1,51.0,Yes,8.8,4,27.01
5.4,40.3,No,7.2,7,28.63
5.0,70.0,No,4.4,8,50.22
2.6,72.8,No,6.7,9,47.51
7.9,88.7,Yes,8.5,7,73.74
6.4,69.8,No,4.0,6,54.34
7.7,94.1,No,4.8,5,63.03
7.9,77.1,Yes,8.1,7,58.26
7.0,89.6,No,8.5,2,58.4
4.5,48.7,No,7.5,5,31.94
5.9,90.5,No,9.0,8,61.48
2.3,79.8,Yes,4.5,6,45.99
6.4,50.0,Yes,6.7,6,36.5
2.4,51.2,No,7.4,1,28.71
6.6,94.7,Yes,7.5,2,60.49
2.8,41.9,No,8.0,3,18.83
1.9,67.3,Yes,8.6,7,42.84
2.3,58.5,No,5.8,6,35.92
1.0,79.2,No,4.2,5,39.87
6.7,89.5,Yes,5.8,9,70.1
6.9,61.3,No,7.4,7,50.64
5.1,65.2,No,5.1,9,53.73
2.3,97.9,Yes,8.0,3,59.54
1.7,86.3,Yes,5.1,8,57.69
1.2,92.9,Yes,4.1,9,54.21
2.3,65.9,Yes,6.5,2,41.66
8.1,53.8,No,7.6,4,49.54
2.9,64.3,No,5.7,2,34.24
3.8,82.2,Yes,7.7,7,51.38
1.8,46.5,Yes,6.2,4,22.61
2.8,56.0,Yes,4.9,6,35.43
5.2,42.8,No,4.5,8,27.12
5.9,65.5,Yes,7.6,6,46.47
3.0,88.8,No,5.9,4,56.06
1.5,41.5,Yes,8.6,6,25.92
4.1,79.8,No,6.7,1,37.3
2.9,95.0,Yes,5.7,6,52.46
2.8,54.0,No,5.7,8,41.61
8.7,80.9,No,4.7,4,65.03
5.9,97.5,No,7.0,9,66.0
5.5,96.8,No,6.9,6,58.31
4.3,53.9,No,8.0,6,31.13
4.4,45.9,No,5.0,4,30.87
5.3,48.7,No,5.5,8,44.06
6.6,81.4,No,4.5,5,63.73
6.6,82.8,No,5.5,1,47.92
2.4,79.8,No,6.1,7,45.67
5.0,59.8,Yes,8.8,8,41.4
4.3,50.0,No,7.3,6,34.0
8.0,74.3,No,7.9,7,52.91
6.1,68.5,Yes,5.6,7,48.42
5.3,83.0,No,4.7,4,49.57
1.9,66.0,Yes,5.3,4,38.34
5.8,60.0,No,5.3,1,36.45
1.9,57.3,No,6.9,2,27.11
3.7,52.5,Yes,5.7,3,33.96
2.1,55.7,No,8.3,5,37.65
6.5,45.6,Yes,8.9,9,49.44
2.7,60.5,Yes,5.7,5,37.51
4.1,42.2,Yes,7.5,6,29.59
8.2,51.0,No,7.3,7,49.79
2.6,84.1,No,5.0,4,51.88
5.1,59.2,Yes,8.6,8,48.04
4.4,79.4,No,5.0,6,44.02
1.1,82.3,Yes,7.7,1,47.45
7.3,74.3,No,5.7,6,56.46
1.6,96.6,Yes,5.8,2,48.68
4.8,41.3,Yes,6.3,4,26.27
5.5,83.6,Yes,8.3,4,59.22
6.0,96.6,No,4.7,5,53.84
6.5,90.9,No,4.3,2,58.6
3.0,49.9,No,6.0,6,27.09
1.1,59.3,Yes,4.3,3,25.85
6.8,50.2,No,7.4,9,40.42
5.3,75.5,No,7.8,6,45.5
7.7,82.0,Yes,8.3,3,64.85
7.6,58.7,Yes,7.7,3,37.63
7.7,71.8,Yes,8.6,5,57.07
4.9,80.8,No,7.7,6,50.17
3.7,64.9,No,8.7,4,47.69
7.3,90.4,No,5.0,5,63.64
4.6,85.5,Yes,6.5,3,45.85
2.5,43.8,Yes,9.0,4,27.93
7.8,76.6,No,7.4,8,55.58
8.1,53.9,Yes,8.4,8,52.68
4.7,72.9,No,4.2,1,45.49
1.6,96.5,No,8.4,4,59.32
4.1,91.9,Yes,7.5,2,57.22
7.4,63.9,No,4.9,4,50.31
8.2,57.2,No,4.1,5,45.68
2.6,53.8,No,5.3,1,24.43
1.5,71.4,No,8.6,5,43.39
8.0,46.7,Yes,7.3,7,38.21
4.1,72.4,No,8.6,5,46.03
5.3,40.1,No,6.2,7,28.2
8.7,59.1,No,8.7,9,56.37
1.5,53.0,No,6.3,8,25.76
6.2,97.3,No,5.0,1,60.02
1.6,82.9,Yes,4.8,2,43.9
4.0,60.6,Yes,9.0,6,47.23
7.4,45.5,Yes,5.7,5,36.5
4.5,70.5,Yes,4.8,1,41.08
9.0,52.6,Yes,4.0,2,38.32
5.5,71.6,Yes,5.4,3,43.81
3.6,89.3,No,8.4,5,56.53
2.8,76.3,No,6.7,7,46.1
3.8,77.4,No,7.2,6,48.8
4.0,71.9,No,8.6,3,50.91
1.5,94.7,Yes,6.6,6,47.94
4.0,95.0,No,8.2,4,67.63
4.7,70.3,No,5.6,3,48.3
6.8,58.0,Yes,8.9,4,43.73
6.3,67.1,No,4.4,8,50.63
6.7,51.0,Yes,7.6,1,34.9
1.1,77.5,Yes,7.3,3,42.29
2.7,69.5,Yes,5.0,8,52.04
6.3,46.1,No,5.9,9,35.38
4.9,51.7,No,5.6,3,31.87
1.0,68.3,No,4.5,9,34.55
7.4,92.4,No,6.9,4,62.6
7.2,73.4,Yes,9.0,4,53.68
5.4,80.2,No,6.8,7,50.53
1.5,60.0,No,6.7,6,31.27
7.1,73.7,Yes,4.2,3,52.86
5.7,66.4,No,4.7,8,45.68
7.3,78.9,Yes,6.6,5,49.4
7.0,43.0,Yes,8.9,2,34.38
7.4,69.1,No,8.4,3,50.59
5.1,57.5,No,5.7,7,47.81
2.1,59.2,No,6.7,9,35.85
6.4,96.7,No,6.8,1,66.19
6.0,50.8,Yes,7.4,6,37.94
6.9,58.4,No,7.4,9,52.73
2.4,70.1,No,7.9,7,37.95
2.6,90.9,No,4.1,3,52.02
8.1,64.6,No,8.7,7,56.51
7.0,83.9,No,4.4,2,58.95
8.3,90.5,No,6.4,2,72.79
7.1,58.3,No,8.6,1,39.55
5.8,63.2,No,6.4,3,47.98
6.2,61.0,No,4.3,1,44.35
8.1,89.1,Yes,5.1,8,68.92
5.6,42.6,No,6.9,8,41.16
6.1,58.2,No,4.4,4,39.46
2.3,80.1,No,6.1,1,42.02
4.8,73.4,No,5.6,2,44.83
6.7,65.7,Yes,8.1,2,42.51
3.2,71.9,Yes,4.6,2,44.0
2.6,51.7,Yes,7.4,9,36.63
3.5,65.4,Yes,6.0,7,42.12
2.9,69.6,No,6.9,9,51.12
2.7,93.2,Yes,5.0,2,51.06
4.4,55.4,No,7.0,5,29.13
8.3,91.2,No,7.4,1,71.73
5.1,78.0,Yes,4.4,2,53.33
2.5,41.2,Yes,8.1,4,26.43
1.6,82.8,No,8.3,1,41.46
6.6,42.1,Yes,4.3,8,37.68
4.1,98.8,Yes,7.0,6,58.53
7.6,91.5,No,7.0,1,61.52
6.3,57.5,No,4.1,9,40.43
7.4,55.2,No,5.7,1,40.67
3.2,62.5,Yes,8.8,4,42.37
6.5,61.0,Yes,6.8,5,41.98
3.1,62.0,No,8.7,9,43.53
8.5,58.8,No,7.4,2,46.9
6.1,76.6,No,4.1,9,57.81
3.6,49.7,Yes,4.4,1,26.89
3.2,89.9,Yes,7.6,4,57.4
2.5,87.9,Yes,6.8,7,51.1
6.6,68.1,No,4.6,4,40.59
2.7,90.3,Yes,7.1,8,50.97
5.8,54.6,No,8.1,7,38.96
3.1,41.0,Yes,7.8,6,20.37
6.3,76.5,No,5.2,5,58.95
7.5,67.0,Yes,5.3,3,49.69
7.2,73.5,No,8.8,8,60.75
7.1,93.1,Yes,8.4,4,69.78
2.5,97.2,No,5.6,8,58.25
1.7,77.4,No,8.1,1,53.92
6.6,85.1,Yes,4.8,2,69.26
3.9,44.9,No,5.0,2,31.0
4.5,49.5,No,4.9,6,28.98
1.2,83.3,No,4.4,5,49.59
3.1,65.5,No,8.3,7,33.88
1.3,66.3,No,6.9,2,37.91
8.0,58.2,Yes,5.3,9,40.6
2.9,75.8,Yes,8.2,2,42.99
5.5,50.9,No,8.0,1,38.04
1.3,77.0,No,4.5,2,39.42
6.3,50.3,Yes,7.2,3,31.86
3.6,43.8,No,7.6,6,28.74
8.2,59.5,Yes,7.6,7,52.83
8.1,53.6,No,7.6,6,46.11
3.6,92.5,No,4.8,1,50.59
8.2,43.2,No,5.6,9,44.32
9.0,50.4,Yes,8.2,8,53.44
7.6,72.4,No,8.5,2,51.81
7.8,68.4,No,5.4,1,54.46
3.0,42.7,No,4.1,7,24.72
5.6,40.4,Yes,8.3,3,28.55
1.5,98.3,No,5.9,3,58.0
1.8,78.9,No,5.6,9,51.46
9.0,61.6,No,5.7,2,45.83
3.6,67.8,No,6.1,5,38.06
7.0,55.7,No,5.9,4,48.51
7.5,60.3,Yes,6.8,1,44.46
7.9,78.3,No,4.4,6,58.21
9.0,92.1,No,8.9,6,70.04
2.9,50.9,Yes,8.7,1,33.91
1.3,89.6,No,8.7,7,59.7
4.3,47.2,Yes,8.4,6,33.97
2.0,52.7,Yes,7.3,4,39.0
1.2,42.2,No,5.1,7,18.69
3.9,48.3,No,4.2,3,26.66
7.3,94.1,No,4.5,6,68.94
5.5,67.1,No,5.6,6,42.87
3.5,44.6,No,6.5,6,30.55
6.2,96.6,No,9.0,3,62.47
2.9,91.9,No,6.2,5,47.55
1.1,84.5,No,6.6,1,34.98
7.1,95.1,No,7.5,6,66.33
6.0,53.0,Yes,4.9,7,42.5
7.1,89.3,No,8.7,5,58.37
1.3,80.7,No,6.6,5,44.08
7.7,91.3,No,5.4,6,66.71
6.0,87.0,No,8.7,7,60.5
5.5,60.4,Yes,7.1,4,38.88
6.0,85.7,No,6.4,7,60.53
7.9,55.5,Yes,6.9,5,45.77
5.7,59.4,Yes,7.7,7,48.99
5.6,46.4,No,4.8,1,24.48
8.9,95.2,No,8.3,2,69.8
7.1,57.2,No,8.8,2,36.97
4.5,70.7,Yes,6.8,7,47.66
6.7,63.1,No,7.4,9,45.29
4.1,96.6,No,8.3,7,58.52
2.8,59.8,Yes,5.9,6,36.57
5.8,85.9,Yes,9.0,3,56.22
8.4,90.5,Yes,7.4,5,74.67
8.4,65.7,No,6.1,2,54.27
3.7,62.3,No,7.4,9,45.1
5.2,84.1,No,6.6,6,59.11
2.7,93.9,No,4.6,9,57.59
9.0,84.5,No,8.0,9,73.75
8.8,53.4,No,6.8,7,46.32
6.2,92.4,No,8.0,5,71.61
7.4,62.9,No,4.8,4,42.65
6.7,74.0,No,6.7,1,45.16
5.7,89.1,No,7.8,9,57.55
1.4,51.1,Yes,8.9,6,24.23
4.6,86.3,Yes,8.4,2,48.32
6.4,75.2,No,8.3,7,55.88
6.4,92.7,Yes,5.2,6,68.49
4.0,50.1,No,8.2,4,31.66
8.5,64.8,No,4.8,6,46.42
2.3,89.1,Yes,5.0,6,50.75
5.0,41.1,No,4.6,5,31.37
6.5,46.6,No,8.3,1,32.04
6.6,98.4,Yes,4.5,3,63.03
6.2,56.5,No,4.7,7,35.82
3.2,97.6,No,5.2,2,53.54
2.2,50.8,Yes,6.9,1,23.32
6.1,61.3,Yes,8.4,8,47.92
5.8,84.4,Yes,6.1,7,61.58
2.4,78.8,Yes,6.7,6,46.24
6.6,74.3,Yes,4.8,5,54.35
4.6,71.3,No,5.3,6,48.18
6.3,89.8,Yes,4.7,1,53.96
7.7,53.9,No,6.0,9,53.73
2.4,66.1,Yes,7.0,1,32.67
1.2,49.2,No,5.4,4,24.82
7.2,75.2,No,8.2,3,49.33
5.9,54.8,No,8.9,4,39.77
6.6,59.7,No,4.6,1,40.54
7.7,67.8,Yes,4.1,4,57.92
7.4,41.6,No,7.9,4,33.95
8.7,45.4,Yes,5.0,3,45.05
5.3,80.5,Yes,5.8,8,57.87
4.9,65.3,No,6.0,7,51.85
4.2,91.0,No,8.6,9,53.66
2.2,81.0,Yes,7.3,2,47.11
5.6,40.5,No,4.2,3,16.63
3.2,76.4,No,4.1,6,45.07
8.4,45.5,No,5.0,2,40.93
5.7,86.1,Yes,5.6,2,61.93
5.7,98.5,Yes,6.4,2,67.08
3.8,71.3,No,8.2,2,41.12
1.4,80.3,Yes,5.6,5,46.62
1.3,54.0,No,5.9,1,33.75
4.4,65.8,No,5.6,7,43.62
1.7,90.5,No,4.0,1,49.76
5.9,49.9,No,8.8,1,32.16
8.0,55.7,No,4.7,5,48.68
8.1,66.3,No,5.4,7,56.33
6.3,82.0,No,4.6,3,51.71
2.7,62.2,Yes,6.5,7,41.82
7.9,94.7,No,8.7,9,75.57
8.1,45.6,No,4.5,4,40.53
2.6,61.9,No,6.2,5,34.88
6.9,81.8,No,4.1,8,64.31
3.3,53.3,No,7.9,9,31.83
7.4,78.7,No,7.2,5,57.71
9.0,49.7,No,7.5,5,44.7
1.2,43.3,No,6.4,2,22.91
8.2,47.1,Yes,8.5,9,41.98
6.0,94.9,Yes,6.0,6,66.56
8.8,72.6,No,6.6,5,55.16
4.7,87.0,No,7.5,5,56.42
7.8,59.6,No,6.6,4,47.63
1.5,75.0,Yes,4.9,1,32.89
3.7,69.2,Yes,5.6,6,49.32
1.5,95.8,Yes,4.5,1,52.12
8.8,84.1,No,6.2,2,58.1
7.5,83.1,Yes,7.0,7,62.25
7.8,42.7,Yes,4.6,1,40.31
8.5,72.4,No,7.2,8,60.64
1.7,67.6,No,8.5,8,35.66
4.1,94.7,Yes,5.7,7,58.3
1.6,55.2,No,5.1,7,32.17
2.7,55.9,No,8.5,1,32.43
2.8,64.3,No,7.5,3,37.48
4.8,54.4,No,4.5,9,37.34
3.1,47.6,No,6.0,5,31.1
1.8,90.6,Yes,7.4,5,51.07
2.3,72.9,Yes,6.9,7,41.04
2.2,90.8,No,7.1,8,60.52
8.8,89.0,No,6.8,6,69.87
7.1,56.6,No,8.0,5,40.73
8.7,72.3,Yes,5.6,1,55.32
4.5,44.9,No,7.5,9,33.57
3.2,94.0,Yes,9.0,6,57.95
7.4,63.9,No,5.9,3,47.49
3.6,63.2,Yes,8.0,7,38.53
3.4,57.9,No,5.2,4,36.99
2.9,67.2,Yes,5.4,3,38.5
2.0,54.9,Yes,8.7,7,27.14
3.1,62.1,Yes,4.1,6,36.94
3.8,87.2,No,5.1,4,49.7
6.4,89.2,Yes,6.4,8,53.02
1.5,57.9,No,6.0,2,26.9
2.7,67.7,No,7.1,6,44.12
7.5,91.6,No,5.0,3,62.57
2.2,43.1,Yes,4.4,8,28.78
3.7,92.5,No,5.8,8,58.6
7.9,52.9,No,6.6,1,38.18
2.2,80.0,No,6.8,2,40.02
1.7,74.4,No,7.0,4,34.65
4.9,72.6,No,6.7,1,47.97
3.4,90.7,No,5.2,3,55.38
5.5,46.0,No,7.8,4,31.58
7.4,60.5,No,4.4,3,35.94
2.1,71.8,Yes,5.0,5,42.68
5.6,87.9,Yes,7.7,7,58.39
5.0,52.8,Yes,5.4,8,39.91
2.2,87.4,Yes,6.5,8,47.13
6.0,63.6,No,5.6,2,42.35
3.2,51.1,No,6.5,1,26.55
4.9,84.8,Yes,5.7,6,47.08
1.7,45.4,No,9.0,1,27.22
4.7,70.4,Yes,5.8,6,46.23
3.5,43.8,No,7.1,7,27.31
7.6,61.0,No,8.4,9,53.28
1.5,75.5,Yes,7.2,1,38.89
4.3,72.8,No,6.8,7,49.35
4.7,63.9,Yes,6.8,4,37.85
6.8,65.3,No,6.5,9,50.41
5.6,53.4,No,8.0,4,29.79
6.3,66.9,Yes,4.3,2,44.83
7.2,96.2,No,8.4,1,70.74
7.9,90.2,Yes,6.9,7,62.7
3.5,48.6,Yes,8.2,7,31.91
5.3,41.8,No,4.1,3,18.84
7.7,95.1,No,8.3,5,68.72
8.9,71.1,No,4.6,7,59.24
8.1,71.7,No,7.6,8,59.31
4.0,86.1,No,6.1,9,53.79
2.6,58.6,Yes,7.4,1,23.23
4.9,68.4,No,7.1,9,43.44
6.9,97.2,No,4.8,6,72.38
4.9,79.7,No,6.6,6,56.09
4.9,49.1,Yes,5.4,7,35.5
7.7,47.9,No,6.8,9,43.55
3.9,52.1,No,7.7,7,30.52
7.9,85.2,No,4.4,7,68.36
4.3,57.4,No,6.6,3,32.25
3.6,41.3,Yes,7.1,9,32.11
4.6,95.7,No,5.5,4,54.08
7.1,50.0,No,8.8,6,40.35
2.0,40.6,No,6.6,7,27.59
2.6,54.0,Yes,4.9,9,30.7
8.6,53.9,No,4.5,3,46.06
2.4,64.9,No,6.7,2,29.91
5.5,94.3,Yes,5.9,2,57.28
5.6,91.9,Yes,5.0,2,59.26
4.9,67.0,No,4.2,9,50.21
6.2,64.2,No,6.8,8,46.88
2.8,72.7,Yes,7.0,9,49.72
5.4,54.4,Yes,4.7,9,46.33
4.0,43.1,Yes,7.0,1,22.81
6.3,95.4,Yes,8.8,9,64.09
2.1,51.0,No,8.9,1,23.87
5.6,51.7,Yes,8.4,5,43.91
2.5,67.9,Yes,8.0,4,36.59
3.2,69.0,No,5.0,8,46.95
2.7,41.1,Yes,4.8,5,22.89
2.5,48.7,No,6.2,9,37.11
7.6,62.3,No,7.1,1,54.02
3.3,80.3,No,8.3,8,55.25
8.4,53.5,No,5.2,6,38.41
8.8,65.0,No,6.4,1,39.62
5.6,72.9,Yes,7.2,2,48.89
2.1,92.4,No,6.2,4,55.13
4.0,59.2,No,6.3,5,39.05
7.4,47.9,Yes,5.1,1,33.64
3.9,68.9,No,8.9,7,39.4
1.7,84.1,No,6.4,4,49.14
5.5,46.5,Yes,6.7,1,38.92
7.8,65.1,No,5.1,6,47.59
7.4,41.0,No,6.6,9,41.18
2.4,42.0,No,5.3,9,35.91
6.4,68.5,No,5.0,4,46.5
2.8,57.6,No,5.4,7,33.54
2.7,89.9,Yes,4.0,1,51.93
8.0,75.5,Yes,6.9,9,60.6
3.0,66.8,Yes,5.9,1,42.59
3.1,64.1,No,8.5,9,40.19
1.0,69.3,No,4.2,6,35.47
8.0,42.4,No,4.2,7,31.86
7.3,92.7,No,8.4,4,64.59
6.0,98.9,No,4.6,9,64.41
7.0,50.7,No,4.0,6,40.72
2.2,47.1,Yes,4.9,6,20.4
4.7,48.5,No,8.1,6,37.72
3.8,79.0,No,8.0,4,44.85
1.8,79.0,No,5.7,7,51.81
4.9,90.0,Yes,7.3,2,62.76
8.4,84.4,No,6.5,2,62.89
1.3,66.5,No,8.5,6,30.28
3.3,76.2,Yes,4.3,9,46.93
2.7,80.6,Yes,8.1,3,43.56
2.9,70.3,Yes,4.9,7,40.37
8.3,68.1,No,6.0,9,62.4
4.7,78.1,Yes,5.0,9,53.77
4.7,72.9,No,7.5,3,43.33
7.1,78.0,No,7.4,1,50.27
2.2,76.2,No,6.7,2,38.45
4.9,82.4,No,7.5,8,58.23
4.4,77.9,Yes,7.2,7,46.33
5.8,70.7,No,7.9,1,46.18
9.0,80.2,Yes,5.2,3,63.3
7.2,66.5,No,6.1,8,44.72
4.2,54.3,Yes,4.8,7,31.35
7.6,40.1,No,6.1,5,34.37
2.4,73.0,No,7.5,3,45.9
1.2,74.8,No,7.5,7,46.41
2.6,97.4,No,7.5,5,54.58
3.7,61.3,Yes,5.5,1,41.26
5.1,63.3,Yes,7.3,5,42.81
5.9,51.9,No,5.8,3,34.37
8.3,44.2,No,8.7,2,37.67
5.1,85.6,No,5.7,3,57.1
5.0,54.7,Yes,7.0,4,35.43
1.4,75.9,No,7.8,1,36.37
1.3,80.6,No,8.5,4,38.17
5.4,67.8,No,6.2,9,50.28
4.5,91.7,No,5.8,1,58.14
7.7,66.2,No,6.2,7,56.03
2.3,56.8,Yes,5.6,8,29.48
1.2,92.9,Yes,7.3,9,53.79
4.6,90.8,No,8.7,7,65.03
2.9,49.7,No,4.6,9,32.04
1.4,41.5,No,6.8,3,18.67
6.8,45.3,No,8.5,1,33.41
1.9,56.9,No,4.5,2,29.44
5.9,97.4,No,6.5,1,62.62
3.2,73.0,No,8.3,2,39.52
2.4,62.0,Yes,8.5,9,43.81
4.0,92.4,No,6.6,5,52.37
7.4,66.7,No,4.1,4,53.71
4.1,58.6,Yes,4.5,2,31.83
7.0,95.5,No,6.9,3,67.2
2.0,90.1,No,4.6,9,52.47
7.2,89.8,No,4.7,3,59.21
2.9,70.2,Yes,7.9,8,50.85
6.4,86.6,Yes,7.8,1,61.37
5.5,50.6,Yes,8.2,5,37.71
8.4,73.8,Yes,4.5,2,62.27
4.1,98.0,No,5.0,4,63.19
1.5,57.2,Yes,8.2,2,26.27
1.2,86.9,No,7.6,3,36.4
7.6,68.9,Yes,8.0,5,54.54
5.2,42.3,Yes,8.9,2,35.62
7.2,85.0,No,8.3,9,66.99
2.9,49.9,No,6.6,8,37.49
3.8,77.3,No,5.6,5,44.58
1.2,45.1,No,6.8,1,18.21
8.7,95.9,No,7.2,5,70.75
6.3,57.2,No,5.7,4,41.62
8.5,53.4,No,7.9,9,51.59
3.1,47.6,Yes,4.5,2,32.8
5.9,95.8,No,7.9,7,73.35
6.4,82.0,Yes,4.2,2,61.7
3.5,83.8,No,6.5,3,51.78
7.8,69.5,Yes,8.3,3,52.0
8.6,68.0,No,4.4,8,56.33
8.1,46.5,No,6.6,2,39.95
6.9,73.0,Yes,4.8,1,50.86
3.2,54.6,No,8.5,6,30.32
3.3,97.7,Yes,8.2,6,59.44
8.7,87.0,Yes,8.7,1,68.21
1.1,64.4,No,8.4,5,32.69
6.7,48.9,No,7.7,9,41.55
6.6,86.3,No,4.9,5,59.08
6.0,47.2,No,5.5,7,32.51
8.9,51.2,No,6.5,6,44.71
3.5,52.5,No,6.9,4,29.37
3.7,72.9,No,7.9,2,40.01
1.6,86.4,Yes,5.1,5,44.26
4.5,58.5,Yes,4.6,9,41.64
3.1,45.0,Yes,6.4,3,28.66
3.7,67.4,No,4.8,3,43.61
7.7,84.1,Yes,7.5,7,59.19
8.5,53.1,Yes,6.9,2,50.33
2.5,53.0,No,7.7,8,33.65
4.0,95.9,Yes,4.3,7,56.8
8.4,96.3,No,8.8,8,72.16
1.5,98.4,Yes,4.0,6,48.19
1.7,87.7,Yes,5.6,5,43.2
2.3,51.1,Yes,7.4,4,35.96
5.8,52.5,No,4.2,8,36.2
2.2,60.1,No,4.4,2,32.07
8.7,58.8,Yes,4.4,6,49.73
4.6,96.4,Yes,6.9,6,63.43
5.0,86.6,No,8.5,5,58.33
3.0,82.7,No,6.8,2,38.04
4.8,51.0,No,7.0,5,39.58
6.3,93.7,No,5.7,3,61.23
7.0,88.8,No,4.1,7,61.05
7.0,49.7,No,4.1,7,41.49
5.6,91.4,No,8.4,8,60.79
8.2,56.1,No,4.5,9,49.06
7.5,44.8,Yes,9.0,1,35.95
7.1,78.8,Yes,4.8,4,59.37
1.4,78.6,Yes,7.4,6,44.15
1.1,45.6,Yes,8.7,7,21.48
2.7,58.8,Yes,5.8,5,36.31
6.3,98.6,Yes,7.7,6,68.2
4.3,80.0,No,5.8,1,39.56
4.2,83.1,No,5.5,5,52.39
8.1,52.6,No,5.0,2,38.18
8.2,44.6,No,8.1,2,38.43
8.3,56.3,Yes,5.3,1,40.48
3.5,54.7,No,5.4,9,31.13
6.5,53.8,No,9.0,4,45.14
3.2,51.4,Yes,5.6,4,34.08
2.5,73.9,Yes,6.1,9,46.78
2.5,59.4,Yes,9.0,5,37.64
3.7,88.4,Yes,5.8,4,57.66
4.4,50.9,Yes,5.8,7,36.0
7.6,67.4,Yes,8.1,5,48.49
2.0,40.8,Yes,5.6,8,25.7
6.9,68.4,Yes,5.2,3,53.23
5.3,43.3,No,6.1,8,35.32
3.3,97.7,Yes,7.5,6,61.41
4.9,86.6,Yes,4.2,9,61.99
3.4,68.9,No,5.9,6,41.1
5.8,45.1,No,5.7,4,36.16
4.5,75.0,Yes,5.2,2,51.73
2.3,84.8,No,7.3,3,41.77
1.9,51.3,Yes,5.4,7,34.33
5.4,73.5,Yes,7.0,5,59.81
8.2,88.0,Yes,6.5,7,70.18
3.8,85.3,No,5.1,7,57.14
6.9,87.4,Yes,5.3,6,60.43
6.3,91.9,No,4.9,2,57.33
8.5,95.3,Yes,4.3,5,69.7
7.6,63.9,No,7.1,6,48.3
5.5,73.6,Yes,7.4,8,48.56
6.3,86.6,No,4.8,1,54.67
8.2,81.1,No,7.1,7,65.92
4.2,98.7,No,8.9,5,57.1
3.6,40.8,Yes,4.4,7,28.09
1.1,61.0,No,6.5,3,29.86
7.6,56.6,No,7.7,4,43.04
7.4,55.5,Yes,4.2,2,43.58
1.8,53.1,No,7.9,6,31.03
5.6,81.8,No,8.9,5,54.21
4.7,45.0,No,4.4,1,30.6
1.9,83.8,Yes,8.1,1,47.91
8.8,80.9,No,5.9,8,70.71
2.7,54.8,Yes,4.7,8,34.19
1.5,54.9,No,6.5,6,27.89
5.8,77.1,No,4.4,9,53.77
6.9,85.0,No,6.6,1,61.42
1.3,91.7,Yes,4.1,8,52.12
6.3,90.3,No,7.6,2,59.15
5.3,96.9,Yes,6.4,8,74.62
1.8,74.3,No,6.3,3,33.69
2.4,93.6,No,5.0,6,55.34
5.5,87.7,No,5.8,7,59.16
3.4,92.8,Yes,4.9,3,53.96
8.5,40.7,Yes,7.7,2,33.04
7.5,97.0,Yes,5.0,1,63.71
8.9,67.9,No,7.1,5,53.14
3.1,87.1,Yes,5.4,1,51.39
8.8,47.5,No,7.3,1,42.52
4.4,63.4,No,6.7,5,33.71
3.8,56.0,Yes,6.1,3,29.6
1.4,57.2,Yes,7.4,3,31.87
1.4,47.3,Yes,6.1,7,28.98
6.5,87.5,Yes,8.1,3,55.15
4.7,40.5,No,7.6,2,29.14
2.8,58.4,No,6.7,3,32.12
5.9,50.3,No,8.4,4,39.5
3.0,74.8,Yes,8.1,9,45.96
5.6,55.0,No,6.7,2,30.76
3.9,55.3,Yes,4.3,6,34.66
7.6,68.8,Yes,6.8,5,52.43
7.6,78.5,No,5.8,6,56.85
4.8,47.2,No,6.7,5,30.46
3.8,50.4,Yes,7.2,6,40.7
3.9,54.6,No,7.2,4,26.79
7.4,97.5,No,7.4,8,68.05
3.6,63.4,No,7.4,9,40.61
2.7,75.3,Yes,4.5,7,45.9
1.7,54.3,No,5.0,1,27.37
4.7,68.9,No,7.2,5,48.52
4.9,44.4,No,6.0,7,36.09
7.7,42.0,No,7.8,5,38.6
2.8,67.7,No,4.6,5,31.45
4.0,63.5,No,5.0,5,32.56
7.5,48.1,Yes,6.8,5,45.32
7.6,80.6,No,6.5,5,63.25
4.1,98.6,Yes,5.3,1,61.32
4.7,63.3,Yes,6.0,6,40.12
3.4,76.8,No,4.2,6,44.85
8.5,96.8,Yes,4.2,8,72.22
1.9,89.1,No,4.5,5,45.0
8.5,67.3,No,6.9,2,51.97
6.5,83.5,No,8.3,7,68.83
5.3,47.6,No,5.3,1,27.61
1.3,70.2,Yes,4.2,5,42.64
4.8,56.5,No,7.5,5,34.37
4.3,49.5,No,8.3,3,24.92
2.3,65.2,Yes,4.7,2,38.74
6.3,47.7,Yes,5.9,4,35.46
8.8,81.2,Yes,4.8,7,69.77
5.5,66.9,No,4.5,3,48.99
6.7,71.3,No,7.2,6,51.18
1.5,48.6,Yes,8.8,7,34.06
4.3,48.2,No,7.4,2,25.85
1.9,74.4,Yes,8.9,3,38.38
5.9,98.1,No,6.2,9,72.58
8.5,45.7,No,8.5,1,31.68
6.3,56.9,Yes,5.0,8,44.75
1.6,91.3,No,4.6,1,51.45
3.8,44.3,No,7.5,3,31.82
5.4,91.7,No,5.9,6,58.93
4.2,70.9,Yes,5.6,8,52.3
7.7,64.1,Yes,7.4,7,48.18
7.5,58.3,Yes,5.7,3,42.25
5.9,57.5,No,6.9,6,42.72
4.0,58.0,No,5.5,1,34.3
3.0,92.2,Yes,7.9,8,54.81
1.8,82.7,No,5.6,9,56.11
3.8,79.5,Yes,6.7,9,46.17
4.3,87.1,Yes,4.1,4,54.6
6.4,55.2,No,8.0,4,41.29
6.3,76.5,Yes,7.1,7,49.49
1.6,67.1,Yes,5.0,7,43.57
4.2,86.2,Yes,5.1,6,52.47
2.5,58.2,No,5.3,7,34.2
2.3,77.9,No,6.9,1,42.27
7.6,92.1,No,6.7,9,63.36
1.3,63.7,No,5.4,6,29.23
4.4,43.9,No,7.5,8,37.88
2.3,70.4,Yes,8.4,5,41.75
8.0,60.4,No,4.2,7,37.83
5.5,79.7,No,6.1,3,50.06
2.9,96.1,No,7.0,1,53.25
5.0,68.7,No,6.9,7,47.99
6.9,67.5,No,4.1,5,40.28
8.7,78.6,Yes,5.1,1,58.04
2.8,46.1,No,4.3,9,25.17
8.1,55.0,Yes,6.8,9,50.52
8.5,94.2,No,7.2,6,72.43
8.3,79.5,Yes,4.8,9,65.76
6.1,40.8,Yes,5.7,7,39.67
6.0,52.1,No,5.6,8,48.76
4.2,80.3,Yes,8.1,2,45.54
7.0,85.1,No,5.0,2,55.67
5.3,89.6,No,6.7,4,60.73
6.4,57.2,No,7.9,1,38.85
4.4,94.9,Yes,8.1,8,53.3
6.9,72.6,Yes,7.3,5,53.37
7.6,81.1,Yes,5.5,7,66.88
2.2,75.2,No,8.1,2,34.82
7.7,47.2,No,7.7,5,40.47
5.3,96.8,No,7.5,9,58.98
7.8,47.2,No,4.3,9,45.16
4.5,55.0,No,4.2,2,33.4
4.0,88.0,No,7.5,2,50.2
8.3,76.5,Yes,8.7,5,59.02
3.0,89.5,Yes,7.9,3,47.25
7.8,70.4,Yes,8.2,1,56.23
4.9,62.2,Yes,6.7,1,36.32
5.1,94.4,No,5.5,5,62.63
3.5,42.1,No,7.4,3,20.46
5.6,90.5,No,7.6,9,72.29
3.6,53.6,No,7.4,3,37.76
1.3,90.1,No,8.7,3,56.52
3.2,48.2,No,5.8,3,35.36
1.1,74.2,Yes,4.2,1,33.61
8.8,92.4,Yes,8.5,3,66.29
8.7,67.9,Yes,4.8,5,63.1
4.2,84.0,Yes,7.5,8,56.16
6.8,87.5,No,8.4,7,66.83
3.8,83.5,No,5.6,4,47.43
6.4,94.6,Yes,8.2,4,63.22
7.4,66.4,No,5.7,4,52.21
8.6,50.2,No,8.0,8,38.27
4.2,42.8,Yes,4.3,8,33.97
7.3,54.5,Yes,7.3,2,44.0
3.1,48.4,No,7.4,7,28.32
8.9,72.9,No,6.5,5,57.74
1.2,50.9,Yes,7.4,2,25.36
5.8,42.3,Yes,8.6,3,33.24
6.3,42.1,Yes,7.7,7,38.89
6.5,89.1,Yes,8.8,6,61.26
2.0,74.9,No,6.2,6,52.93
8.5,61.1,Yes,6.6,7,51.88
2.4,92.8,Yes,5.3,6,54.68
6.0,44.1,Yes,8.9,2,40.89
2.8,97.8,No,4.3,8,51.45
3.5,76.4,Yes,5.8,7,56.62
5.4,50.8,Yes,5.5,6,37.79
4.3,80.1,No,5.9,5,48.14
2.3,85.0,No,8.6,6,45.49
2.4,65.3,Yes,5.8,3,31.28
4.3,90.8,Yes,8.6,2,55.53
7.1,48.9,No,6.1,9,42.74
8.2,56.5,No,8.3,1,45.93
1.7,45.5,Yes,6.6,2,23.3
4.1,52.4,Yes,5.6,1,29.31
1.8,54.1,Yes,6.2,8,37.71
1.1,94.1,No,6.1,4,60.66
6.3,44.6,No,5.3,6,40.4
5.8,65.2,No,5.4,5,43.42
2.3,71.4,No,4.9,8,43.99
2.9,93.0,No,5.7,7,58.13
1.2,98.9,No,7.1,1,57.36
7.7,84.4,No,5.9,8,62.29
8.8,97.3,No,7.6,4,67.72
2.1,86.4,Yes,8.9,7,57.28
2.9,96.8,No,5.9,3,56.61
7.9,81.7,No,6.3,2,53.6
8.4,44.7,No,4.8,1,38.4
4.4,63.7,Yes,6.0,5,49.36
1.4,78.1,No,7.6,3,38.08
1.3,60.7,No,5.1,3,25.57
5.6,56.1,No,4.9,8,41.14
4.1,74.1,Yes,5.9,1,47.17
1.2,95.1,No,8.1,2,49.66
5.7,42.1,Yes,7.1,1,34.09
1.1,85.4,No,8.8,7,49.11
7.3,82.6,No,8.5,4,63.49
3.5,96.9,Yes,4.8,3,54.67
1.3,94.9,Yes,4.2,3,45.93
5.7,85.0,No,6.0,3,53.69
4.2,70.7,Yes,6.6,2,38.23
8.8,52.1,No,6.6,5,46.48
5.4,72.2,No,4.7,1,36.29
3.2,85.2,Yes,4.6,5,49.64
6.7,92.8,No,4.2,8,64.35
3.2,86.6,Yes,8.3,7,51.1
8.2,51.5,No,8.7,3,41.17
4.0,75.4,Yes,4.6,9,50.77
5.4,59.6,No,5.1,7,46.96
1.4,40.5,No,4.4,1,11.25
4.4,51.8,No,8.4,6,36.69
7.7,46.7,Yes,8.8,4,42.6
7.4,89.7,Yes,5.3,6,65.78
2.8,55.3,No,5.5,3,27.75
2.8,56.8,No,5.8,5,27.87
7.5,96.6,Yes,6.5,3,75.93
8.4,62.4,Yes,7.4,7,53.88
1.8,40.6,Yes,6.5,5,20.59
4.6,56.7,No,8.8,4,45.74
3.7,47.0,Yes,4.5,7,32.26
8.0,46.1,Yes,8.0,7,53.02
1.7,44.6,Yes,5.7,9,21.22
2.7,75.0,No,5.9,3,40.53
7.0,51.2,Yes,7.5,8,38.69
1.4,61.3,No,8.6,7,33.88
4.9,90.9,Yes,7.6,9,63.09
4.5,65.0,No,7.9,2,38.28
3.7,94.0,No,7.8,6,58.72
4.2,69.4,Yes,5.6,5,43.12
5.2,63.5,Yes,7.8,3,42.79
2.3,84.3,No,7.9,7,47.04
5.6,44.3,No,6.7,5,37.97
7.4,45.3,No,6.7,6,33.81
7.1,78.5,Yes,7.8,4,58.45
2.2,68.7,No,8.1,7,35.88
2.2,86.6,No,5.7,7,47.0
3.1,94.1,No,8.0,5,53.59
3.9,62.9,No,8.1,7,40.77
4.3,75.2,No,5.2,7,49.15
6.4,69.5,Yes,7.6,8,49.33
1.5,97.9,Yes,4.9,1,50.0
1.3,89.0,No,4.5,4,42.64
4.1,93.8,No,6.9,1,51.02
6.6,55.0,Yes,8.5,3,46.3
2.5,85.6,No,4.2,8,45.22
6.1,55.7,No,8.1,7,42.88
3.1,52.3,Yes,6.5,3,37.39
8.1,95.7,Yes,8.3,4,75.5
8.2,41.1,No,8.2,2,36.69
3.4,97.0,Yes,8.4,2,58.01
2.8,48.8,Yes,7.8,5,32.97
4.3,88.3,Yes,8.2,2,56.6
2.9,56.3,Yes,4.9,7,40.82
6.4,60.7,No,5.5,1,39.84
7.6,52.8,No,5.2,9,48.98
6.4,74.5,No,7.7,1,48.27
7.6,60.5,No,4.8,1,50.59
4.2,78.8,No,4.9,9,51.23
2.3,40.9,Yes,8.4,7,19.16
6.9,43.8,Yes,7.5,4,36.56
3.9,45.9,No,8.4,3,31.05
6.4,64.7,No,4.7,5,52.15
3.2,88.1,Yes,6.0,2,47.27
1.6,92.4,Yes,5.4,6,46.05
8.9,54.4,No,4.0,6,48.42
2.2,73.9,Yes,5.4,1,41.29
8.9,85.3,No,5.9,9,62.38
8.8,57.0,Yes,4.5,1,44.04
7.4,64.1,Yes,6.8,6,49.75
6.3,70.9,No,5.9,7,54.5
5.6,48.0,No,4.2,8,34.27
7.9,41.5,No,7.5,2,32.61
3.3,49.0,Yes,7.6,8,34.12
4.7,77.0,No,8.2,2,42.4
6.0,44.3,No,6.4,2,38.27
4.3,51.2,Yes,8.8,9,42.41
4.4,59.9,Yes,8.6,7,39.73
3.6,44.6,Yes,6.8,8,26.99
5.5,51.3,No,6.2,1,28.7
7.8,93.8,No,4.0,6,69.52
2.6,41.1,Yes,7.6,1,17.49
8.5,78.6,Yes,6.8,5,60.55
6.5,62.7,Yes,8.7,2,38.7
7.6,79.7,No,7.0,9,63.93
5.4,74.7,Yes,9.0,3,53.26
7.2,53.2,Yes,8.3,7,44.67
1.1,90.0,No,8.8,2,47.7
7.5,69.0,No,5.6,4,53.92
1.3,88.5,Yes,4.7,3,47.89
8.1,64.0,No,8.0,1,50.79
8.9,98.1,Yes,7.9,6,71.0
3.4,85.5,No,5.1,5,52.19
2.7,97.0,No,7.8,6,58.6
7.1,70.3,No,6.9,1,53.39
3.0,67.9,No,4.5,8,41.67
7.9,84.6,Yes,6.5,4,62.47
1.8,91.9,No,8.7,7,51.55
2.0,96.9,Yes,6.5,8,64.63
8.8,59.1,Yes,7.9,3,40.22
6.4,87.1,No,4.1,4,60.15
7.8,52.4,No,7.6,9,46.07
3.6,72.2,No,8.7,9,47.26
6.4,50.6,Yes,6.5,7,39.78
5.8,60.5,No,5.7,3,40.13
5.8,95.0,Yes,7.2,4,66.04
6.5,48.6,No,8.6,7,36.17
5.6,77.3,Yes,4.9,6,54.19
4.4,75.0,Yes,6.0,6,51.18
3.2,47.1,Yes,4.8,4,24.09
7.1,59.2,No,6.5,8,49.42
2.8,73.2,Yes,6.7,9,48.77
6.5,51.0,No,8.7,7,37.87
2.9,87.2,Yes,6.1,8,50.08
6.0,97.4,Yes,6.8,2,61.01
7.0,52.7,Yes,8.4,4,42.66
2.7,51.0,No,5.6,3,26.83
1.5,66.8,Yes,7.4,6,43.63
2.0,84.1,Yes,7.8,2,45.34
5.8,56.6,No,5.7,7,37.89
7.8,41.2,Yes,4.8,8,41.65
1.4,71.9,No,6.5,4,33.44
6.9,96.4,Yes,5.8,8,67.1
3.7,63.1,No,5.3,8,37.6
4.8,64.8,Yes,8.9,3,31.4
8.4,97.2,No,6.5,1,70.05
3.7,81.0,No,8.3,3,52.2
4.7,82.4,No,5.0,1,52.72
1.1,73.2,No,8.7,2,44.31
1.7,97.5,No,8.0,8,63.25
3.1,80.6,Yes,8.0,4,47.64
1.2,92.8,Yes,5.9,9,59.26
6.1,81.3,No,6.4,7,56.67
4.4,83.4,No,7.0,3,49.53
5.4,57.1,Yes,7.9,1,35.2
2.4,57.9,No,8.2,1,28.76
3.4,86.2,Yes,4.4,1,50.51
6.3,57.5,No,8.5,3,47.41
8.7,73.2,No,8.7,5,61.12
1.4,54.7,No,7.0,8,27.44
8.1,88.2,Yes,4.9,8,63.93
5.6,46.5,No,8.1,2,34.06
5.5,88.9,No,6.7,9,65.65
5.0,75.6,Yes,8.1,9,59.69
1.6,51.0,No,8.1,7,27.26
1.7,72.0,No,4.4,5,40.14
5.8,56.7,Yes,7.0,5,45.26
3.7,59.1,Yes,6.4,8,34.83
8.3,60.7,Yes,8.7,8,54.79
4.3,43.7,No,5.5,5,31.68
2.1,98.2,No,5.0,6,58.12
6.7,41.9,No,8.5,6,34.78
3.3,79.1,Yes,4.7,6,59.46
5.2,61.9,No,7.4,5,49.85
6.6,78.1,No,5.5,9,57.76
8.2,61.0,No,6.8,1,44.89
7.3,79.8,Yes,7.1,3,60.73
6.4,83.0,No,6.1,7,58.65
6.4,80.7,No,8.9,9,65.37
8.6,46.7,Yes,4.7,2,34.35
3.4,78.8,No,6.0,4,45.29
1.0,56.5,No,6.2,8,33.04
3.2,41.7,Yes,7.2,5,30.34
2.7,64.5,No,6.0,8,33.43
6.3,65.6,Yes,4.5,2,41.16
6.1,67.6,No,8.7,8,43.9
5.7,81.6,Yes,6.1,6,53.56
1.1,58.2,Yes,5.7,5,25.43
6.8,58.6,No,6.2,2,43.49
3.6,43.6,No,5.1,7,28.66
6.3,80.5,No,4.5,1,51.1
5.5,73.5,No,4.7,6,49.53
3.7,60.6,No,4.8,3,39.83
2.1,81.6,No,5.0,6,41.78
1.8,71.7,No,6.1,1,27.93
7.7,67.7,Yes,7.1,1,52.73
8.3,70.2,Yes,7.1,2,52.36
6.2,77.5,Yes,4.0,7,51.65
1.8,78.9,No,8.6,4,45.79
4.2,57.0,Yes,8.1,4,29.84
6.8,48.3,Yes,8.8,4,35.86
7.2,49.2,Yes,5.8,5,30.91
1.9,77.7,No,7.3,2,42.06
1.0,91.5,Yes,4.8,7,57.73
6.7,64.2,Yes,8.1,3,45.08
3.9,50.0,No,4.8,3,25.79
3.0,84.6,No,5.6,2,54.36
1.1,89.1,Yes,6.5,6,52.62
5.3,92.0,No,7.0,4,68.99
7.8,75.8,Yes,6.8,4,58.07
8.7,90.8,No,4.5,8,70.23
5.5,40.9,Yes,6.1,2,34.68
5.1,46.3,No,8.6,7,34.04
1.7,45.5,No,8.4,2,22.41
5.4,82.0,No,7.0,6,45.6
4.0,44.1,Yes,6.9,5,36.76
5.9,69.3,No,4.6,8,51.0
4.1,67.9,Yes,5.0,6,43.88
2.9,58.3,No,5.3,7,38.64
1.8,91.4,No,6.4,6,46.86
3.5,50.1,No,7.7,8,31.09
1.8,60.8,No,6.3,2,32.24
2.4,85.7,No,4.6,7,50.07
8.9,41.8,No,6.2,5,40.59
4.6,79.7,Yes,4.8,9,55.83
5.3,88.2,No,7.8,9,63.86
8.0,95.0,No,4.8,8,65.02
9.0,91.7,No,6.4,8,76.51
5.7,58.8,No,7.5,4,38.71
7.5,74.6,No,5.1,8,57.19
3.6,44.6,No,4.4,2,21.72
3.4,55.2,No,6.8,5,32.32
4.2,45.6,Yes,4.3,4,30.21
6.4,58.6,No,6.9,5,45.82
6.5,91.6,No,7.8,5,66.84
3.5,60.5,Yes,5.6,5,39.58
2.1,73.2,Yes,6.4,7,41.35
6.1,65.6,No,8.6,1,45.22
2.0,67.1,Yes,6.4,2,36.92
5.6,97.2,No,9.0,7,66.82
6.5,57.5,No,4.8,1,40.7
6.6,77.0,No,7.5,9,52.83
7.0,64.8,No,7.3,3,38.64
8.0,43.6,No,8.4,6,44.03
5.0,68.9,No,4.5,4,43.28
6.8,88.0,Yes,5.4,3,62.62
6.0,45.8,No,4.7,8,32.17
2.5,44.1,No,8.7,2,27.81
1.2,49.1,No,6.1,3,23.71
3.3,85.1,No,8.6,8,53.35
4.5,82.7,Yes,5.5,3,53.22
5.9,73.3,No,4.6,8,45.13
7.8,67.6,No,5.5,7,54.36
2.6,92.4,Yes,7.0,2,58.71
2.0,85.2,No,8.2,1,46.5
8.7,87.9,No,5.9,1,63.43
1.9,88.0,No,8.6,2,46.21
4.8,77.9,No,5.2,7,55.84
5.7,67.0,Yes,7.5,9,56.04
5.3,91.0,No,7.7,7,59.88
1.7,94.6,Yes,5.4,3,53.48
1.5,41.4,No,4.1,8,22.47
1.8,43.0,No,5.8,8,25.77
5.7,96.6,No,4.2,9,62.95
5.4,56.4,No,8.5,9,47.37
2.9,91.5,Yes,8.8,9,61.56
6.1,62.9,No,7.7,4,49.1
7.6,47.0,No,7.6,4,33.91
1.3,44.7,No,5.2,2,14.63
5.0,49.2,Yes,4.4,8,44.89
6.5,54.7,No,8.0,2,43.53
3.0,68.8,No,6.8,3,35.7
3.5,81.4,No,7.4,9,56.12
5.9,98.2,No,7.9,2,61.59
8.2,66.0,Yes,6.0,1,43.01
7.5,70.6,No,4.7,5,43.53
5.7,70.8,No,8.0,7,50.34
6.8,71.8,Yes,6.3,4,58.65
3.9,70.5,No,8.1,4,49.66
6.1,40.5,No,6.2,3,34.55
4.7,40.1,Yes,5.1,6,32.54
2.5,45.8,Yes,4.9,8,29.87
6.6,46.0,Yes,7.7,2,39.93
5.5,81.6,Yes,6.9,6,48.59
3.9,52.1,Yes,6.0,8,40.19
8.3,92.8,Yes,6.5,1,61.8
1.2,94.8,Yes,6.7,4,48.54
3.5,97.6,No,5.2,1,58.02
1.5,95.4,No,5.9,4,55.15
7.1,56.0,Yes,5.5,9,44.9
6.6,70.1,No,5.9,6,53.35
3.7,50.4,No,6.5,6,33.99
6.4,87.6,No,4.9,5,58.26
4.2,92.4,No,6.0,3,56.27
7.1,90.2,No,5.9,2,69.06
4.6,65.6,Yes,5.4,9,45.67
4.3,84.8,Yes,9.0,9,57.91
8.5,45.8,No,4.4,7,41.6
3.0,42.4,No,7.2,2,21.7
2.0,84.4,No,4.9,4,48.88
5.7,65.1,Yes,8.2,8,55.3
8.8,98.7,No,8.6,6,73.37
4.0,45.7,No,6.0,5,25.48
1.5,90.5,No,8.1,2,55.78
3.7,68.3,Yes,5.2,1,40.16
5.0,88.8,No,4.7,1,46.76
2.3,88.2,No,5.6,1,54.15
6.3,94.0,No,5.7,6,68.68
9.0,57.6,No,6.0,4,54.0
4.6,96.0,Yes,5.9,9,70.94
3.8,48.9,No,6.1,9,44.17
4.2,44.8,Yes,7.6,3,25.19
1.9,65.5,No,5.2,6,32.79
8.1,88.9,Yes,4.1,6,64.46
4.3,67.9,No,6.4,1,37.85
4.1,88.9,No,6.2,9,58.79
6.3,83.1,No,4.3,4,53.49
4.5,52.4,No,4.7,6,29.66
6.2,96.0,No,6.5,8,63.58
1.5,43.6,No,5.2,1,16.58
7.5,93.0,Yes,8.4,8,75.41
8.5,58.0,Yes,4.9,6,47.03
6.2,69.5,No,4.1,1,47.86
8.6,64.9,Yes,6.2,9,51.45
2.2,50.1,No,8.9,9,18.59
4.8,61.1,Yes,7.2,8,43.96
5.8,51.4,No,5.8,7,35.83
5.7,52.0,No,4.1,1,29.26
4.2,51.0,No,6.4,1,25.53
3.7,68.9,Yes,5.0,8,42.66
2.0,87.1,Yes,7.2,8,49.13
4.1,73.6,Yes,6.9,1,40.96
2.3,92.7,Yes,5.3,8,50.97
6.9,77.6,No,4.3,8,48.34
2.7,80.7,No,7.8,3,36.75
1.5,79.4,Yes,6.9,1,51.22
5.4,66.5,No,8.2,3,43.89
5.8,80.7,No,5.3,8,62.42
8.0,44.1,Yes,7.3,8,41.5
5.6,90.7,No,4.6,7,60.34
3.8,85.9,Yes,5.5,2,52.45
7.4,54.5,No,7.3,5,45.71
5.3,85.3,No,8.1,8,54.16
1.6,40.7,Yes,5.6,3,18.16
5.5,52.8,No,8.0,6,39.72
8.3,43.8,No,7.4,2,28.79
4.2,86.0,Yes,5.7,8,62.43
3.4,84.6,No,8.4,9,58.99
2.1,88.0,No,6.5,1,38.18
2.2,40.3,No,7.2,4,17.27
4.5,69.6,No,6.5,6,45.71
5.8,81.6,No,6.3,2,55.84
1.6,49.2,No,8.2,6,32.81
8.5,78.3,No,5.5,7,58.53
7.0,45.0,No,4.2,6,45.41
5.7,50.7,Yes,8.4,8,40.72
7.6,68.1,No,8.1,5,51.27
1.6,78.6,Yes,5.8,3,44.72
4.8,48.6,Yes,4.9,2,32.51
6.0,50.9,No,7.4,2,36.23
7.6,52.1,No,4.4,2,46.65
7.3,54.1,No,6.1,5,43.06
3.2,53.4,No,4.4,4,26.1
8.5,63.3,No,7.0,2,45.34
2.0,78.6,No,4.1,5,48.68
8.0,65.8,Yes,7.1,7,57.2
8.8,85.8,Yes,7.4,5,60.61
2.4,82.4,Yes,6.4,8,44.56
6.8,47.5,No,4.9,6,37.27
1.3,42.9,Yes,4.5,9,27.0
4.2,91.8,Yes,5.6,5,55.7
5.1,44.7,No,6.3,8,26.86
5.6,48.8,No,7.2,6,31.55
8.5,41.3,No,4.0,7,44.79
6.4,77.1,Yes,7.6,8,60.1
4.9,74.4,No,7.6,4,51.97
7.5,98.2,No,6.2,4,72.98
8.6,92.3,No,5.7,6,66.49
1.2,64.2,No,8.2,2,29.88
8.9,61.9,Yes,7.9,9,55.5
1.7,57.5,No,8.9,8,35.36
7.5,49.0,Yes,5.9,2,42.98
3.2,48.1,Yes,8.5,1,35.19
2.1,47.8,Yes,4.4,4,28.56
4.5,46.7,No,6.1,4,33.25
6.2,54.2,No,6.3,2,44.73
4.0,58.1,No,6.2,5,35.64
1.4,96.7,No,7.1,3,56.64
5.8,74.1,Yes,4.9,3,52.12
8.2,98.3,No,8.3,3,72.7
4.1,62.0,No,6.8,4,37.4
2.7,67.0,No,8.5,5,33.86
4.5,59.2,No,4.0,4,38.03
1.4,50.8,Yes,7.1,9,31.9
7.6,48.4,No,6.1,4,36.3
7.6,95.8,No,6.5,7,69.31
5.7,98.2,No,7.7,5,61.75
3.8,42.6,No,5.1,9,25.91
7.4,48.9,No,5.0,9,40.1
5.4,65.0,Yes,7.5,8,43.18
7.6,51.0,No,6.6,6,39.72
6.1,61.5,No,5.2,6,46.73
7.3,47.6,Yes,6.4,2,43.25
5.8,66.9,Yes,6.3,7,57.55
4.3,56.0,No,7.5,9,37.98
8.7,60.8,Yes,4.0,9,58.22
5.3,45.6,Yes,6.9,2,32.88
5.8,65.3,No,7.0,9,47.82
2.8,98.0,No,7.7,7,61.02
6.0,59.4,Yes,8.4,5,48.94
5.6,91.7,No,6.2,5,58.44
2.5,89.7,No,5.7,6,50.05
1.5,96.2,No,4.5,8,52.96
5.8,86.6,No,5.7,2,52.92
7.1,78.9,No,4.3,3,59.06
5.2,90.5,Yes,8.0,7,59.54
2.8,44.5,No,8.0,3,21.98
6.3,67.3,Yes,6.1,1,47.19
1.6,98.4,Yes,5.3,6,57.46
4.5,85.4,No,4.6,7,53.38
2.3,96.8,Yes,8.3,9,67.56
2.5,86.0,No,8.4,1,44.42
2.6,91.6,No,5.3,9,55.16
4.1,81.7,Yes,7.1,7,46.48
1.4,84.9,Yes,5.3,8,48.24
4.2,70.9,No,5.1,3,37.13
5.1,94.5,No,4.1,5,56.43
4.9,88.7,No,6.9,3,47.7
4.1,89.8,No,4.7,7,52.96
7.7,79.7,Yes,4.1,2,56.53
2.2,58.0,Yes,4.5,6,32.32
5.0,42.1,No,5.6,2,25.04
1.5,95.2,Yes,7.3,9,56.2
1.6,74.6,No,5.0,6,38.46
5.6,57.6,No,8.4,5,40.77
5.5,48.8,No,5.4,6,34.64
8.0,88.9,No,5.7,6,66.59
5.5,89.4,No,5.1,6,58.3
8.7,88.1,No,5.3,6,64.7
1.4,78.1,No,4.4,9,47.37
1.8,61.6,No,5.5,7,36.62
1.4,57.9,No,8.3,1,27.13
2.5,40.5,No,7.4,9,30.47
5.3,89.2,No,8.4,6,60.32
6.2,45.2,No,4.5,8,35.07
1.4,77.2,Yes,6.3,3,40.88
8.6,69.7,Yes,5.1,3,54.88
7.7,71.1,Yes,7.6,9,55.06
3.4,94.7,Yes,8.9,9,54.98
1.6,41.9,No,8.1,5,22.52
2.4,85.6,Yes,4.2,5,52.78
2.0,43.1,No,5.6,3,16.51
2.0,42.3,No,4.1,7,26.87
5.1,65.4,Yes,4.2,7,39.28
3.0,43.7,Yes,4.4,3,22.07
3.9,86.6,No,5.4,8,61.98
8.9,71.2,No,5.5,6,58.47
6.5,41.7,No,6.0,3,29.81
8.6,42.4,No,6.0,6,40.13
2.1,76.1,No,7.9,1,44.77
4.1,87.6,No,4.7,6,48.58
5.4,65.8,Yes,4.8,7,52.38
1.6,72.7,No,7.1,4,36.76
1.0,87.2,Yes,6.9,4,50.17
6.4,76.0,No,4.8,3,48.37
6.1,53.3,No,8.3,5,46.33
4.3,76.2,No,5.6,1,44.35
4.9,77.1,Yes,5.8,6,46.85
4.3,83.3,No,6.1,2,51.72
1.2,76.6,No,5.6,4,44.61
3.7,97.2,No,6.8,6,64.79
2.4,51.6,Yes,5.9,6,31.08
1.8,96.1,No,5.3,7,58.1
8.7,71.8,No,8.5,1,52.21
5.8,79.6,No,5.5,6,56.66
6.8,45.9,No,7.5,9,41.24
3.5,62.5,No,5.7,8,28.39
4.1,85.4,Yes,6.2,8,52.97
2.9,81.7,Yes,5.2,6,50.47
1.8,42.4,No,7.8,4,21.82
2.4,72.2,No,7.7,1,38.19
7.4,45.2,Yes,4.1,5,38.08
6.4,98.8,No,4.3,5,70.86
5.4,92.9,No,8.6,7,64.66
4.8,41.2,Yes,8.4,1,18.1
8.4,90.7,No,6.5,6,75.55
1.6,94.2,Yes,6.5,7,47.56
3.2,60.9,Yes,8.1,1,38.99
3.8,82.5,No,4.7,3,41.99
7.3,66.1,No,7.3,9,58.6
8.9,78.7,Yes,6.4,8,63.89
2.9,60.1,No,7.7,6,37.78
8.0,59.0,Yes,4.2,8,42.02
7.6,65.0,Yes,7.0,2,51.94
2.8,48.6,Yes,6.8,7,32.62
4.2,89.0,Yes,8.2,2,57.76
4.3,60.6,Yes,7.4,3,42.69
8.8,63.6,No,8.4,2,50.9
2.4,92.7,No,8.4,5,53.3
7.4,69.3,Yes,6.0,5,49.74
3.7,72.1,Yes,4.7,6,43.85
6.8,96.4,Yes,7.2,6,73.96
4.4,92.3,No,8.4,7,56.89
5.6,50.0,Yes,4.4,8,31.34
7.7,67.9,Yes,6.8,4,48.37
7.4,97.3,No,4.6,9,73.42
7.9,62.0,No,4.1,3,44.85
1.5,61.9,Yes,7.4,5,36.72
6.5,51.5,No,7.4,3,29.61
2.1,46.7,Yes,7.0,2,12.32
4.3,83.7,Yes,8.3,5,55.9
5.4,85.4,No,4.4,9,62.71
4.2,97.2,No,4.5,6,53.62
5.2,85.6,No,8.3,4,57.9
9.0,54.4,Yes,6.5,7,54.51
2.1,42.4,No,5.4,5,21.75
6.4,98.1,Yes,7.7,7,73.67
4.2,60.1,No,8.5,2,37.22
2.1,58.4,No,7.4,2,28.73
2.3,93.5,Yes,8.0,9,61.91
8.6,74.5,No,5.4,4,64.21
8.0,52.7,No,5.4,1,37.44
8.3,92.5,Yes,8.3,9,72.79
8.9,98.6,No,7.1,1,66.16
2.7,45.1,No,5.2,2,23.02
3.8,90.9,Yes,6.6,9,59.86
6.4,63.0,No,7.4,3,48.71
4.9,70.9,No,5.1,1,48.24
4.3,94.0,No,7.3,3,60.71
3.9,97.4,No,4.2,9,66.19
5.8,55.5,No,5.5,2,33.64
5.6,52.6,Yes,7.4,5,35.18
2.3,44.8,No,4.7,1,22.03
4.8,73.1,Yes,5.1,1,45.25
5.4,40.8,Yes,8.4,7,41.51
5.6,64.3,Yes,7.4,3,36.65
2.7,44.3,No,6.5,1,24.18
6.9,63.9,No,5.1,1,45.92
1.2,42.4,Yes,5.7,5,18.15
3.8,89.3,No,6.9,3,49.44
7.2,52.4,Yes,4.8,4,39.78
5.5,59.4,No,6.4,6,35.2
3.1,91.3,No,6.0,2,57.37
6.6,84.0,Yes,6.4,7,72.27
5.5,52.9,Yes,4.5,5,36.55
7.4,44.2,Yes,4.5,8,37.13
6.9,82.2,Yes,8.8,4,54.52
5.9,63.1,No,8.9,8,43.11
4.9,85.2,Yes,6.1,4,53.18
2.1,66.3,No,7.9,5,41.94
3.1,60.4,No,7.3,3,47.06
4.4,66.6,No,4.6,4,38.0
5.8,84.2,Yes,5.5,9,57.27
5.1,93.2,No,5.6,5,55.27
3.3,42.9,No,7.0,4,26.82
1.1,70.9,No,6.9,4,37.52
5.0,41.9,No,8.6,7,32.04
3.3,67.6,Yes,8.0,2,38.3
6.9,92.2,Yes,8.3,4,70.98
1.2,61.3,No,8.5,3,33.62
5.7,95.0,No,8.0,7,67.89
8.5,77.2,No,5.7,4,59.6
2.4,95.1,Yes,5.1,8,57.23
4.8,84.7,No,6.9,5,51.62
1.7,46.1,Yes,7.4,9,30.75
6.0,53.6,Yes,5.9,9,44.96
5.4,63.3,No,8.2,3,44.43
4.3,50.0,Yes,8.8,9,31.63
5.2,69.2,No,6.8,4,46.74
8.2,67.8,No,6.3,9,54.6
2.6,96.4,No,8.2,2,50.65
1.2,65.6,No,4.1,5,35.87
7.9,86.4,No,4.6,6,63.91
5.6,95.6,Yes,8.2,3,72.99
8.1,91.7,No,7.7,2,66.96
5.8,52.3,No,6.1,1,32.87
7.5,69.3,No,8.4,7,53.81
4.4,60.5,No,5.8,4,33.22
7.0,63.6,Yes,7.2,8,56.34
8.3,61.3,Yes,7.2,8,54.56
5.6,88.8,Yes,4.9,8,63.39
2.4,66.7,No,5.4,2,30.63
3.2,70.9,No,8.6,5,45.96
2.6,98.0,No,4.9,8,54.88
3.0,43.5,No,4.9,2,19.89
3.5,68.8,No,6.4,2,39.56
5.4,85.7,Yes,4.5,1,51.77
5.7,48.9,Yes,8.5,6,35.13
4.4,76.1,No,4.5,5,47.28
5.9,54.1,No,7.1,1,39.96
1.7,91.2,Yes,5.7,8,57.6
1.7,59.3,No,8.0,8,37.27
2.4,59.4,Yes,6.9,5,36.81
5.1,75.3,No,5.9,3,45.91
2.7,50.8,Yes,8.9,8,38.23
3.3,56.8,No,4.3,3,24.44
4.2,64.6,Yes,6.9,4,43.45
7.5,60.9,No,8.9,7,52.8
1.1,71.0,No,7.5,7,38.58
6.2,75.4,No,7.7,4,49.11
6.4,73.4,No,4.2,9,53.65
7.4,78.6,Yes,4.1,6,55.54
8.5,58.2,Yes,4.2,8,52.68
1.2,47.5,No,9.0,7,29.34
2.2,84.9,No,8.9,4,50.05
8.1,90.2,Yes,5.7,2,66.26
4.7,55.2,No,5.5,2,36.59
5.5,64.0,Yes,4.7,8,50.5
6.3,69.4,Yes,5.6,8,49.46
6.4,71.5,No,5.9,1,40.95
8.5,78.9,No,7.7,1,58.49
9.0,42.5,No,8.3,4,43.14
6.8,82.6,No,7.7,1,49.01
3.3,43.7,No,7.2,1,23.41
8.0,67.6,Yes,7.8,5,58.82
1.4,88.8,No,7.7,1,45.2
2.8,66.6,No,6.4,6,45.53
8.2,48.8,Yes,5.7,4,47.03
3.0,98.1,Yes,5.4,5,58.43
2.8,92.5,No,7.4,9,56.08
2.1,85.5,No,8.8,2,45.29
7.9,64.3,Yes,6.9,3,50.45
5.0,50.8,Yes,8.6,3,30.64
6.4,95.5,Yes,4.1,9,63.22
2.9,71.4,Yes,8.0,3,33.13
7.1,90.3,No,8.3,5,64.06
7.1,60.2,No,7.2,6,54.63
3.5,59.8,No,8.7,6,29.93
4.3,98.1,Yes,6.9,6,62.94
2.7,70.8,No,5.2,1,36.19
8.8,48.3,Yes,5.1,6,43.74
6.2,53.0,Yes,6.8,1,42.23
8.5,68.4,No,8.5,6,51.91
3.4,42.5,Yes,4.4,6,19.33
7.3,67.3,Yes,7.0,3,48.08
7.1,64.7,No,7.8,3,44.52
6.5,86.0,Yes,4.6,6,52.13
8.7,60.9,No,4.6,2,47.79
4.1,98.0,Yes,5.8,5,57.24
2.0,50.7,Yes,5.4,3,26.23
6.4,74.9,No,5.0,5,50.4
6.8,45.3,No,5.0,3,29.36
5.6,83.3,No,4.7,2,56.0
2.7,98.7,No,7.1,4,55.75
5.0,88.3,No,7.4,5,57.78
3.5,72.8,No,7.5,6,47.57
4.4,68.6,Yes,6.7,2,44.13
6.2,89.3,No,8.8,3,60.45
7.0,95.2,No,8.4,3,62.0
2.9,98.4,No,8.8,6,55.03
4.2,63.4,No,5.9,1,37.45
3.2,98.5,Yes,8.4,7,58.57
2.6,49.2,No,7.8,8,33.7
7.3,55.0,No,5.7,7,43.51
8.3,45.3,No,4.5,4,40.44
4.0,56.0,No,7.4,7,33.15
7.0,85.3,No,4.7,1,51.82
8.2,90.3,No,5.5,8,74.94
7.8,86.0,No,6.5,3,60.4
2.5,77.2,No,7.4,9,51.31
8.7,70.3,No,8.6,1,47.43
4.0,81.8,No,7.0,6,50.58
3.7,63.1,No,7.4,1,41.07
1.5,89.6,Yes,5.6,8,46.39
4.9,80.0,No,7.4,3,59.67
1.9,81.2,No,6.2,4,44.87
3.0,71.6,No,8.3,6,40.28
3.5,92.2,No,6.0,4,56.17
7.5,54.9,Yes,6.3,8,51.47
8.0,62.5,Yes,6.2,9,50.37
3.4,85.9,Yes,8.1,5,51.07
7.9,69.1,No,8.8,1,51.42
7.9,92.5,Yes,5.6,8,72.13
7.1,60.4,No,6.4,2,42.41
2.2,61.8,Yes,7.5,6,38.43
6.5,92.4,No,8.5,6,68.37
8.6,67.4,Yes,6.5,7,57.22
6.5,70.5,Yes,4.5,9,51.17
3.7,59.6,No,5.8,1,32.97
5.0,56.3,Yes,6.8,8,48.93
6.2,78.7,No,6.1,5,55.4
5.1,47.1,Yes,4.9,6,39.19
2.0,91.9,No,4.2,8,51.04
3.5,86.0,No,7.4,8,55.75
7.4,51.3,Yes,9.0,7,48.16
7.9,80.9,Yes,8.6,7,69.83
2.1,75.6,Yes,7.4,1,45.76
8.6,50.9,No,8.2,8,42.29
3.6,56.1,Yes,5.3,3,38.37
6.3,64.1,No,7.1,5,52.81
7.0,81.3,No,4.3,4,53.91
7.5,77.7,No,7.5,3,52.19
8.6,71.4,Yes,8.8,5,58.2
3.5,85.3,Yes,8.3,3,52.9
7.9,84.7,Yes,6.7,9,65.47
2.1,76.5,No,7.9,9,41.64
6.6,86.4,Yes,8.7,6,69.14
6.9,59.7,No,5.1,3,39.16
6.4,92.0,No,8.0,5,61.41
3.0,76.3,Yes,5.3,8,48.79
8.0,88.5,No,8.4,9,62.74
2.4,72.2,Yes,4.5,3,33.72
1.4,52.9,Yes,4.9,5,26.04
6.7,72.0,Yes,7.6,2,54.49
4.8,61.9,Yes,4.9,2,39.95
7.8,81.2,No,4.8,2,48.45
4.1,68.1,No,6.8,6,49.08
2.3,89.3,Yes,8.2,3,54.82
7.7,80.0,No,5.3,5,59.13
5.4,80.4,No,8.2,8,57.05
2.5,52.8,Yes,8.0,5,34.38
6.8,98.1,Yes,6.9,2,75.91
5.1,89.7,No,7.2,6,62.73
5.8,86.6,No,4.2,2,55.98
4.7,59.5,No,5.8,8,36.23
7.6,71.6,No,5.3,2,51.42
7.6,48.1,No,4.8,7,43.54
6.7,71.8,No,5.9,4,49.87
1.8,48.6,No,5.8,4,22.19
7.7,72.6,No,7.6,8,59.53
6.4,78.3,Yes,7.0,4,51.43
6.6,63.0,No,8.6,8,52.55
3.9,69.4,Yes,4.7,9,45.26
8.0,91.7,No,4.3,8,59.71
6.8,46.4,No,6.7,4,33.9
1.9,86.7,No,4.0,5,47.15
4.3,50.1,Yes,7.9,6,37.39
8.1,42.2,No,6.5,9,42.09
1.4,50.9,No,6.4,5,20.43
8.7,85.1,No,5.8,2,62.22
6.4,63.9,No,5.9,7,45.24
6.1,91.5,No,6.2,6,60.84
3.2,71.0,Yes,4.1,3,37.02
3.0,41.3,No,4.4,8,25.23
8.5,82.3,No,6.5,3,73.25
3.4,46.5,Yes,4.8,4,35.39
7.2,86.6,Yes,7.9,9,62.82
4.1,49.9,Yes,5.4,4,32.43
2.1,60.4,No,4.5,2,28.65
1.1,84.9,No,5.2,9,48.5
5.4,96.3,No,5.8,8,68.54
8.8,61.9,No,4.2,4,48.52
4.0,88.9,Yes,4.7,6,53.58
3.9,51.3,No,5.6,6,37.07
3.8,87.6,Yes,5.6,2,47.34
5.2,78.8,Yes,8.0,9,57.84
4.5,51.4,No,8.2,6,29.28
8.0,57.8,Yes,5.0,5,43.19
5.0,47.8,No,4.6,2,32.7
5.1,62.6,No,7.2,1,36.16
2.1,52.0,No,8.0,7,22.78
8.9,78.0,Yes,8.8,4,59.29
3.0,98.7,No,4.0,7,55.6
1.6,40.7,No,6.1,5,14.77
6.3,71.9,No,7.7,1,49.98
5.8,73.8,No,8.1,5,44.78
4.3,93.9,No,4.3,4,54.74
4.4,69.9,No,7.4,1,42.15
7.3,72.1,No,5.4,2,48.86
2.6,67.8,No,4.4,9,39.44
7.6,55.9,No,6.4,1,37.91
6.2,43.3,No,4.8,4,26.7
4.4,64.1,No,7.7,8,41.27
4.7,43.1,Yes,7.7,5,33.74
3.1,72.5,No,8.2,7,43.27
7.0,58.1,Yes,5.9,2,43.54
5.1,71.5,Yes,4.1,4,51.44
3.6,47.9,Yes,5.3,4,31.89
5.8,95.0,Yes,6.3,1,56.17
9.0,92.8,No,7.5,8,74.26
4.5,51.2,No,5.9,3,35.89
8.4,60.3,Yes,6.7,4,47.12
3.8,76.2,No,6.6,2,38.02
1.4,45.6,Yes,4.8,5,21.65
2.6,60.9,No,7.1,5,35.73
4.3,54.8,No,6.2,3,36.01
2.8,94.0,No,8.0,8,55.83
1.0,90.3,Yes,7.5,1,38.82
8.3,74.2,No,4.6,2,48.64
7.8,70.7,No,6.4,1,51.62
6.9,94.9,No,7.5,6,75.06
2.3,95.0,Yes,4.4,4,54.25
2.0,97.2,No,8.0,1,57.46
1.5,47.4,Yes,5.1,7,22.21
6.8,49.5,No,6.5,9,38.88
8.4,79.9,Yes,8.7,5,53.65
4.4,71.9,No,6.9,7,49.1
2.0,41.1,Yes,6.1,4,18.11
5.1,43.7,No,4.0,4,31.15
3.8,92.4,No,4.7,4,52.97
4.0,91.3,No,6.9,5,64.6
6.0,61.1,No,6.5,8,52.73
6.7,92.6,Yes,5.8,4,55.23
1.9,75.0,Yes,8.6,7,47.64
1.3,87.5,Yes,5.7,9,48.73
9.0,65.2,No,6.7,6,56.58
2.9,46.7,No,6.8,4,20.73
1.4,65.6,No,6.6,5,40.35
2.5,67.0,Yes,6.4,8,46.06
1.3,72.5,No,5.7,4,31.6
4.1,46.2,No,8.5,4,28.97
7.4,98.5,No,6.3,7,71.39
3.7,54.4,No,6.6,6,37.3
4.6,51.7,Yes,7.3,1,32.58
6.4,71.1,Yes,4.3,9,57.24
5.1,71.7,Yes,7.9,5,49.07
7.9,65.9,No,6.6,2,50.97
7.9,85.5,No,7.3,5,57.59
1.1,70.5,Yes,7.9,8,40.93
7.2,76.0,Yes,8.4,6,62.89
4.7,82.7,Yes,6.0,8,62.26
8.9,41.5,No,8.1,5,40.08
4.9,73.7,Yes,5.3,4,47.79
8.9,92.2,Yes,7.3,3,74.83
7.0,41.0,Yes,4.5,2,31.71
3.0,63.9,No,4.1,9,44.23
5.3,94.6,No,4.5,1,57.22
8.9,60.8,No,5.6,2,47.84
7.9,67.1,Yes,4.2,6,48.43
1.8,97.9,No,7.2,6,50.86
6.7,51.8,Yes,5.6,1,41.13
3.8,43.9,No,7.7,8,37.09
1.1,90.7,Yes,4.2,4,48.88
4.2,91.2,Yes,5.1,7,58.78
2.9,67.9,No,6.0,9,46.61
7.6,70.3,Yes,5.9,2,52.9
3.7,89.3,Yes,4.7,7,47.2
7.6,83.6,No,9.0,1,62.56
1.0,55.6,No,5.4,3,20.12
3.5,41.0,No,7.6,4,24.45
2.9,68.3,No,5.1,3,35.98
2.9,90.7,No,8.4,8,53.77
1.5,92.9,No,5.9,7,52.74
2.5,96.4,No,8.5,3,58.47
5.4,91.9,No,5.7,7,61.76
3.3,74.2,Yes,4.0,2,48.22
4.3,66.2,Yes,6.6,3,48.26
4.0,85.7,No,6.6,7,60.82
8.0,83.6,No,4.6,5,60.82
8.2,71.8,No,5.2,9,56.01
4.9,45.2,Yes,7.9,8,35.38
3.6,94.6,Yes,4.2,6,63.36
1.9,66.9,Yes,6.4,4,41.3
8.6,61.4,Yes,6.7,3,39.61
1.5,77.1,No,7.4,6,43.99
3.4,79.8,No,4.2,9,40.71
3.4,52.4,No,6.9,5,31.61
3.6,89.4,No,4.0,7,52.63
2.3,57.1,No,5.3,7,29.43
7.3,51.0,No,6.5,7,45.37
2.0,64.0,No,8.6,9,36.37
6.1,83.1,No,4.6,2,53.48
2.0,97.0,No,4.8,8,52.76
1.6,87.7,No,7.3,2,46.39
8.3,95.5,No,5.9,1,69.97
2.5,48.3,No,7.1,6,24.42
7.6,44.2,No,9.0,2,38.2
5.4,72.9,No,8.9,5,49.94
1.6,57.1,No,5.8,1,26.63
8.6,88.9,Yes,6.5,7,68.23
3.0,79.6,Yes,8.5,1,49.03
7.9,97.3,No,4.5,8,73.92
2.4,55.0,Yes,6.3,5,31.37
7.8,68.7,No,5.9,5,52.94
1.1,69.6,Yes,5.5,3,38.57
5.1,54.1,Yes,9.0,2,39.06
7.2,74.8,No,7.7,6,54.42
8.5,66.2,No,5.9,4,56.13
8.3,66.4,No,8.1,4,55.41
7.6,61.4,Yes,6.4,6,58.06
8.1,41.0,No,8.4,2,28.53
2.6,70.8,No,5.3,2,40.51
3.3,59.8,Yes,5.1,4,40.41
3.3,40.1,Yes,5.2,6,29.74
4.0,58.2,No,6.7,2,33.21
4.1,56.4,Yes,5.5,7,33.06
5.4,63.2,No,4.7,8,50.77
2.3,47.8,Yes,9.0,9,29.73
6.5,70.0,No,8.5,6,50.32
2.3,80.9,Yes,7.2,2,53.6
3.5,77.2,No,8.5,6,43.11
5.0,87.4,No,8.7,8,63.17
7.4,66.7,Yes,7.4,1,45.67
6.9,70.6,No,6.6,6,49.0
6.2,87.8,No,8.4,1,57.93
2.2,65.2,No,6.8,6,40.0
5.4,81.4,No,4.6,4,56.13
1.7,65.6,Yes,5.8,3,39.19
4.0,64.6,No,6.2,3,35.9
4.3,84.9,No,8.7,4,48.78
1.3,50.3,No,7.3,3,22.43
3.2,60.0,No,8.4,9,40.91
8.6,53.2,Yes,7.8,4,45.54
8.6,61.2,Yes,5.5,1,33.28
3.8,53.6,No,7.6,4,25.63
1.3,74.2,No,5.0,1,34.7
2.4,87.1,Yes,6.0,3,53.07
4.1,86.4,Yes,8.0,4,51.48
8.6,61.5,No,7.1,4,52.32
2.1,98.3,Yes,8.1,9,55.29
7.1,75.0,Yes,5.3,6,57.22
1.9,63.6,Yes,7.7,3,35.86
8.9,89.3,No,5.0,7,70.18
4.1,83.1,No,6.7,4,46.83
7.2,84.2,No,6.2,7,55.41
3.7,51.6,No,6.8,2,32.51
6.0,67.6,Yes,4.7,7,43.5
2.5,90.8,Yes,5.8,8,52.99
2.2,69.7,No,7.3,7,46.36
8.5,80.3,Yes,6.8,6,64.15
8.3,74.7,No,6.7,4,58.04
8.1,89.7,No,6.6,9,71.39
6.0,56.8,Yes,8.7,1,42.23
7.5,74.0,No,8.7,5,55.42
1.6,47.3,No,5.8,1,16.76
3.7,80.7,No,5.8,1,56.47
3.5,83.2,Yes,6.8,6,51.52
6.1,42.5,Yes,4.5,6,35.14
3.8,79.9,No,5.5,7,52.11
2.2,64.5,No,5.2,9,36.28
5.8,47.3,Yes,5.1,6,34.47
7.5,64.8,No,7.2,2,53.08
4.1,51.5,No,5.9,4,28.63
2.1,64.5,No,4.9,9,39.65
2.6,62.7,Yes,8.4,2,39.1
2.9,83.6,Yes,8.4,7,51.98
3.4,85.7,Yes,8.3,4,52.55
6.1,75.8,Yes,6.0,6,58.35
5.8,41.3,No,4.3,1,26.29
6.6,94.9,Yes,4.5,8,59.78
3.9,80.5,No,5.4,6,56.01
7.6,42.0,Yes,5.1,7,34.43
2.6,88.3,No,8.4,6,53.58
4.8,51.8,Yes,8.9,7,33.37
7.4,74.2,Yes,8.1,5,54.71
2.4,67.5,Yes,7.6,3,36.84
1.9,64.8,No,6.9,6,36.83
8.1,92.5,Yes,7.8,9,69.0
3.7,65.8,Yes,8.7,6,51.57
6.5,44.4,Yes,7.0,9,39.45
1.2,95.9,No,4.8,2,52.55
6.5,94.3,No,4.8,1,60.58
3.5,80.4,No,6.9,4,52.01
1.4,67.6,No,5.7,5,27.04
5.9,45.5,Yes,8.6,7,34.68
2.9,86.7,No,7.1,8,51.44
4.1,44.5,Yes,7.4,1,25.04
1.6,44.0,No,4.0,6,24.03
2.2,71.7,No,6.5,1,39.21
3.4,49.4,No,6.2,8,31.69
1.7,40.5,Yes,7.5,1,18.68
8.3,65.0,Yes,5.9,4,61.52
1.0,48.1,No,8.9,3,23.73
4.9,49.5,No,7.4,2,22.5
2.0,44.5,Yes,7.3,8,30.59
3.5,52.1,Yes,8.6,6,36.89
8.4,82.2,No,9.0,4,66.78
2.3,87.7,No,5.0,3,50.16
8.7,66.7,No,8.1,6,51.24
2.6,69.9,Yes,4.8,6,45.33
6.9,41.9,No,6.3,5,34.4
5.4,44.1,Yes,4.5,3,34.77
8.1,55.2,No,7.1,9,54.55
5.4,72.1,Yes,6.3,6,50.18
5.3,83.6,Yes,7.1,5,60.23
2.6,75.7,Yes,7.4,7,51.02
2.3,63.1,No,7.1,1,32.98
8.3,47.0,No,5.5,7,49.64
3.6,86.1,No,8.2,1,53.95
4.0,61.5,No,6.8,9,39.38
7.1,83.4,No,6.4,6,61.17
3.7,70.3,No,8.9,7,49.05
8.6,83.6,No,5.4,7,72.14
6.9,93.5,No,6.6,1,64.32
5.8,94.3,Yes,7.4,2,63.28
8.0,71.6,No,4.6,3,57.37
1.4,70.2,Yes,5.8,8,39.93
3.1,55.7,No,8.0,9,32.49
4.7,95.2,Yes,5.2,8,66.72
2.8,67.0,No,6.5,6,38.12
7.0,47.5,No,7.2,2,46.22
8.4,65.5,Yes,7.4,2,52.26
4.4,47.5,No,7.6,7,35.97
3.7,69.6,No,8.3,9,44.15
8.7,73.1,Yes,6.0,6,64.34
4.6,59.9,Yes,7.5,1,37.56
4.9,44.2,Yes,7.7,9,35.08
3.8,95.7,No,5.5,7,59.33
8.3,85.6,No,8.8,3,57.84
5.6,89.5,No,8.3,2,56.5
7.1,61.6,Yes,5.4,3,48.0
7.5,84.9,Yes,7.4,2,54.54
3.7,68.6,Yes,7.6,2,45.74
4.5,51.9,Yes,6.2,4,33.38
7.8,47.3,No,8.3,6,41.98
3.9,60.4,No,7.5,3,27.42
7.4,48.1,Yes,7.3,9,44.76
8.5,98.9,No,5.1,5,67.53
6.0,42.9,Yes,6.0,5,32.22
6.9,66.0,No,6.2,7,43.75
7.4,66.7,Yes,7.7,9,51.85
7.8,57.7,No,7.1,1,42.03
4.2,73.7,Yes,4.4,9,49.01
1.4,48.8,No,5.5,2,25.19
4.2,86.3,Yes,6.4,3,46.26
6.4,59.6,Yes,7.7,5,45.11
4.6,74.9,No,7.7,4,47.33
7.0,82.2,Yes,6.5,5,58.06
3.9,92.5,No,4.6,5,52.29
6.1,89.3,No,5.5,5,64.38
2.5,75.9,No,5.3,5,51.06
7.0,62.9,No,7.9,2,38.14
5.4,69.7,Yes,4.9,1,40.79
2.6,85.4,No,6.3,8,47.71
3.3,91.8,No,7.4,3,52.62
7.0,46.1,No,8.8,7,44.3
4.9,62.7,Yes,9.0,8,48.39
2.7,85.8,No,8.8,6,50.99
8.7,65.5,Yes,7.6,6,55.53
6.7,59.6,Yes,7.7,3,43.28
8.7,64.3,Yes,7.8,9,59.98
4.4,75.6,Yes,8.3,3,52.05
4.8,99.0,Yes,8.8,5,67.76
8.2,69.1,Yes,6.2,6,46.92
5.2,52.3,No,6.1,1,32.67
6.7,49.6,Yes,6.3,9,41.89
3.0,42.5,No,7.3,7,30.53
4.6,73.0,Yes,7.9,1,46.62
2.0,72.1,Yes,8.4,6,45.11
2.6,52.1,No,6.3,7,29.02
1.0,81.0,No,5.8,5,46.22
1.3,83.7,No,8.9,5,51.02
8.8,55.3,No,5.2,7,41.37
2.9,60.3,Yes,5.1,3,29.29
6.3,98.4,No,7.6,3,68.31
7.7,62.1,No,4.9,1,43.6
5.4,84.9,Yes,6.0,8,63.86
2.2,66.7,No,5.5,2,35.34
6.8,86.8,No,4.8,3,61.26
5.8,85.4,Yes,6.9,7,57.6
6.9,79.4,No,5.9,8,59.87
7.2,90.4,No,6.3,9,68.25
8.8,95.4,No,5.0,8,69.89
5.6,74.2,Yes,7.8,7,57.75
3.7,54.0,No,5.6,1,22.19
6.2,63.5,Yes,5.7,1,44.0
1.5,84.7,Yes,5.3,8,44.54
8.2,78.4,Yes,6.2,7,57.97
2.0,50.5,No,6.3,2,28.25
3.6,43.0,No,6.6,9,25.33
7.5,80.3,No,8.8,7,56.56
5.8,54.8,No,8.5,9,45.27
4.1,69.5,Yes,7.0,1,37.74
4.8,84.1,Yes,4.2,3,57.05
7.8,73.2,No,7.1,2,55.51
3.7,44.9,No,4.4,6,24.72
8.0,50.9,No,7.6,4,45.6
1.7,52.9,Yes,6.0,2,18.75
7.2,55.2,Yes,8.2,2,44.43
7.8,73.4,Yes,8.7,6,53.27
2.5,69.7,Yes,6.1,9,42.02
4.4,52.0,Yes,6.3,6,34.29
2.3,44.0,No,7.0,4,28.31
6.7,50.1,No,5.0,9,38.89
5.3,98.1,No,8.6,2,61.79
6.1,67.6,Yes,6.2,6,47.81
2.6,91.2,Yes,4.8,7,51.24
2.7,90.1,No,7.8,3,47.19
1.3,70.2,No,5.1,4,36.91
3.6,81.7,No,4.7,7,50.34
5.5,51.4,No,6.8,9,42.49
7.9,80.6,No,7.4,5,59.0
6.3,56.1,Yes,6.8,2,39.48
4.5,89.1,Yes,7.3,8,63.54
8.6,44.9,No,4.6,9,41.07
6.8,85.6,No,6.4,2,51.65
8.4,45.9,Yes,5.8,1,41.65
5.2,92.0,No,8.9,4,57.28
3.1,57.9,No,4.2,1,30.21
1.4,78.6,No,5.5,1,36.21
6.8,68.8,Yes,8.7,5,48.37
2.0,61.6,Yes,8.9,7,29.97
3.4,78.1,No,8.1,3,47.41
5.3,95.9,No,4.4,7,49.47
5.5,42.4,No,6.8,5,36.17
5.8,94.2,No,6.0,8,68.97
2.3,75.9,No,8.0,7,41.56
4.0,87.6,No,4.3,1,56.54
5.9,62.6,Yes,5.0,1,49.97
8.8,67.8,No,6.4,7,54.68
6.8,91.3,No,4.8,6,65.17
8.4,64.5,No,7.5,9,55.37
7.1,71.5,No,8.1,8,61.37
5.7,41.2,No,7.5,6,26.29
2.5,49.4,No,6.2,6,27.33
6.3,77.9,Yes,8.4,9,63.28
6.0,82.3,Yes,4.7,4,59.18
5.8,74.4,Yes,5.3,9,54.82
4.9,48.5,Yes,6.4,8,42.42
5.2,66.3,No,4.3,3,42.9
3.7,61.0,Yes,4.5,4,37.71
5.2,69.2,No,6.0,7,50.22
2.6,91.3,No,8.7,3,51.9
7.4,85.8,No,8.5,3,61.09
2.5,45.0,No,6.3,8,23.97
1.7,92.5,Yes,4.7,5,63.83
4.5,67.8,No,4.9,5,40.99
6.3,83.9,Yes,5.9,8,64.17
4.5,48.3,No,5.1,6,39.67
3.2,79.6,Yes,4.4,5,42.67
5.5,53.9,No,7.4,1,37.22
3.8,65.9,Yes,6.9,5,42.31
8.5,41.0,Yes,5.5,8,48.02
8.4,48.9,No,7.9,9,42.04
5.0,45.4,No,7.9,6,29.75
3.6,54.1,Yes,6.5,3,32.83
6.9,45.9,No,4.5,8,36.0
1.3,80.8,Yes,8.6,5,43.83
4.8,41.7,Yes,7.3,2,36.17
3.7,76.4,No,5.2,1,43.5
8.4,48.3,No,7.1,8,40.97
1.1,95.8,No,6.0,2,47.65
5.4,95.1,Yes,7.2,3,63.98
6.9,53.3,Yes,6.4,9,46.89
4.9,76.3,No,6.4,1,44.01
1.7,41.7,Yes,7.7,8,18.66
8.8,95.0,No,7.1,2,68.16
5.1,70.9,Yes,4.4,8,49.72
5.9,42.6,No,4.3,2,26.06
2.9,60.2,Yes,5.5,7,42.79
4.9,44.5,Yes,6.2,3,32.55
4.4,63.2,No,5.4,4,39.88
1.6,79.5,No,7.3,1,38.97
1.8,67.7,No,5.0,1,39.98
7.7,62.6,No,7.5,8,46.62
2.9,47.0,No,7.9,8,28.07
2.6,54.5,No,4.6,2,25.71
5.0,45.9,No,7.3,4,32.44
7.1,87.6,No,8.8,2,63.23
1.5,48.0,No,5.0,8,20.57
5.6,75.1,No,8.5,7,50.39
2.0,60.2,No,7.0,7,36.22
1.3,53.3,No,7.0,3,22.75
1.4,77.7,No,4.3,5,39.29
7.7,67.0,Yes,7.7,1,50.45
1.9,63.6,Yes,6.4,4,31.36
1.4,75.0,No,7.6,4,40.74
4.5,69.0,Yes,8.0,1,45.62
7.8,57.9,No,6.6,7,47.52
3.1,73.0,No,5.3,5,48.37
4.4,79.5,No,4.7,1,49.22
1.3,41.6,No,4.8,5,19.0
4.6,67.5,Yes,8.3,8,46.92
5.6,43.4,No,4.6,8,40.36
5.6,51.0,No,5.9,2,30.84
3.7,73.1,Yes,5.7,1,41.47
3.5,91.1,No,8.3,2,51.77
1.9,92.1,No,6.4,6,53.83
3.9,44.1,Yes,9.0,5,39.43
1.8,64.7,No,7.7,4,35.59
7.1,74.4,No,8.3,8,55.88
8.7,48.7,Yes,4.5,5,44.08
8.8,85.2,No,5.3,4,58.05
7.9,83.9,No,4.7,8,62.67
5.8,93.3,Yes,6.3,1,67.14
6.6,40.5,No,7.6,9,38.7
3.3,52.8,Yes,4.8,2,34.84
6.0,88.8,No,4.7,8,65.71
4.6,79.6,Yes,7.1,9,53.05
4.9,92.8,Yes,5.2,8,70.41
7.1,43.4,No,6.4,9,31.33
3.3,75.2,Yes,4.3,4,46.0
3.5,73.6,Yes,7.4,2,35.83
8.4,42.1,No,6.7,3,29.49
1.4,70.3,No,7.2,8,43.84
4.9,76.0,No,5.4,5,46.18
8.3,51.3,No,5.4,4,46.86
5.9,56.1,No,8.0,3,30.29
5.4,77.8,No,7.6,3,50.18
3.0,67.6,No,6.9,7,36.57
3.7,90.6,Yes,7.1,8,58.18
7.8,60.2,Yes,4.5,5,54.14
5.5,55.7,No,8.3,8,49.0
5.1,98.1,No,7.8,9,69.05
1.8,93.8,No,7.0,4,45.35
1.1,41.7,No,8.6,2,13.06
8.7,85.5,Yes,4.8,5,66.13
4.0,46.5,Yes,7.4,2,25.8
5.8,41.6,No,8.8,2,32.3
1.6,56.1,No,5.6,6,36.51
6.5,55.9,Yes,4.1,1,34.7
8.5,88.3,No,7.7,2,60.24
5.6,81.9,Yes,4.0,5,50.56
2.0,97.9,No,8.4,5,55.1
5.7,82.0,No,4.3,3,52.64
7.1,64.7,No,7.3,5,48.63
4.3,81.2,Yes,5.9,9,59.02
8.0,99.0,Yes,5.0,2,71.16
6.2,81.9,Yes,8.5,6,59.07
8.2,84.9,No,7.7,8,66.1
6.0,95.4,Yes,5.7,3,63.71
2.1,46.7,Yes,5.4,2,23.19
3.5,81.6,No,7.7,1,43.81
2.6,90.2,No,8.2,1,44.92
8.3,96.3,No,7.6,4,70.26
7.1,52.4,No,7.2,6,39.86
6.4,69.7,No,5.1,7,52.62
3.4,80.2,No,8.3,8,51.6
2.5,54.6,No,7.7,8,33.5
7.1,75.4,Yes,6.6,1,56.76
4.8,55.2,No,6.6,8,33.51
2.8,59.7,No,6.8,1,38.44
5.9,66.0,No,8.1,3,36.38
1.3,71.2,No,7.7,5,43.93
3.6,66.5,No,8.3,8,44.45
4.7,69.1,Yes,6.5,8,46.75
2.2,57.6,No,7.1,6,26.79
8.9,49.4,No,8.3,4,40.93
2.7,42.8,No,5.2,4,21.97
2.0,51.6,Yes,6.2,8,32.21
2.6,74.3,No,7.1,3,47.2
7.2,86.4,Yes,8.6,8,66.33
4.4,50.0,Yes,4.1,4,33.61
5.5,46.4,Yes,5.1,9,38.78
1.2,84.2,Yes,5.2,2,42.3
1.3,58.0,No,5.6,1,25.28
4.6,96.1,No,5.4,4,59.04
7.5,82.1,No,7.0,9,65.61
8.1,59.3,No,8.4,7,46.09
1.7,57.1,No,7.2,9,31.53
5.3,70.9,No,5.2,9,51.51
8.3,44.7,No,8.3,9,38.79
4.1,46.9,No,7.2,9,33.94
7.6,50.4,No,5.1,7,39.77
2.1,85.7,No,5.8,8,52.34
8.5,70.3,No,7.9,2,58.67
7.0,40.6,Yes,7.7,9,36.5
8.5,79.7,No,6.9,2,61.55
6.4,65.0,No,4.7,8,49.12
3.9,70.1,No,8.0,2,40.12
8.5,52.6,Yes,5.5,8,47.98
3.2,72.6,No,7.9,3,47.28
3.7,97.8,No,7.2,2,56.61
6.6,44.3,No,5.3,6,40.28
7.1,56.8,Yes,5.1,6,44.7
8.4,54.3,Yes,4.7,1,37.2
2.6,54.7,No,5.2,7,31.49
7.4,62.3,No,4.8,1,37.62
6.9,88.3,Yes,7.1,4,61.5
1.5,93.9,Yes,7.0,6,52.76
4.1,51.9,No,6.9,8,42.84
3.3,72.0,No,7.2,8,52.1
3.4,77.6,No,8.1,7,49.31
8.9,70.8,No,8.6,5,61.9
6.1,65.6,No,5.2,6,44.99
6.7,51.3,Yes,6.9,8,37.62
8.8,68.8,No,4.4,3,54.58
4.0,63.7,Yes,4.6,6,42.83
7.4,86.9,No,7.3,4,58.06
4.5,85.1,Yes,6.4,3,50.12
8.0,47.9,No,7.8,3,42.91
2.4,45.2,No,6.1,4,17.16
8.6,93.6,Yes,4.6,6,72.99
2.8,71.6,Yes,8.4,1,39.22
3.6,90.6,Yes,4.4,2,55.49
7.0,43.4,No,4.9,4,37.81
4.2,71.1,Yes,5.4,9,45.37
5.9,71.8,Yes,9.0,8,49.69
4.6,90.8,No,6.1,8,65.56
6.9,45.8,No,6.5,7,37.78
2.8,54.2,Yes,7.8,6,35.33
1.5,64.0,No,7.2,7,39.18
3.4,91.1,No,8.2,6,52.39
4.8,95.4,No,6.4,3,62.8
2.3,98.6,Yes,8.9,6,62.41
3.8,96.6,No,8.0,7,67.23
4.2,40.4,No,6.0,6,32.72
1.5,42.8,No,5.9,2,18.55
5.7,48.7,No,8.6,6,39.66
8.1,60.6,No,7.4,2,46.28
2.2,89.0,No,7.1,1,48.14
5.8,92.7,No,7.8,5,57.66
6.3,51.0,No,6.8,4,36.43
4.4,76.6,Yes,4.8,9,45.26
6.6,94.1,Yes,5.6,9,68.39
4.3,67.4,No,6.8,9,51.33
5.0,46.1,No,4.1,3,32.41
1.1,67.0,No,6.2,3,33.18
6.5,62.2,No,7.8,3,43.34
6.3,74.1,No,4.8,5,48.94
1.3,65.9,Yes,4.3,6,32.15
3.9,41.0,Yes,8.2,6,32.33
8.8,98.6,No,7.1,3,65.36
4.4,72.1,No,4.9,2,36.48
5.0,67.9,Yes,8.0,6,51.44
8.3,96.3,No,7.3,4,70.44
6.7,49.2,Yes,5.7,9,42.51
5.7,51.2,Yes,5.9,2,36.12
7.4,87.7,Yes,4.8,4,70.71
7.9,55.4,No,8.2,2,43.12
4.7,87.2,Yes,6.5,5,58.22
4.8,56.0,Yes,6.8,3,45.46
4.1,42.0,No,8.4,4,26.71
8.7,70.5,No,4.1,9,64.87
6.6,51.6,Yes,4.3,5,31.21
1.7,84.7,No,4.8,9,44.47
7.9,77.8,Yes,4.2,5,55.95
4.8,94.5,No,7.3,9,66.26
1.6,86.2,No,7.2,8,56.96
5.4,50.7,No,5.1,1,29.35
4.3,87.2,Yes,4.7,3,57.88
8.0,77.9,No,4.7,5,66.61
2.6,79.5,No,8.8,3,51.43
7.6,89.1,Yes,7.5,1,61.16
5.5,73.9,Yes,6.9,2,52.31
1.4,67.5,No,5.6,2,34.29
8.8,77.6,No,6.2,4,56.5
5.1,57.6,Yes,4.4,6,42.09
3.3,50.8,No,9.0,2,27.08
4.8,76.4,Yes,7.8,6,52.62
7.9,53.8,Yes,7.1,1,36.56
3.4,44.7,No,6.9,8,22.55
2.5,40.0,Yes,6.5,3,20.74
2.0,75.9,No,5.3,8,45.4
3.4,61.4,Yes,5.1,3,31.72
7.2,84.4,No,6.7,1,59.34
4.8,62.1,No,4.4,4,39.33
2.8,68.7,No,4.4,3,40.0
2.3,64.0,Yes,6.8,8,43.64
3.7,78.4,No,8.6,1,50.8
8.5,61.0,Yes,8.6,9,57.45
3.7,96.9,No,4.1,9,60.12
8.9,95.2,No,4.5,6,71.77
4.9,90.0,Yes,6.9,5,68.81
2.4,94.3,No,8.2,5,58.9
8.1,66.5,Yes,8.8,6,55.32
4.7,71.6,Yes,8.3,7,49.52
6.7,83.8,Yes,7.4,8,60.43
8.9,81.1,No,5.0,3,55.47
1.4,92.6,No,4.4,1,53.41
1.8,82.3,Yes,4.2,5,47.9
6.8,98.9,No,7.1,1,59.78
3.3,60.6,Yes,4.2,2,33.74
2.5,89.1,Yes,7.7,8,60.73
1.3,81.2,No,7.6,3,40.62
1.2,80.8,No,4.4,4,38.11
7.2,59.2,Yes,8.5,6,49.66
2.1,86.4,Yes,6.6,8,55.18
4.7,93.1,No,8.5,1,55.15
5.8,52.9,Yes,8.5,2,35.46
4.4,76.9,Yes,5.0,6,52.35
1.2,63.1,No,5.9,8,30.19
7.3,98.4,No,4.7,8,68.32
1.1,68.3,No,7.9,3,33.73
7.1,53.5,No,6.5,4,43.58
8.1,62.5,Yes,8.6,4,49.33
4.5,78.6,No,5.0,4,50.77
5.3,44.5,Yes,7.4,2,35.65
4.8,75.6,No,8.9,6,48.76
4.1,94.9,No,7.3,8,74.47
8.1,90.2,No,4.3,9,73.97
8.2,44.0,No,6.9,1,36.44
3.7,98.6,No,4.9,1,55.41
5.9,81.2,Yes,4.2,9,56.68
8.4,49.6,No,5.7,4,47.9
8.7,40.7,No,5.3,7,39.75
5.1,50.1,No,7.9,2,26.76
4.6,89.5,Yes,5.9,1,48.03
3.2,41.3,Yes,7.7,7,28.46
8.7,53.8,Yes,4.1,6,47.4
2.1,84.7,Yes,4.1,3,43.03
5.6,74.6,No,4.1,4,42.65
3.3,86.2,Yes,5.1,1,41.35
3.2,84.0,Yes,5.9,7,49.9
4.2,43.0,No,7.0,9,29.96
9.0,92.7,No,8.9,1,70.21
1.4,53.4,No,5.8,2,24.02
5.6,72.7,No,4.3,2,50.23
1.7,78.0,Yes,5.0,6,46.67
2.2,49.9,Yes,8.5,5,31.51
4.5,97.6,Yes,7.5,6,68.07
5.1,68.8,No,8.0,1,37.42
3.1,43.4,Yes,4.6,6,24.72
3.5,95.3,No,4.7,6,67.28
1.7,74.6,Yes,4.6,7,35.29
3.4,81.3,No,8.3,2,46.04
8.7,71.0,No,5.0,6,58.15
8.6,89.2,No,7.2,9,62.52
3.7,42.0,No,6.6,9,26.19
5.6,55.8,No,6.7,2,44.69
8.3,67.7,No,5.0,5,52.99
1.0,44.5,No,7.2,7,20.51
7.5,81.6,No,4.2,5,59.23
8.6,63.2,No,9.0,3,48.08
1.7,56.1,Yes,4.1,1,33.78
2.3,40.2,No,4.3,7,18.18
8.7,82.5,Yes,5.6,8,64.26
5.3,89.2,Yes,8.2,6,55.36
1.1,63.3,No,5.3,7,32.3
3.1,73.3,Yes,6.4,9,47.17
4.6,53.4,Yes,4.1,2,38.08
6.5,76.7,Yes,4.4,5,50.57
6.9,40.7,No,7.0,3,33.74
9.0,68.8,No,5.0,2,52.64
3.3,78.0,No,7.5,3,37.87
5.3,94.2,No,7.9,4,58.24
5.3,62.5,No,8.3,2,37.51
4.2,85.1,Yes,4.7,2,58.4
2.4,75.3,Yes,6.3,8,48.64
8.8,94.7,No,8.7,3,70.34
7.8,63.5,Yes,7.9,3,32.53
5.0,58.8,Yes,4.6,4,31.66
5.8,92.3,No,6.5,5,64.49
2.8,42.9,No,8.6,3,26.76
5.4,48.0,Yes,6.2,6,33.01
6.6,44.9,No,8.2,3,34.1
5.1,89.7,No,6.5,8,60.47
8.9,40.6,No,4.5,4,37.37
5.9,90.8,No,4.7,5,58.64
4.0,66.6,Yes,4.2,3,43.75
7.2,40.2,No,5.0,5,37.5
2.4,63.7,No,8.5,7,34.28
4.1,51.0,No,7.3,3,26.33
3.8,76.8,No,7.7,3,42.84
4.5,80.1,No,7.1,1,48.02
7.3,68.8,No,5.9,2,49.79
4.9,42.4,Yes,5.1,4,32.51
7.4,78.7,No,8.6,9,65.14
5.6,89.7,No,6.6,3,59.32
3.7,82.5,No,6.4,5,51.32
7.5,89.0,No,9.0,9,74.47
2.9,51.8,Yes,5.9,4,30.45
2.8,92.4,Yes,8.3,4,57.82
5.0,59.0,No,8.3,6,42.4
3.1,40.8,Yes,5.2,7,25.66
1.1,89.8,Yes,4.5,6,48.96
6.2,95.6,No,8.9,4,69.85
5.1,78.7,No,6.1,7,52.62
4.6,53.7,No,4.0,3,31.2
8.7,54.9,No,6.5,3,41.8
5.6,67.5,No,7.1,7,49.57
7.9,93.0,No,7.9,6,66.46
2.1,48.8,Yes,8.7,2,27.5
5.6,88.7,Yes,8.6,1,58.56
7.9,57.2,No,8.7,6,45.74
5.7,87.7,No,4.2,9,55.07
6.7,94.3,Yes,7.6,3,61.24
4.0,65.2,Yes,5.1,9,41.34
1.7,61.5,No,4.9,6,29.03
4.7,87.3,No,8.0,4,57.28
4.2,71.2,No,6.1,2,50.68
7.9,80.4,No,8.6,9,61.66
3.0,76.7,No,4.2,5,42.58
8.7,49.0,No,8.0,5,41.11
8.7,89.8,Yes,4.7,2,68.97
3.0,51.6,No,4.9,5,31.04
3.8,95.0,No,6.4,6,58.75
8.2,54.8,Yes,6.0,2,38.92
8.7,83.3,Yes,6.4,1,57.81
4.5,56.8,No,8.7,6,39.43
3.6,58.7,No,7.3,9,40.18
5.2,58.3,No,5.5,9,42.31
6.5,84.1,Yes,4.9,9,65.04
3.2,72.9,No,6.1,5,38.23
6.9,92.1,No,6.3,1,62.0
1.4,58.1,Yes,7.0,3,31.11
1.4,80.8,No,5.3,8,41.68
4.1,84.4,Yes,7.8,9,55.3
3.8,48.9,No,4.5,4,31.7
3.5,63.6,No,6.8,3,32.56
4.9,68.5,No,7.1,2,52.71
3.6,61.0,No,5.0,5,38.74
2.5,59.0,No,8.1,2,31.37
3.5,80.5,No,7.1,9,51.01
8.8,52.7,No,7.2,9,51.88
4.3,81.9,Yes,6.5,3,49.68
4.6,95.2,No,8.5,4,58.63
5.6,73.3,Yes,7.5,9,60.54
8.9,76.1,Yes,5.9,1,55.59
2.9,44.1,Yes,5.2,7,28.49
6.5,91.0,Yes,4.4,2,57.53
6.7,56.8,No,4.8,9,46.09
5.9,76.3,No,9.0,3,53.73
1.7,97.8,Yes,6.0,6,63.38
6.4,75.1,No,8.5,5,49.77
1.5,82.8,No,4.9,2,36.19
5.8,66.3,No,6.1,9,47.77
6.9,43.6,Yes,8.8,3,33.38
2.7,87.1,Yes,4.5,6,51.97
7.7,42.1,Yes,7.0,9,43.15
1.2,81.3,Yes,8.6,8,57.31
7.8,41.4,No,8.7,5,34.88
4.7,90.9,No,8.2,6,50.48
2.7,49.3,Yes,8.3,3,27.69
2.1,70.3,Yes,7.3,5,42.19
8.6,75.2,Yes,5.1,6,56.17
1.6,67.0,No,7.7,3,35.55
2.6,60.1,Yes,8.9,2,34.75
3.8,67.6,No,6.6,9,45.91
6.0,58.4,No,5.3,7,45.82
5.4,65.8,Yes,6.9,4,45.02
2.0,61.2,No,7.5,3,34.29
3.3,73.4,No,5.0,4,35.36
2.9,54.0,No,7.6,9,31.09
2.7,98.3,No,6.9,9,59.38
4.3,69.6,No,7.1,6,41.06
6.6,51.5,Yes,5.5,9,43.39
2.7,68.1,Yes,4.8,9,41.97
3.9,91.1,No,7.1,6,55.33
4.1,41.3,No,6.9,5,30.4
8.8,80.1,Yes,5.7,3,61.6
8.6,72.3,No,5.5,1,48.65
7.4,50.0,No,5.7,4,36.59
2.9,88.2,Yes,6.4,1,53.16
1.5,61.8,No,8.9,1,31.07
3.5,57.3,No,7.8,6,40.95
3.1,88.9,No,8.3,5,56.84
5.0,77.7,No,6.5,7,50.88
7.2,93.0,Yes,6.6,1,69.55
7.9,77.2,No,5.0,1,59.84
7.8,83.7,No,7.6,8,56.92
3.9,89.4,No,6.1,6,55.67
6.5,43.2,Yes,7.7,8,35.97
3.5,85.8,No,6.0,6,51.41
1.5,76.2,No,4.5,6,37.8
6.6,44.1,Yes,4.9,7,33.27
1.1,70.0,No,8.1,2,38.13
4.3,44.9,No,5.3,3,22.45
3.6,83.4,Yes,5.3,4,51.34
6.5,72.2,No,8.6,1,43.58
7.1,96.3,Yes,7.3,9,77.27
3.4,50.8,Yes,4.6,9,34.71
7.5,75.8,Yes,4.7,4,58.75
3.4,52.5,Yes,5.4,1,30.09
4.6,76.2,Yes,7.0,1,46.24
6.8,82.6,No,7.8,6,59.8
6.5,82.6,Yes,5.4,2,62.21
8.9,88.1,No,8.4,1,60.65
2.8,90.4,No,4.5,2,39.44
6.3,44.6,No,5.0,7,31.95
5.9,60.3,No,8.9,4,37.75
8.3,80.5,No,4.7,7,65.47
2.3,69.4,No,8.4,7,40.55
7.0,51.2,Yes,7.5,4,44.3
5.5,72.6,No,4.4,2,45.91
3.2,64.0,No,6.4,9,41.22
4.8,63.0,Yes,6.6,3,41.99
3.7,87.8,No,8.7,1,57.03
5.6,64.0,No,6.1,8,47.1
8.1,41.6,Yes,6.2,4,41.85
5.6,43.4,No,4.6,9,38.15
6.1,90.5,No,7.2,8,63.07
5.1,96.7,No,5.1,7,63.21
1.4,80.6,No,4.4,9,44.34
2.9,61.5,No,9.0,2,39.38
4.9,95.4,Yes,5.3,4,57.64
3.5,79.1,No,4.7,5,44.16
2.5,89.8,Yes,7.5,5,52.42
5.0,85.2,No,8.1,1,48.14
3.6,62.4,Yes,4.3,9,39.44
3.1,68.2,Yes,4.5,9,48.66
4.7,51.0,No,4.5,5,35.75
2.1,57.2,No,4.2,3,26.91
8.4,85.9,Yes,7.3,8,71.63
7.9,92.7,No,6.9,7,77.21
6.7,82.7,No,7.3,5,59.48
1.8,67.4,Yes,6.5,1,40.68
7.2,45.1,Yes,8.1,7,43.82
7.5,43.4,No,6.7,1,31.99
7.1,62.1,No,8.6,1,45.13
1.9,67.4,Yes,6.4,9,43.58
6.2,75.9,No,8.0,6,50.94
7.7,40.4,No,6.0,7,25.99
5.6,98.4,Yes,6.2,2,60.32
6.2,61.5,Yes,8.2,8,39.88
4.7,90.0,Yes,4.5,7,56.6
5.2,71.6,No,6.8,5,40.91
1.3,47.7,Yes,7.6,8,31.28
6.1,87.1,Yes,7.8,2,53.98
1.7,81.9,No,7.0,6,48.02
4.5,71.1,Yes,6.2,4,49.13
3.3,70.4,No,5.3,7,46.1
5.4,45.2,Yes,8.5,6,27.75
2.1,78.7,No,5.8,6,49.02
6.5,93.8,Yes,8.0,5,67.97
7.4,45.5,Yes,4.2,5,41.08
2.3,55.5,No,5.2,2,35.08
1.8,93.2,No,5.7,7,56.6
2.2,56.8,No,7.4,7,28.29
8.0,78.6,No,5.6,8,63.44
5.2,71.6,No,4.2,4,39.86
4.7,75.2,No,4.9,9,50.85
1.9,64.5,No,5.3,3,30.86
6.2,57.7,No,4.9,3,39.5
7.9,42.9,No,5.0,2,28.15
7.6,83.9,No,7.8,7,57.57
6.0,84.0,Yes,6.1,2,54.16
1.6,79.6,Yes,6.0,7,45.37
1.9,78.0,Yes,8.8,3,42.26
1.4,54.4,No,6.2,1,30.21
3.1,41.3,No,8.6,8,28.99
2.1,87.7,No,5.5,8,53.02
3.1,69.0,Yes,6.0,1,37.26
4.1,58.1,Yes,6.0,6,33.19
8.5,46.0,No,6.7,4,39.84
5.9,43.7,No,6.9,5,39.93
7.7,60.6,Yes,5.2,8,51.44
6.7,87.5,No,8.0,8,68.23
1.9,94.2,No,6.5,7,59.42
6.9,92.9,Yes,4.0,5,67.32
3.2,94.3,No,7.0,6,58.03
6.1,93.6,No,8.0,8,62.06
3.7,71.1,No,5.3,5,42.25
9.0,52.9,Yes,4.2,3,43.35
3.1,87.1,Yes,8.0,9,58.26
3.2,52.6,Yes,8.9,9,31.24
8.4,55.8,Yes,4.4,1,41.48
1.2,53.8,No,8.7,7,30.94
6.6,70.4,Yes,5.8,4,47.87
6.8,59.0,No,8.7,6,42.02
7.7,49.1,Yes,7.2,7,40.52
8.8,66.7,No,8.5,8,55.72
8.8,91.6,No,7.9,5,59.6
1.5,73.7,No,4.1,5,35.67
7.6,91.8,Yes,4.3,6,70.87
6.2,51.6,Yes,6.6,7,42.41
6.2,49.9,Yes,4.6,5,39.4
2.0,74.0,Yes,6.3,5,35.15
6.2,67.3,Yes,8.8,4,47.46
8.9,79.0,Yes,5.5,1,58.55
8.3,86.9,No,6.4,7,67.9
4.5,84.3,No,5.9,7,59.29
1.3,95.6,Yes,7.1,6,58.63
3.9,63.5,No,5.0,2,34.09
7.6,52.2,Yes,5.3,2,38.3
6.6,72.5,No,8.3,6,58.8
4.7,46.5,No,8.1,9,33.59
1.4,57.0,No,7.9,5,25.68
4.4,52.3,Yes,7.9,7,36.81
4.8,63.4,Yes,6.3,2,45.94
8.4,46.6,Yes,7.6,6,39.75
6.1,41.9,No,5.9,6,30.91
3.5,78.8,No,4.5,6,44.13
5.2,76.0,No,6.0,6,54.62
1.5,81.8,No,4.8,4,44.17
8.8,79.0,No,6.0,5,64.41
3.9,46.7,No,5.5,4,34.4
4.8,57.2,No,7.0,6,32.91
3.8,47.6,Yes,5.8,9,31.18
6.5,89.7,No,7.5,5,60.27
6.3,84.1,Yes,6.6,5,59.58
6.7,51.9,Yes,8.6,3,42.3
3.1,60.1,Yes,4.5,7,35.86
3.5,97.0,No,7.4,5,56.24
2.0,75.1,No,7.4,2,43.41
6.2,87.3,Yes,8.8,9,67.36
1.3,55.6,No,5.9,5,29.27
5.8,52.4,No,5.5,7,30.12
8.0,86.3,No,4.9,7,69.02
8.1,80.5,No,5.3,8,62.86
4.6,80.2,No,6.5,4,49.74
4.7,72.6,No,8.2,7,45.85
1.6,73.3,Yes,5.4,3,36.53
6.4,83.4,Yes,4.8,9,58.01
7.6,55.9,No,5.4,8,38.04
3.0,60.8,Yes,4.5,9,36.11
4.4,91.4,Yes,8.6,2,50.94
7.7,58.2,No,8.4,4,45.51
8.0,72.2,Yes,5.5,1,48.3
2.9,81.5,Yes,5.2,8,54.15
5.4,99.0,No,8.5,4,57.86
2.5,65.7,No,4.0,4,40.34
1.8,65.3,No,7.0,7,40.44
8.3,89.7,No,8.6,6,63.52
7.6,87.5,No,6.5,3,61.07
7.1,83.1,Yes,4.0,8,58.67
1.4,67.3,Yes,5.1,2,36.33
7.7,59.1,Yes,8.6,1,52.79
4.5,75.9,No,4.1,2,49.77
3.7,91.7,No,6.0,9,56.2
5.4,92.1,No,7.9,5,61.35
1.7,46.4,No,8.2,5,30.53
7.1,65.3,Yes,6.4,6,52.75
5.7,67.4,No,5.2,3,48.11
2.5,97.7,No,7.0,1,56.04
2.5,80.0,No,5.3,8,48.1
2.5,64.0,No,5.3,7,37.03
1.5,41.5,No,8.0,8,18.33
5.7,73.4,No,4.8,9,49.32
7.7,45.7,No,4.0,2,31.31
1.1,89.2,Yes,5.7,5,47.76
1.4,84.4,Yes,6.5,2,45.2
5.6,67.2,Yes,7.5,8,49.74
7.6,65.3,Yes,7.9,4,51.81
3.6,92.9,No,7.3,4,58.58
3.8,57.0,No,7.1,8,36.29
5.8,54.7,No,7.3,7,43.73
3.2,95.4,No,5.4,1,57.73
1.2,87.7,No,5.9,7,50.3
6.9,88.4,Yes,7.1,3,59.81
6.0,51.5,No,4.3,5,40.44
5.6,48.5,No,5.5,8,38.71
6.9,41.5,No,6.0,6,36.94
6.4,54.0,No,6.7,8,48.6
2.6,85.7,Yes,6.4,5,53.93
3.8,54.2,No,7.6,9,43.58
2.0,83.0,No,6.4,6,46.59
2.0,54.9,No,8.5,9,31.9
6.4,63.3,No,5.9,4,49.17
7.9,98.0,No,6.6,2,63.78
8.7,54.4,Yes,4.0,8,56.48
6.0,62.2,Yes,5.6,5,50.32
2.5,57.8,Yes,8.3,2,32.62
1.8,46.5,Yes,5.7,6,30.87
7.5,68.9,No,5.3,3,52.25
5.6,62.3,Yes,6.7,1,36.31
5.9,81.0,No,4.4,6,51.76
7.3,88.2,No,6.7,8,66.28
6.6,72.1,Yes,5.5,1,49.98
7.7,41.9,No,5.9,3,39.33
1.4,76.5,No,8.0,6,43.73
7.0,43.3,No,7.3,3,28.66
7.8,76.4,No,6.2,7,56.25
3.3,80.4,Yes,6.9,6,53.5
6.1,51.7,No,7.8,9,34.35
3.5,88.3,No,7.7,6,49.03
8.7,93.8,No,4.9,7,68.99
1.3,88.0,No,5.5,2,48.46
5.6,58.0,Yes,5.7,4,40.03
2.3,74.6,Yes,4.9,5,44.92
6.7,94.0,No,4.1,2,61.37
2.4,58.9,No,4.9,7,33.35
2.9,88.4,No,8.0,4,49.04
5.0,40.6,Yes,6.7,9,36.47
8.3,40.2,Yes,5.7,8,35.09
2.7,84.8,Yes,7.0,9,53.21
2.2,84.9,Yes,7.7,8,56.9
7.1,86.5,No,5.8,5,57.86
5.0,94.9,No,6.3,9,57.94
8.3,47.0,Yes,4.3,5,32.67
2.2,53.7,Yes,7.0,8,36.0
6.2,93.3,Yes,5.8,4,66.36
2.9,50.5,No,6.2,5,27.52
2.3,80.3,No,6.1,4,39.35
6.5,71.3,No,7.2,2,47.83
5.7,44.9,No,6.9,4,36.98
7.0,56.8,Yes,6.1,5,39.56
3.5,70.7,Yes,4.1,6,48.28
4.6,90.3,No,7.1,4,49.89
4.2,81.7,No,8.4,4,46.67
8.9,76.7,No,7.8,6,61.57
3.3,69.3,No,8.9,7,47.86
3.4,57.6,No,4.7,7,41.33
3.8,47.0,Yes,5.1,4,33.52
5.5,64.1,No,6.7,5,50.16
3.0,41.7,No,5.2,3,22.76
8.3,52.5,Yes,4.2,5,41.96
3.1,65.5,No,6.0,5,43.26
8.2,64.7,No,5.4,4,55.06
1.8,42.6,Yes,5.3,6,27.29
6.3,74.8,No,8.8,5,55.44
8.3,72.4,Yes,5.2,8,64.64
2.3,44.6,Yes,4.6,2,23.97
8.7,95.6,Yes,4.6,6,72.32
4.6,45.9,Yes,8.0,2,33.29
8.6,90.4,Yes,7.6,6,71.92
6.4,40.0,Yes,4.6,4,35.15
3.4,92.1,No,5.1,1,51.08
2.5,41.2,Yes,7.7,6,29.0
3.4,84.7,No,5.4,3,52.38
1.7,61.3,Yes,8.9,7,37.68
2.2,83.6,No,6.7,3,42.59
1.8,63.7,Yes,5.0,4,39.46
4.4,44.2,Yes,8.3,9,29.65
7.4,85.3,Yes,5.6,7,60.09
2.1,44.2,No,5.4,4,22.9
2.0,94.4,No,5.6,2,40.57
6.1,43.0,Yes,7.8,5,40.98
2.6,68.3,Yes,4.9,8,42.32
1.8,82.7,Yes,5.9,2,50.67
2.3,63.2,Yes,4.2,9,46.34
8.4,52.8,No,8.1,5,44.3
7.6,84.8,No,5.7,6,67.28
3.8,86.3,No,5.2,7,49.8
6.2,94.4,Yes,6.9,9,70.47
5.3,62.2,No,7.5,7,42.28
6.4,69.9,Yes,8.1,4,53.68
6.5,61.4,Yes,5.7,5,49.33
6.0,55.2,No,8.1,3,38.16
3.1,84.3,Yes,6.3,1,50.42
1.3,60.0,No,4.5,3,32.28
4.6,65.3,No,8.2,1,40.61
8.1,63.8,Yes,6.7,5,61.96
5.6,82.0,No,7.0,7,55.97
7.7,94.1,Yes,8.7,9,79.44
8.9,79.3,Yes,6.8,4,66.94
2.3,67.8,No,4.0,1,26.44
6.5,86.0,No,8.4,7,67.83
6.4,77.8,Yes,5.4,3,58.04
8.8,43.6,No,6.5,1,37.1
8.9,45.6,No,5.0,4,41.28
6.5,42.2,Yes,5.5,9,39.44
2.9,67.0,No,7.4,6,45.82
7.4,88.7,No,6.1,6,62.31
1.9,58.5,No,7.1,7,39.52
7.2,62.7,Yes,8.1,1,41.92
8.3,93.7,No,5.7,5,61.14
4.1,89.4,Yes,6.8,4,58.59
6.0,79.2,No,7.9,4,59.05
4.4,55.7,No,7.6,7,37.46
4.5,46.9,Yes,6.7,2,21.12
3.5,40.9,Yes,5.9,5,20.18
7.1,46.3,No,6.0,7,40.29
8.5,57.3,No,6.2,3,45.41
8.5,72.6,Yes,5.7,2,60.38
2.4,43.8,No,7.5,1,21.35
8.0,48.0,No,4.6,5,36.71
6.9,50.7,Yes,8.8,5,42.93
3.0,77.3,Yes,7.9,4,50.85
1.5,76.3,No,5.5,8,48.65
3.1,72.5,Yes,4.2,2,40.7
8.3,54.8,Yes,7.6,4,46.6
6.1,61.9,Yes,7.7,5,48.99
6.8,45.7,No,8.8,9,37.08
3.1,53.4,Yes,5.3,3,33.61
6.8,93.0,No,4.4,1,59.3
1.2,97.8,No,8.6,4,53.07
4.0,78.2,Yes,5.3,6,50.36
6.0,94.1,No,7.6,7,65.65
2.2,77.9,No,4.3,4,49.75
7.6,42.0,No,7.8,4,33.58
2.9,98.8,Yes,4.6,6,57.97
6.2,45.8,No,7.5,1,37.63
4.2,80.3,Yes,6.7,5,53.71
5.8,54.9,Yes,8.8,3,42.85
1.9,63.1,No,4.2,8,31.48
1.1,78.1,Yes,5.5,5,43.37
8.3,65.8,No,4.3,7,55.72
3.2,54.8,Yes,8.4,8,34.32
7.6,59.7,Yes,7.0,8,52.93
9.0,60.2,No,6.7,2,47.03
2.7,96.6,Yes,4.7,2,52.07
3.1,87.1,No,6.4,5,55.71
6.3,67.1,No,6.0,3,50.34
8.7,51.8,Yes,5.6,1,42.93
8.3,87.8,No,7.9,8,69.87
5.0,49.3,Yes,4.3,6,40.44
7.4,52.4,Yes,7.2,3,40.06
2.1,61.6,No,8.1,8,38.21
8.8,91.9,Yes,8.5,1,66.38
8.7,47.8,Yes,7.7,3,38.37
2.3,47.2,No,5.4,9,26.89
3.4,69.1,No,7.0,6,38.08
1.8,56.3,No,4.7,1,27.67
3.2,73.6,No,4.6,9,43.01
7.5,66.6,No,7.2,7,46.7
4.0,65.7,No,8.3,1,41.54
1.7,46.6,No,4.3,1,22.48
3.7,48.3,No,4.5,5,27.83
8.9,88.4,Yes,6.8,4,70.44
6.0,92.3,No,5.1,8,60.67
4.3,53.8,No,7.1,2,31.07
2.3,46.7,No,5.1,6,27.31
8.9,43.2,No,4.6,8,45.48
7.6,75.9,Yes,6.7,1,52.91
3.3,82.2,Yes,8.3,3,47.29
1.6,62.0,No,7.4,1,33.8
1.5,80.1,Yes,8.1,7,49.48
2.0,82.1,No,5.3,1,42.67
5.6,95.2,Yes,8.4,9,73.02
8.4,43.8,No,5.9,8,48.91
5.0,51.3,No,8.3,3,35.41
7.7,44.0,Yes,6.4,4,35.67
4.6,91.2,No,5.3,9,62.47
6.7,86.8,No,5.3,6,57.37
6.9,73.9,Yes,6.8,5,59.68
2.4,44.9,No,4.4,5,20.89
3.9,56.1,No,8.7,1,31.89
6.1,57.6,Yes,5.4,1,35.88
1.6,73.1,No,5.7,3,38.16
3.9,55.2,Yes,5.2,2,33.9
5.3,44.3,Yes,4.0,1,31.66
9.0,83.1,No,7.5,5,64.76
4.8,57.6,No,7.0,3,36.94
7.5,66.7,No,8.0,7,50.36
4.5,47.5,Yes,4.2,8,33.1
7.4,87.4,Yes,8.6,6,60.02
5.8,73.4,Yes,5.7,5,56.76
8.1,93.2,No,8.6,5,68.2
4.3,69.2,No,4.5,1,46.44
5.8,95.5,No,7.7,6,64.32
6.0,92.6,Yes,6.9,6,57.12
4.3,74.0,No,5.8,3,43.17
2.2,95.1,No,4.4,4,52.39
1.7,59.1,No,7.0,4,31.08
1.1,61.6,Yes,4.1,6,35.44
8.0,42.7,No,6.5,8,40.28
2.9,74.8,No,7.0,9,45.75
2.7,82.6,No,7.7,9,47.89
6.9,85.6,Yes,9.0,5,61.06
3.6,48.8,No,5.3,8,34.14
5.0,66.2,Yes,5.6,8,50.92
2.3,50.4,Yes,5.7,4,25.3
8.7,79.1,No,7.7,4,64.43
7.8,49.3,No,8.7,3,42.26
7.9,93.3,No,8.9,5,64.78
4.3,53.6,Yes,8.7,8,40.18
7.1,57.2,No,8.4,8,48.3
2.2,90.2,No,9.0,9,51.02
1.1,67.0,Yes,5.9,1,27.12
1.2,41.4,No,8.7,4,21.34
5.7,69.2,No,7.8,6,46.85
4.6,45.0,No,4.8,5,35.59
5.1,98.1,Yes,4.2,4,70.02
1.1,74.7,No,5.1,3,38.79
4.4,55.1,Yes,7.9,2,39.1
6.7,73.3,Yes,7.2,9,53.28
4.5,44.5,Yes,5.1,3,23.7
6.9,87.2,Yes,7.7,4,61.68
2.9,94.6,No,4.7,1,46.45
7.5,91.6,No,8.1,1,63.99
5.7,60.2,No,8.0,9,42.62
2.7,59.2,Yes,8.9,4,36.25
2.9,42.1,No,4.8,4,21.88
6.0,78.4,No,8.5,6,57.88
7.6,71.6,No,5.7,2,52.22
4.3,67.1,No,6.1,6,41.69
3.1,93.6,Yes,6.3,7,52.96
7.9,49.9,No,7.1,1,39.09
6.4,40.6,Yes,9.0,8,29.75
4.6,44.3,No,7.0,6,35.64
4.9,53.2,No,8.6,9,41.93
2.6,42.0,No,5.3,4,25.44
6.0,69.7,No,6.0,2,41.96
3.9,58.5,No,6.5,9,41.03
9.0,50.6,Yes,5.6,8,45.28
4.8,84.3,No,8.9,2,53.41
4.9,52.1,No,7.6,8,33.91
5.5,80.6,Yes,6.4,8,57.28
8.3,60.6,Yes,7.8,5,45.29
7.4,70.2,Yes,6.3,7,54.63
4.6,95.1,No,4.1,7,54.24
6.7,42.2,No,6.7,4,40.07
5.7,69.5,Yes,7.1,6,50.73
4.9,90.4,No,8.9,6,59.98
2.5,74.7,No,4.2,6,45.35
4.7,56.3,Yes,6.6,9,36.71
3.0,63.5,No,4.5,2,30.77
8.3,80.1,Yes,4.7,8,65.8
3.7,92.6,No,7.1,8,59.61
8.6,42.4,Yes,5.2,1,33.48
5.3,44.2,Yes,7.7,2,33.48
6.1,59.2,Yes,6.6,4,44.18
5.3,53.7,Yes,5.1,5,40.16
2.0,55.6,No,6.5,5,31.61
4.0,53.1,Yes,4.0,6,32.03
1.8,51.6,No,8.3,7,29.04
6.0,47.7,Yes,4.1,1,25.08
4.6,95.1,No,4.0,7,58.67
7.2,48.5,No,7.1,6,38.81
2.8,52.1,No,8.9,5,33.2
2.3,54.5,Yes,8.3,6,35.17
4.3,95.0,No,5.3,8,58.15
8.4,84.6,Yes,5.0,6,61.98
6.7,86.6,Yes,7.1,5,67.24
4.4,46.2,No,8.1,6,30.46
5.1,89.3,No,5.8,9,61.43
1.7,64.1,No,6.2,1,34.04
8.9,55.5,No,4.6,3,44.41
6.3,74.0,No,4.8,3,48.91
3.3,88.5,No,6.8,9,54.99
5.7,85.9,No,4.5,3,52.95
1.9,92.5,No,5.0,6,52.57
8.7,94.8,No,5.2,9,65.65
2.4,54.0,Yes,6.2,5,29.97
6.2,65.0,Yes,4.2,9,52.02
3.0,40.9,No,6.5,9,28.42
6.7,91.9,Yes,8.6,6,72.38
7.2,49.1,Yes,4.1,8,45.41
6.4,90.8,No,7.2,9,67.16
5.9,59.4,No,8.2,9,46.04
8.1,61.7,No,5.6,8,49.18
1.6,42.3,Yes,4.7,4,23.03
3.6,59.3,Yes,4.2,8,40.57
3.0,92.4,Yes,7.2,2,52.4
8.9,41.5,No,6.8,3,33.8
4.1,64.0,No,5.1,9,42.72
6.9,41.9,No,8.2,4,38.35
6.5,61.9,Yes,7.7,2,44.94
2.7,50.2,No,5.4,3,26.52
2.9,54.9,No,7.8,7,35.61
3.3,91.8,Yes,5.2,9,60.91
4.3,65.7,No,7.4,7,44.7
2.9,56.2,No,4.6,8,33.95
1.2,74.8,No,7.5,3,36.11
8.0,48.4,No,5.2,7,45.82
8.7,55.3,No,6.9,1,41.83
3.7,72.2,No,4.9,6,50.7
3.7,54.0,No,7.6,3,32.75
1.1,80.1,No,4.3,2,39.22
6.4,69.0,Yes,4.8,4,52.17
7.6,85.5,No,4.9,9,61.89
2.2,95.9,No,4.2,6,56.78
2.3,46.8,No,7.7,9,29.54
7.3,59.7,Yes,8.9,8,52.25
5.9,58.9,Yes,7.9,5,41.06
1.4,48.9,Yes,8.3,8,26.2
6.0,87.8,Yes,4.0,2,50.02
3.5,84.8,Yes,4.6,8,52.48
3.9,68.6,No,6.8,1,37.5
7.2,71.7,No,8.9,3,49.22
7.5,43.5,No,7.3,7,37.89
4.2,72.8,No,5.9,4,44.98
8.6,86.7,No,4.7,7,67.95
4.3,73.9,No,4.8,1,44.91
7.2,55.7,Yes,5.8,7,48.36
4.9,79.4,Yes,7.6,3,54.51
8.2,61.3,No,4.2,2,46.61
8.3,72.1,Yes,8.3,9,61.17
1.7,68.8,No,8.7,2,39.31
8.5,62.5,Yes,8.4,3,53.77
7.6,82.4,No,8.6,3,53.36
7.3,92.1,No,4.1,4,62.75
2.6,40.3,No,8.9,7,17.64
7.4,95.1,Yes,5.8,7,62.79
7.8,70.2,Yes,8.3,9,56.61
3.3,81.3,No,4.9,8,49.95
8.6,90.5,No,6.2,6,66.43
1.4,67.6,No,4.2,6,28.42
2.2,89.3,No,4.2,5,52.84
5.3,50.5,No,8.7,2,30.8
5.6,49.4,No,8.1,6,38.63
6.2,78.8,No,6.6,6,52.42
1.1,91.3,Yes,6.6,5,48.8
8.7,92.7,Yes,7.7,6,73.43
1.4,78.0,No,5.7,5,40.07
2.1,71.0,No,7.8,4,39.97
1.1,59.6,No,6.4,3,29.59
5.5,97.8,Yes,7.2,1,57.0
8.5,58.9,Yes,8.8,4,51.6
6.3,83.9,No,6.4,9,57.16
7.6,71.4,Yes,6.1,7,51.88
1.1,75.9,No,8.5,7,39.41
5.3,63.2,Yes,8.5,7,50.03
4.7,96.9,No,9.0,4,55.23
5.0,73.7,No,6.8,7,52.62
1.6,95.3,Yes,5.7,2,52.89
6.5,40.4,Yes,5.2,8,35.74
5.0,73.8,No,4.2,8,50.89
7.1,82.3,No,7.6,9,61.28
4.9,84.0,No,5.2,5,56.38
2.2,93.4,No,7.0,8,54.03
6.2,40.3,Yes,8.6,2,24.65
2.4,40.0,Yes,8.8,8,26.05
8.0,67.9,No,4.0,9,57.68
5.9,41.7,Yes,5.6,6,35.3
2.3,97.5,No,8.2,6,64.47
8.7,53.1,No,6.7,4,43.47
5.1,67.9,Yes,8.0,8,49.07
1.6,43.6,No,8.3,7,23.1
6.0,70.8,Yes,6.2,9,50.6
3.0,62.4,Yes,5.8,1,32.74
7.4,42.6,No,6.3,8,33.91
7.5,59.8,No,7.3,8,39.85
8.8,63.1,Yes,5.8,9,53.65
5.0,98.4,No,7.9,7,65.42
4.6,52.3,No,8.5,9,41.09
7.0,72.1,Yes,5.4,8,53.62
2.1,98.3,No,8.8,9,57.57
5.4,86.7,No,7.1,9,64.64
5.4,98.6,No,8.4,1,56.42
1.7,97.1,Yes,4.5,3,52.62
4.3,68.9,No,5.3,6,47.92
7.8,81.1,No,5.6,7,58.23
7.8,46.5,Yes,5.5,4,33.3
1.8,66.0,Yes,4.9,2,40.97
1.7,87.7,Yes,8.3,4,53.19
3.1,69.8,Yes,6.1,6,46.7
8.0,81.5,Yes,8.8,4,61.74
2.0,84.0,No,6.9,2,47.41
6.8,55.0,Yes,4.7,9,35.49
1.8,91.7,No,6.7,1,46.27
6.0,67.1,No,9.0,7,53.22
3.8,52.4,No,6.8,9,30.41
7.3,91.1,No,4.0,3,60.58
2.9,64.7,Yes,8.7,6,42.01
6.1,84.3,No,5.2,9,56.98
2.9,72.3,No,7.4,9,45.82
6.7,62.5,Yes,6.6,4,48.16
8.0,87.8,Yes,5.6,8,69.0
2.0,74.5,Yes,5.4,8,43.19
7.9,63.0,Yes,8.6,7,49.9
5.7,46.5,Yes,8.6,6,38.56
2.0,92.8,Yes,6.6,3,53.62
4.4,42.1,Yes,5.3,4,29.28
2.3,90.9,No,4.5,9,54.74
6.6,61.2,Yes,4.8,7,48.62
7.1,77.7,No,6.6,8,61.86
1.8,94.4,No,5.5,6,54.52
5.0,49.0,No,4.2,1,29.87
7.5,73.5,Yes,6.3,9,56.97
8.5,85.1,No,7.7,3,68.32
5.1,84.7,Yes,8.5,3,51.38
8.6,71.0,No,6.9,9,58.27
5.3,76.9,No,7.6,4,48.54
4.2,84.7,Yes,5.8,8,49.12
7.8,89.6,Yes,6.5,4,66.94
4.9,84.9,Yes,7.6,2,53.67
4.8,60.9,Yes,7.6,5,42.15
4.9,98.8,Yes,6.1,3,62.22
7.8,65.6,No,6.7,4,52.72
7.7,41.4,Yes,8.6,3,39.88
4.2,61.4,No,7.2,1,31.67
3.7,47.5,No,7.2,4,35.84
4.9,47.2,No,7.9,9,35.05
5.6,56.6,No,4.6,7,42.7
2.9,43.1,No,6.6,6,26.32
7.4,80.6,No,8.8,9,62.89
4.9,44.4,No,5.8,4,31.6
3.7,52.0,Yes,5.5,6,39.14
1.9,45.5,No,7.0,3,25.24
2.9,43.7,No,5.1,3,21.98
8.6,55.8,No,6.8,8,48.74
3.4,73.7,No,4.8,5,41.5
2.4,96.9,Yes,6.9,8,62.55
4.7,91.7,No,7.0,9,64.07
3.5,91.7,No,6.1,2,51.32
1.3,50.4,Yes,5.9,7,33.21
3.6,55.6,No,5.2,2,35.33
5.4,44.5,Yes,5.7,7,41.74
5.4,85.9,No,6.5,3,51.93
3.9,44.1,No,5.2,8,29.2
4.6,72.8,Yes,7.9,4,47.23
8.7,54.6,Yes,7.5,9,61.72
4.0,54.4,Yes,5.3,4,34.54
3.1,98.5,No,4.5,2,60.19
2.9,84.7,No,4.0,4,52.1
4.7,89.4,Yes,7.0,5,58.24
7.1,73.7,Yes,5.1,8,57.08
2.6,91.4,No,4.1,3,52.57
6.7,78.1,No,5.8,9,63.09
1.2,95.8,Yes,8.8,9,56.95
4.4,56.6,Yes,7.4,3,34.68
7.2,75.1,No,8.3,8,61.54
3.7,80.7,No,4.7,6,44.81
5.5,63.2,No,4.4,6,44.24
2.6,91.9,No,4.1,2,54.2
6.9,97.8,No,8.8,8,72.66
1.4,69.1,No,5.5,7,35.56
7.8,63.0,No,6.3,2,42.49
2.6,67.8,Yes,6.0,4,44.01
8.0,90.3,Yes,7.7,5,67.03
3.8,78.1,Yes,5.5,9,48.71
6.8,42.6,No,6.7,2,36.36
3.6,72.0,No,9.0,7,49.47
8.2,41.0,Yes,6.2,5,34.01
2.0,85.9,No,6.8,2,55.95
2.4,59.4,Yes,6.5,3,31.04
4.9,67.8,Yes,8.0,5,49.91
1.7,87.1,Yes,5.3,1,53.79
2.6,42.7,No,4.9,7,28.16
8.6,49.4,No,7.8,1,40.93
8.8,63.5,No,6.1,6,46.62
4.0,53.6,No,8.6,6,43.56
8.4,59.9,No,7.2,1,49.08
5.4,98.9,No,6.8,7,60.4
3.2,88.7,Yes,4.4,8,61.93
6.6,92.2,Yes,7.7,3,64.04
6.3,95.3,Yes,7.4,1,62.01
8.9,60.1,No,7.2,2,45.54
3.1,57.5,Yes,5.3,1,32.44
6.4,53.8,Yes,8.7,9,48.65
1.4,89.0,No,5.6,4,45.39
1.9,80.1,Yes,4.8,7,47.34
1.0,53.9,No,8.9,5,41.04
9.0,62.2,No,7.7,9,57.03
7.4,69.9,Yes,6.1,9,60.48
7.3,71.2,Yes,8.7,6,51.87
5.1,92.4,Yes,4.5,5,55.01
3.4,62.5,Yes,4.4,1,40.91
2.2,93.6,No,7.4,4,57.57
3.3,66.0,No,4.9,5,45.63
4.0,84.0,Yes,8.6,9,57.26
7.1,94.9,Yes,8.2,2,70.96
5.3,93.5,No,5.5,2,48.02
1.6,43.4,Yes,8.4,3,24.51
1.1,52.1,Yes,4.2,3,28.86
1.8,68.1,No,6.7,7,35.97
4.3,65.5,No,8.7,1,43.48
8.5,77.8,No,8.3,2,57.04
6.1,95.7,No,5.8,1,60.48
7.4,46.6,Yes,4.9,9,41.15
4.7,66.7,No,5.1,9,52.37
3.9,51.4,Yes,6.6,3,30.26
1.9,92.8,No,7.0,3,48.21
8.0,96.9,No,4.2,1,62.2
7.3,68.2,Yes,6.1,5,50.56
2.3,46.1,Yes,8.2,3,26.49
5.1,86.3,Yes,6.2,2,57.69
4.9,81.1,Yes,4.8,3,48.75
6.0,60.9,Yes,8.8,8,49.46
8.6,92.4,No,5.3,8,72.82
5.6,97.6,No,8.0,1,57.91
5.3,72.9,Yes,5.0,2,47.39
1.4,73.4,Yes,6.1,1,36.94
1.5,57.6,Yes,6.5,8,34.07
2.5,74.5,Yes,6.5,1,38.72
1.3,65.9,Yes,6.6,6,36.1
6.9,57.8,No,5.1,8,45.64
6.8,44.0,Yes,6.6,8,46.33
2.1,54.9,No,6.4,7,31.51
7.7,51.7,No,5.0,8,49.0
2.2,72.0,No,8.9,8,49.42
3.4,75.5,Yes,8.3,3,40.78
3.0,75.9,No,8.4,2,41.83
4.0,62.9,No,7.4,4,44.52
3.0,64.9,Yes,4.8,5,39.65
4.9,89.2,Yes,6.8,2,56.18
4.3,68.1,No,8.1,8,49.15
8.9,98.3,Yes,4.2,8,80.05
1.4,65.9,No,6.5,4,33.86
2.1,78.3,Yes,6.0,5,44.12
1.4,43.0,Yes,5.1,5,12.41
6.0,78.5,Yes,5.9,5,55.19
1.4,90.2,Yes,8.9,9,53.47
7.7,95.6,No,7.6,9,67.81
5.1,98.8,No,5.5,4,61.62
5.2,56.6,No,7.0,1,33.97
5.5,73.9,No,5.2,8,52.27
2.4,66.6,Yes,7.1,1,34.88
2.6,73.3,No,8.5,7,46.19
3.6,49.3,No,6.8,4,30.06
5.7,90.5,No,7.7,1,62.64
2.7,93.7,No,6.3,4,51.47
1.9,66.5,No,6.6,7,45.11
8.8,56.5,Yes,7.5,8,55.99
1.2,48.3,No,8.1,2,27.7
7.4,80.3,Yes,7.3,9,64.39
7.3,58.4,No,8.9,5,44.74
3.4,93.7,Yes,8.1,8,58.63
2.1,79.6,No,7.9,2,49.73
2.2,78.1,No,8.2,2,46.55
6.6,73.0,No,5.4,4,46.58
6.1,42.7,No,6.2,4,35.55
7.3,95.0,No,6.8,3,61.97
8.5,77.0,No,6.3,5,60.3
6.5,98.6,Yes,8.2,2,70.23
2.2,71.7,No,4.1,1,41.93
2.9,81.9,No,5.0,4,47.68
7.7,43.3,No,8.4,6,37.96
2.7,77.3,No,4.3,6,44.74
1.6,85.1,Yes,5.1,2,49.44
6.6,85.9,Yes,5.8,6,64.88
4.2,85.4,No,7.8,4,53.05
8.4,53.4,No,6.8,1,33.98
6.2,97.5,No,8.8,1,53.61
1.7,98.7,No,5.1,2,53.09
8.6,44.5,No,8.4,4,34.95
3.1,95.3,No,5.4,8,56.27
3.7,57.1,No,5.2,3,32.07
4.2,80.7,Yes,6.5,5,60.35
1.4,59.9,No,4.4,3,29.13
5.0,97.1,No,5.9,8,67.34
2.0,46.0,No,5.8,4,25.09
4.2,69.4,Yes,4.8,8,37.27
3.8,65.3,Yes,8.3,8,43.29
7.2,59.2,No,5.9,9,43.19
7.4,78.1,Yes,8.9,2,63.99
2.2,47.7,Yes,8.5,7,22.43
3.9,82.3,Yes,5.0,1,46.81
4.0,97.9,No,6.5,4,58.45
2.2,87.5,No,7.0,4,45.07
7.4,90.7,No,8.1,4,64.76
6.7,61.2,Yes,8.4,7,48.68
2.5,59.2,No,7.1,5,34.31
3.9,70.5,No,4.2,5,44.82
1.8,42.7,Yes,6.4,3,22.64
6.0,95.8,Yes,8.4,5,67.92
2.0,48.5,No,7.6,5,30.49
8.9,93.3,No,8.4,8,66.33
7.2,44.9,No,7.4,2,37.42
4.1,88.5,Yes,4.2,8,53.83
5.6,49.0,No,8.8,4,32.62
8.3,42.2,No,8.6,9,42.2
5.4,82.4,No,4.6,8,57.95
2.4,56.5,No,4.6,5,32.85
4.0,82.2,No,6.7,5,47.26
7.7,72.8,No,7.8,9,64.85
6.2,46.4,Yes,5.9,5,34.43
6.2,95.0,No,4.7,9,63.71
7.9,66.7,Yes,6.6,6,48.68
8.2,83.3,No,5.7,1,52.97
8.4,69.6,Yes,5.8,8,52.24
1.8,75.7,No,7.2,1,39.74
5.4,57.9,Yes,8.4,2,41.99
6.9,51.8,No,6.8,6,37.46
7.1,72.0,Yes,7.4,5,49.75
5.9,66.0,No,7.3,2,42.89
2.3,63.0,No,6.8,6,36.54
7.4,79.7,No,5.6,7,60.13
6.8,80.7,Yes,5.9,3,52.74
1.7,42.7,No,5.6,8,22.81
4.7,60.0,Yes,8.6,4,47.17
2.4,64.3,No,8.1,9,35.23
3.7,45.7,No,6.9,7,29.92
1.1,53.9,No,8.6,3,28.04
4.2,43.0,Yes,8.4,5,26.34
5.4,98.8,Yes,8.6,9,72.37
6.0,83.5,No,5.1,9,53.85
6.3,45.2,Yes,7.6,8,41.34
7.7,41.2,No,7.0,8,38.33
2.7,82.4,No,7.7,9,45.86
2.0,65.9,No,5.3,5,38.33
7.8,86.4,No,7.5,9,62.99
2.3,94.5,Yes,6.0,6,55.43
8.8,75.4,No,8.2,6,62.8
7.7,51.0,No,8.0,6,39.11
5.0,86.1,Yes,5.1,7,56.22
8.9,96.4,Yes,4.9,9,80.14
1.8,74.2,No,7.6,3,31.14
3.4,80.2,Yes,6.8,6,56.38
6.1,59.9,No,6.8,5,37.07
3.8,62.5,Yes,7.8,4,37.01
8.4,83.3,Yes,8.3,8,68.41
1.5,94.7,Yes,5.2,3,54.05
5.4,77.1,Yes,6.8,2,51.76
5.7,86.6,No,8.1,4,57.92
6.2,50.1,Yes,8.4,3,36.13
3.0,52.5,No,5.4,7,38.14
3.9,71.4,No,4.5,4,45.73
7.7,50.4,No,5.2,9,48.59
2.6,77.5,Yes,8.7,5,45.18
7.6,57.2,No,6.3,3,33.97
5.5,86.7,Yes,6.1,2,60.39
7.1,87.7,No,4.1,6,63.2
6.7,67.4,No,4.3,6,49.42
2.7,50.7,Yes,7.3,1,25.02
5.6,78.2,No,6.9,7,52.76
7.9,98.6,Yes,6.9,5,69.85
4.5,76.7,No,4.6,7,49.78
8.7,42.1,Yes,5.8,4,34.56
4.6,41.0,No,8.1,5,31.43
2.1,58.9,No,4.9,7,41.39
4.1,51.6,Yes,8.4,6,33.49
8.6,88.0,No,4.6,1,55.59
3.6,89.8,No,4.8,1,50.13
7.9,55.3,No,6.4,2,43.43
8.1,59.2,No,8.7,3,48.36
3.8,53.9,No,5.6,1,36.34
1.7,93.6,Yes,7.3,2,54.6
6.8,69.7,No,6.9,2,40.92
3.5,78.7,No,4.7,7,43.51
7.3,64.5,No,5.2,6,50.39
4.5,77.2,No,8.7,9,51.53
4.9,62.8,Yes,4.9,5,48.39
7.2,60.0,Yes,7.5,3,42.22
4.1,77.4,Yes,8.8,1,51.28
4.5,74.9,Yes,4.6,1,42.83
4.0,57.3,Yes,6.0,2,35.96
3.9,48.8,No,5.1,3,25.27
5.2,61.7,Yes,5.1,5,44.85
7.5,64.5,No,4.6,7,54.1
3.9,77.1,Yes,7.2,4,49.6
5.2,94.0,No,7.7,6,69.89
6.4,42.1,No,7.4,6,31.07
3.2,54.4,Yes,8.6,2,32.46
3.2,51.4,No,4.7,6,33.98
8.5,69.6,No,5.6,5,50.39
6.8,65.4,No,5.7,6,48.52
5.6,83.0,Yes,5.2,4,58.27
6.2,54.3,No,4.7,1,39.44
1.2,75.1,No,6.4,9,47.47
5.9,92.1,Yes,8.2,3,58.84
5.1,93.7,No,8.8,1,59.39
5.4,96.6,Yes,4.6,4,57.66
3.9,85.6,Yes,8.1,7,53.51
1.7,93.5,No,8.1,4,50.95
2.5,53.8,No,5.9,4,33.82
8.6,51.7,Yes,4.6,9,50.14
4.3,40.4,No,9.0,6,28.44
4.7,81.7,Yes,7.3,9,59.26
1.4,95.3,Yes,8.9,2,54.49
1.3,51.0,No,6.4,7,28.51
6.7,77.6,No,6.0,7,54.08
5.3,84.0,Yes,5.2,8,54.85
5.1,94.7,Yes,8.9,9,65.89
2.9,78.2,No,5.3,8,44.59
7.0,97.2,No,4.1,2,66.48
2.3,60.3,No,6.6,3,38.21
2.5,60.6,Yes,5.9,2,35.39
4.7,72.0,No,5.3,1,35.62
3.3,62.6,No,7.2,7,36.74
3.0,40.1,No,5.8,8,25.3
6.2,83.2,No,6.0,5,50.97
6.2,84.4,No,4.1,9,60.1
7.6,84.1,Yes,6.9,4,63.79
4.3,60.4,Yes,4.6,1,41.85
1.6,70.8,Yes,5.1,4,45.45
3.2,61.2,Yes,7.6,5,33.48
8.8,40.9,No,5.6,8,39.83
5.8,73.2,No,4.8,5,48.85
6.7,47.3,Yes,6.9,9,38.68
1.1,44.7,No,5.1,6,21.71
5.1,84.6,No,5.4,8,56.83
1.3,40.6,Yes,7.1,3,21.78
5.6,96.6,No,7.7,3,67.74
8.4,70.4,No,7.7,9,58.96
8.7,98.0,Yes,6.4,6,72.57
5.3,43.4,Yes,6.3,4,27.47
4.7,74.4,Yes,7.9,8,60.57
8.6,60.6,Yes,5.0,4,53.08
6.4,89.8,Yes,4.8,4,63.03
1.5,61.3,No,7.3,7,33.45
4.7,55.4,No,6.0,7,44.5
2.9,90.6,No,7.5,8,55.44
4.8,62.1,Yes,5.3,7,36.52
4.6,41.0,Yes,5.6,8,32.42
5.7,63.0,No,8.5,8,41.84
3.9,78.6,No,6.1,7,50.92
2.3,55.0,Yes,7.0,1,34.25
5.0,65.5,Yes,4.5,4,36.69
7.6,43.3,No,4.9,3,30.87
6.3,74.7,Yes,4.2,9,59.43
3.7,84.6,Yes,6.1,8,53.39
8.5,64.4,No,8.9,9,57.28
8.3,64.8,Yes,8.4,5,55.14
2.7,45.2,Yes,7.2,5,30.74
1.3,51.9,No,8.3,5,24.17
6.9,49.1,No,7.0,2,25.98
7.6,68.4,No,5.8,7,54.63
8.7,71.2,No,4.9,8,51.66
8.1,96.0,Yes,7.3,5,75.04
5.8,44.3,Yes,5.0,8,35.82
5.2,75.4,No,6.1,6,49.39
1.2,71.1,No,8.1,4,39.91
3.0,70.5,Yes,4.6,7,36.7
4.7,91.5,Yes,4.6,8,60.56
6.0,52.1,Yes,5.1,9,43.89
5.5,42.4,No,6.8,5,31.8
6.9,79.7,Yes,5.3,9,59.0
3.2,60.4,No,6.5,8,36.41
5.5,41.0,Yes,5.5,1,34.1
1.7,54.8,No,6.5,8,34.82
4.3,58.3,No,5.4,8,36.62
7.0,76.4,No,8.9,7,62.89
6.5,50.2,No,6.5,1,37.88
8.9,64.4,No,7.7,6,55.78
3.2,68.5,Yes,7.5,2,42.34
5.0,67.1,Yes,6.5,6,42.02
3.6,97.5,No,5.2,2,62.27
4.5,42.7,No,6.6,2,29.95
7.9,96.1,No,7.4,7,71.85
6.5,74.3,No,6.3,1,50.08
8.1,86.9,No,4.4,5,62.72
2.6,65.4,No,4.1,1,30.97
8.0,66.8,No,5.6,9,56.63
1.5,91.9,No,4.8,5,46.54
8.1,92.9,No,8.5,5,69.0
3.6,54.1,No,4.9,4,32.07
3.5,51.8,No,6.0,3,31.17
5.1,69.3,No,7.6,8,52.5
8.5,93.1,No,8.1,7,72.63
1.4,59.0,No,6.4,9,36.4
3.8,78.5,Yes,4.9,6,42.13
7.9,81.8,No,5.4,1,58.48
4.2,85.9,Yes,6.1,5,55.22
2.6,73.3,Yes,5.8,5,44.76
4.4,63.7,Yes,5.7,7,41.52
4.1,97.1,Yes,4.7,1,62.21
8.3,76.1,No,8.6,1,56.68
7.1,83.0,No,4.1,6,56.01
5.0,60.4,No,6.2,6,38.82
8.9,79.5,Yes,8.9,9,70.86
4.7,55.2,Yes,7.3,3,36.41
1.5,54.5,Yes,5.8,5,29.13
3.1,82.2,No,4.7,5,47.15
4.5,70.8,No,8.8,1,47.05
2.3,80.3,No,4.1,6,47.18
8.6,55.9,Yes,7.4,4,42.9
7.1,75.3,No,8.4,6,52.29
3.1,66.2,Yes,4.1,8,42.15
5.7,75.2,No,7.6,8,51.33
6.8,57.2,No,9.0,3,33.58
8.5,82.2,Yes,7.2,9,64.25
8.1,87.5,Yes,6.1,4,63.68
5.1,55.3,Yes,8.4,1,35.05
7.2,57.7,No,6.8,9,50.43
5.5,79.0,No,7.7,5,44.31
5.4,81.0,No,6.9,8,53.26
1.9,81.5,No,4.2,7,49.18
2.0,80.3,No,5.1,5,41.55
5.2,63.2,No,4.4,8,39.31
3.2,63.3,No,4.5,1,30.75
1.2,55.0,Yes,4.1,4,29.06
6.8,49.3,Yes,6.1,5,38.44
1.3,80.9,No,4.9,4,38.92
5.8,45.5,No,8.3,6,36.74
5.3,95.3,No,7.8,9,67.28
8.8,88.8,No,6.9,1,58.63
4.9,90.6,Yes,6.4,2,57.6
1.5,93.5,Yes,5.3,1,44.08
5.4,64.1,No,6.4,7,49.83
7.7,90.0,No,7.2,2,67.7
9.0,49.3,Yes,7.9,9,47.75
4.4,41.3,No,4.4,8,33.3
3.6,86.3,Yes,7.5,1,47.98
8.3,44.4,No,7.7,3,37.21
2.5,98.3,No,6.8,6,55.5
5.9,79.8,Yes,5.1,3,53.53
4.2,84.5,Yes,6.7,9,57.93
1.3,54.5,Yes,6.5,2,26.72
3.8,79.8,No,6.4,6,49.29
3.1,42.5,No,6.3,2,22.96
6.5,89.4,Yes,4.6,3,65.62
8.6,50.0,No,4.9,9,37.6
3.1,81.1,Yes,4.5,9,59.73
7.5,53.2,Yes,5.2,2,39.46
1.4,44.0,Yes,5.3,8,24.75
5.3,68.4,Yes,5.2,3,50.61
1.6,50.0,No,5.1,2,24.95
8.5,83.0,Yes,7.7,8,69.11
7.1,54.0,No,8.1,3,45.86
6.3,60.2,No,5.6,8,44.78
7.6,73.5,No,5.5,6,58.75
6.2,56.8,Yes,8.2,1,35.08
8.8,62.3,No,7.1,2,50.38
6.7,88.1,No,5.5,2,60.69
8.4,50.6,Yes,7.6,7,51.05
5.1,44.8,No,5.7,6,34.67
1.9,59.4,No,6.9,2,30.66
5.2,65.0,No,9.0,1,40.2
2.0,72.0,No,5.5,5,38.14
5.7,62.0,No,8.7,2,40.31
4.9,86.6,No,5.6,6,50.96
6.0,42.3,Yes,6.7,2,38.1
1.1,65.5,Yes,6.3,9,42.2
2.6,62.6,No,7.9,5,37.11
4.9,78.2,Yes,4.3,7,56.33
8.6,97.0,No,7.1,4,73.78
4.1,70.1,No,7.8,2,37.99
4.4,98.2,No,6.4,3,62.41
6.7,57.8,No,4.5,5,47.38
5.8,41.8,No,5.2,1,24.85
3.4,49.8,Yes,7.4,4,24.87
4.3,63.3,Yes,8.5,4,37.15
2.7,58.7,No,6.1,2,30.71
8.7,45.7,No,6.8,9,39.3
2.0,65.5,No,5.1,6,35.6
4.0,59.9,Yes,6.1,9,39.41
1.2,47.2,Yes,5.7,6,24.93
2.8,57.5,No,7.3,2,28.89
7.2,92.3,No,8.9,1,62.71
2.6,57.8,Yes,8.1,4,36.55
1.6,82.1,No,5.0,1,37.33
4.8,76.1,No,6.9,8,52.94
1.1,65.2,No,4.3,1,25.95
1.7,54.1,No,5.2,5,27.73
7.5,61.8,Yes,4.9,9,51.03
7.2,74.9,No,5.7,1,52.38
8.3,60.7,Yes,7.4,4,50.62
7.8,52.7,Yes,6.5,8,51.65
6.5,46.9,No,8.7,8,39.05
1.4,91.9,Yes,5.1,1,45.51
7.3,66.0,No,5.8,8,55.19
7.8,76.9,Yes,5.6,3,58.03
7.4,68.9,No,5.2,7,56.05
5.1,91.5,Yes,9.0,1,57.96
2.9,72.3,No,5.9,5,36.66
7.8,68.4,No,8.7,4,61.08
6.8,94.6,No,6.0,4,61.94
8.8,82.5,No,5.0,5,57.96
2.2,46.6,Yes,4.6,3,27.17
2.8,50.5,Yes,8.3,7,28.93
2.7,86.4,No,4.2,2,45.29
7.3,89.3,No,8.8,1,61.77
2.5,72.2,Yes,6.1,6,42.7
1.5,72.7,Yes,5.2,1,35.4
9.0,77.3,No,7.1,7,68.64
1.2,65.9,No,4.7,8,35.36
7.7,80.1,No,4.4,2,52.03
3.9,46.4,Yes,8.1,4,34.51
7.7,96.7,Yes,6.1,7,69.02
5.4,84.3,Yes,6.6,6,57.65
8.2,77.2,No,4.9,2,51.81
8.4,58.7,No,4.3,4,46.99
1.1,49.5,No,5.8,3,22.27
1.6,64.2,No,6.5,9,37.2
3.0,79.0,Yes,7.8,6,49.96
6.4,77.4,Yes,6.5,2,56.29
8.1,62.6,No,7.9,2,50.39
4.7,76.2,Yes,4.6,3,43.98
5.9,88.0,Yes,4.3,5,56.98
2.5,41.6,No,4.8,6,26.62
7.4,66.6,No,7.9,5,47.56
8.7,84.8,No,7.8,1,63.59
3.1,72.2,Yes,4.7,1,43.75
5.0,78.4,No,4.2,7,45.15
1.7,70.5,No,7.4,7,38.46
5.5,98.5,No,8.3,6,69.17
5.0,43.2,No,7.8,9,33.21
2.2,69.0,No,5.0,2,33.76
4.5,45.4,Yes,6.9,1,31.97
3.7,49.4,No,7.8,6,36.17
5.2,62.6,No,5.3,6,39.69
5.7,49.2,Yes,6.6,9,47.14
1.1,96.9,Yes,5.6,1,43.18
7.1,95.9,No,5.1,1,57.06
6.7,59.8,Yes,8.8,6,45.68
3.9,77.7,No,8.6,5,47.56
1.4,71.5,No,6.2,6,37.59
7.0,88.1,Yes,4.7,6,61.51
8.6,77.0,No,7.6,4,56.17
2.9,40.0,Yes,5.3,8,25.44
3.6,85.0,No,4.8,5,48.56
2.5,84.1,No,5.9,6,51.51
5.6,70.1,No,6.6,2,45.47
2.2,93.3,No,4.5,1,48.27
3.8,93.6,No,6.9,8,59.64
6.6,70.9,No,4.1,6,54.87
5.5,75.9,No,8.5,9,52.88
4.1,98.8,No,8.6,5,56.85
4.4,57.6,No,7.7,8,36.04
5.5,59.2,Yes,6.3,7,42.93
1.0,50.8,No,5.3,1,22.92
1.6,92.9,No,7.7,7,56.99
8.1,83.9,Yes,8.7,4,70.24
1.6,46.2,No,4.8,6,26.47
6.7,97.9,Yes,6.3,9,68.09
8.4,83.1,No,5.6,9,64.39
3.2,90.2,Yes,5.8,9,49.38
4.0,42.8,No,6.0,5,25.78
5.6,69.8,No,8.8,4,45.04
8.1,81.2,No,5.3,6,51.53
8.5,72.0,Yes,6.5,5,66.07
6.9,79.3,Yes,8.8,5,57.38
1.7,88.3,Yes,6.4,8,44.21
6.4,62.1,No,8.3,5,44.37
4.3,90.1,Yes,4.3,1,60.37
4.8,49.6,No,8.8,5,41.82
1.4,56.0,No,4.9,5,28.28
2.5,42.6,No,8.9,5,24.8
7.3,61.5,Yes,4.9,3,50.96
4.6,62.4,No,6.2,9,43.11
3.4,87.5,Yes,5.5,5,55.6
4.1,78.5,No,6.2,2,49.73
7.8,65.8,No,5.3,5,45.85
7.0,78.5,Yes,8.8,9,67.94
3.2,43.1,Yes,5.5,8,25.41
1.9,50.6,No,7.3,6,25.4
3.0,77.0,No,4.7,9,48.21
8.4,77.8,No,8.1,7,65.23
5.7,85.7,Yes,6.7,2,59.03
5.3,63.8,No,8.9,1,40.6
5.8,82.6,No,6.1,3,54.99
3.9,80.4,No,5.0,4,52.52
7.5,96.8,No,5.7,9,71.27
5.2,52.7,No,7.7,5,33.41
1.9,72.5,Yes,7.3,2,36.97
2.0,75.5,No,7.9,5,46.18
5.3,98.9,Yes,4.4,2,59.19
8.5,51.9,Yes,6.9,9,42.54
3.5,70.9,No,8.7,6,43.24
8.0,60.4,No,4.5,5,46.66
7.1,71.0,Yes,4.5,2,53.73
3.0,53.7,No,7.6,7,27.48
1.3,42.8,No,5.6,7,23.13
1.8,73.8,Yes,7.3,2,44.43
6.8,59.8,No,6.7,6,42.18
2.6,50.7,No,8.9,3,28.23
4.0,59.1,Yes,8.4,8,33.07
5.0,42.9,No,7.4,5,33.73
6.8,96.1,No,5.3,8,71.36
1.9,74.3,No,5.3,7,41.98
4.3,88.1,Yes,8.4,8,54.43
4.9,65.0,No,6.9,1,42.42
5.3,93.3,Yes,7.9,6,62.79
7.5,68.5,No,6.2,3,38.75
2.4,73.9,Yes,4.5,5,45.67
7.5,69.0,No,5.7,2,53.59
6.5,83.3,No,4.8,4,61.8
5.4,73.4,Yes,7.9,6,47.03
6.6,56.0,Yes,7.5,1,32.74
4.3,48.6,Yes,4.4,2,28.13
2.1,75.8,Yes,7.1,2,43.74
6.3,68.9,No,8.4,9,48.91
5.2,45.7,No,7.5,5,26.02
6.1,63.3,No,6.6,5,47.81
3.7,70.4,No,5.6,6,42.13
8.3,88.8,No,8.4,3,67.17
5.7,44.5,Yes,6.1,9,37.15
1.7,60.6,Yes,8.3,3,32.09
4.6,88.5,No,7.9,4,55.73
7.1,78.3,No,8.1,9,58.58
7.4,57.1,No,8.9,8,45.79
5.0,89.9,No,7.7,6,54.81
8.2,69.1,No,4.2,8,56.86
3.1,69.4,Yes,5.0,1,43.8
4.3,97.6,Yes,4.2,4,58.65
8.2,95.9,No,4.9,4,75.64
8.2,61.2,No,4.3,2,46.95
6.5,48.3,Yes,6.5,2,36.93
7.9,59.2,No,4.1,9,51.68
1.7,41.8,No,6.4,6,25.6
7.9,41.2,No,8.5,7,36.71
3.6,63.3,Yes,7.7,4,41.93
2.4,95.5,No,8.7,3,58.45
2.9,91.4,No,5.1,3,50.07
4.3,70.2,Yes,6.7,5,46.15
3.0,73.3,No,5.6,6,40.5
3.6,40.4,No,6.5,2,20.34
2.1,52.7,No,6.8,7,28.74
3.4,41.5,Yes,4.2,7,23.46
5.6,84.5,No,5.2,1,52.27
4.5,48.6,Yes,7.5,7,36.93
3.8,91.3,No,7.9,4,57.26
7.0,78.0,No,6.8,4,51.91
8.1,53.5,No,5.4,3,39.61
7.1,49.3,No,6.0,9,45.23
3.7,77.0,No,4.5,3,42.12
7.0,93.1,No,8.8,4,68.28
2.2,82.4,No,8.3,3,42.78
2.0,60.6,Yes,4.3,8,37.58
3.8,74.7,Yes,4.8,8,52.05
7.5,58.3,Yes,6.9,8,38.72
3.0,98.9,No,5.2,5,61.34
1.5,84.2,No,8.7,7,53.56
2.1,76.2,No,7.8,3,40.16
7.9,65.0,Yes,5.4,8,55.09
6.1,76.5,No,4.0,2,45.91
3.0,60.2,Yes,8.0,8,41.21
5.4,41.7,No,6.1,6,40.72
5.2,63.3,Yes,7.2,2,33.24
6.2,94.9,Yes,5.4,6,64.02
2.9,77.0,No,4.7,2,45.01
7.9,45.0,Yes,7.4,3,43.66
3.5,92.2,No,6.3,5,49.99
6.6,55.9,No,5.2,1,35.22
1.1,54.4,No,4.7,9,27.21
4.0,57.5,No,6.9,3,32.02
3.8,74.1,Yes,7.6,1,43.85
5.3,72.1,No,5.4,6,42.9
1.6,69.0,No,7.7,1,33.2
7.3,82.3,No,4.9,3,53.33
2.7,58.7,Yes,5.7,7,36.16
6.4,86.1,No,7.7,4,56.2
7.4,50.3,Yes,7.3,9,44.71
5.5,86.2,Yes,5.4,7,55.54
6.9,79.2,Yes,4.6,5,60.97
6.3,80.3,Yes,4.2,9,58.01
3.8,68.4,Yes,8.2,3,42.89
7.5,79.4,Yes,4.4,8,60.36
3.4,44.7,No,4.6,8,28.48
5.6,90.2,Yes,5.2,4,59.85
7.0,43.3,Yes,6.2,1,36.39
4.0,48.8,No,7.9,4,29.58
3.4,74.0,Yes,5.2,9,45.89
4.7,83.6,Yes,6.7,1,52.02
7.5,44.5,No,4.5,3,32.29
8.4,94.3,Yes,6.3,8,72.82
5.4,97.4,Yes,4.9,3,58.51
6.3,75.8,No,5.1,2,54.0
8.2,68.4,No,5.8,1,46.61
1.8,83.7,No,7.8,9,54.84
2.9,59.4,No,7.7,3,33.01
6.7,69.1,No,6.1,7,54.59
7.6,94.1,No,4.6,3,61.57
7.9,96.4,Yes,5.4,8,64.66
4.3,94.7,No,6.5,9,55.84
1.7,55.5,Yes,8.3,8,43.83
4.5,53.7,No,8.8,5,33.63
2.8,57.6,No,7.2,2,35.51
3.3,66.0,No,5.8,6,34.86
7.2,58.5,No,7.5,8,48.17
1.6,62.1,No,5.7,2,31.52
7.6,76.6,Yes,7.1,6,70.52
4.4,85.0,Yes,5.2,7,54.96
5.8,83.4,No,5.3,9,55.95
1.7,88.1,No,4.4,9,52.48
3.7,41.9,No,6.1,2,19.73
1.7,42.8,No,7.1,1,20.26
8.7,86.6,No,7.9,7,67.24
7.5,71.5,No,8.1,6,51.52
4.7,74.1,No,9.0,4,49.92
2.8,43.1,No,4.4,9,27.24
8.5,55.1,No,6.5,1,45.63
3.8,77.7,No,6.6,7,55.84
2.3,90.7,No,8.0,5,50.34
5.5,94.1,No,5.3,5,59.71
8.6,69.5,No,4.3,6,49.25
1.0,72.2,No,5.6,2,36.8
2.9,89.1,Yes,8.9,3,50.64
8.5,71.7,No,8.5,9,61.28
2.4,70.5,No,6.0,4,43.47
1.9,93.4,Yes,8.4,6,52.72
5.6,86.6,No,4.2,3,53.04
7.9,93.6,No,5.6,3,69.6
4.8,52.9,No,7.6,9,41.85
9.0,70.9,No,5.1,9,61.6
6.4,89.7,No,5.0,3,57.74
1.6,46.6,No,8.3,3,16.9
8.9,86.9,Yes,7.1,6,65.77
4.3,50.8,Yes,8.9,1,27.98
3.3,87.7,No,4.7,5,54.05
5.5,76.1,No,5.8,9,54.97
3.4,51.4,Yes,5.6,9,32.95
1.7,67.9,Yes,8.4,8,39.53
1.0,80.2,No,5.3,6,44.48
4.6,77.4,Yes,5.8,9,52.66
7.7,65.2,No,4.7,3,45.32
5.6,93.1,No,7.9,9,73.05
9.0,70.6,No,5.2,8,56.14
3.3,69.8,Yes,4.3,1,41.86
3.2,43.7,No,6.2,9,30.55
2.3,94.4,No,6.0,8,50.03
2.3,50.4,No,4.9,8,26.69
3.3,71.2,No,4.7,6,45.85
7.3,87.4,Yes,8.5,9,67.37
8.2,52.7,Yes,4.3,8,41.02
8.8,71.1,Yes,4.5,2,56.15
2.9,54.2,Yes,5.2,6,30.73
8.1,84.8,No,8.8,8,67.67
3.6,73.3,No,4.4,6,55.36
1.9,90.5,Yes,8.1,9,57.52
8.0,92.8,No,8.5,5,70.4
6.1,78.3,No,5.9,8,54.93
2.3,82.8,No,5.5,2,39.78
4.4,72.4,Yes,7.4,5,52.09
3.3,62.7,No,7.5,1,32.24
6.9,78.2,No,7.9,5,55.42
4.6,93.6,No,8.2,7,68.76
8.9,64.6,Yes,5.3,1,49.12
1.4,58.6,No,7.4,3,33.96
3.8,62.9,No,4.7,6,40.57
4.9,65.7,No,6.6,1,37.76
5.0,44.3,No,7.1,3,30.76
3.5,69.4,Yes,4.8,8,42.42
6.8,69.2,No,4.4,9,56.16
8.0,74.7,Yes,5.0,7,63.9
8.5,61.4,Yes,6.1,4,50.46
7.4,76.2,No,8.4,7,63.65
7.8,91.8,Yes,6.7,7,70.0
5.4,96.4,Yes,7.7,7,70.19
7.6,74.4,No,4.9,8,68.83
3.4,42.5,No,4.5,4,33.99
4.2,97.2,Yes,5.2,4,59.83
3.5,81.6,No,5.6,9,53.43
4.7,59.8,Yes,6.7,8,39.12
3.3,48.7,Yes,8.4,4,33.68
8.7,48.5,No,6.1,6,44.62
3.5,49.9,Yes,6.6,9,31.94
1.8,42.7,No,4.0,6,26.23
5.2,93.2,Yes,4.2,5,60.08
1.5,71.9,No,4.4,7,37.07
1.9,81.3,No,7.5,2,44.69
2.8,88.9,No,6.4,8,52.31
4.7,86.7,No,5.0,7,56.27
4.5,92.1,No,7.0,6,65.98
7.4,97.1,No,6.7,3,64.37
6.9,65.9,Yes,4.4,9,55.01
4.4,96.1,No,7.2,2,55.82
3.7,82.7,Yes,7.8,4,47.72
3.5,44.2,No,5.4,2,23.78
7.2,80.2,No,7.4,6,69.63
1.4,80.5,Yes,5.0,7,49.08
1.1,93.4,No,7.8,9,55.99
7.4,62.0,Yes,8.6,6,48.24
4.8,74.5,No,6.2,6,47.49
2.0,40.7,Yes,5.2,5,16.2
2.9,59.6,No,6.0,4,40.75
8.5,43.7,Yes,5.3,4,40.23
7.9,70.8,Yes,4.0,4,54.19
6.7,88.2,No,7.3,5,62.35
4.9,52.2,Yes,4.2,1,40.8
5.2,71.1,No,5.1,2,45.4
8.8,52.0,No,7.6,3,42.9
8.7,47.1,Yes,7.3,7,52.32
2.7,70.1,No,4.4,1,35.92
7.5,44.7,Yes,7.3,3,30.58
2.6,74.7,Yes,8.7,7,40.69
2.7,41.8,Yes,4.4,6,24.16
6.4,46.3,No,6.1,2,34.0
4.2,72.4,Yes,7.6,4,50.12
8.5,74.9,No,7.3,1,51.13
1.7,41.7,No,5.1,5,19.46
5.1,73.8,Yes,4.8,2,43.82
8.3,89.5,No,7.9,8,73.58
8.2,82.6,No,8.8,6,68.59
2.3,47.7,Yes,7.8,1,32.54
3.9,75.0,Yes,8.8,2,47.84
6.0,79.7,No,7.0,4,61.15
2.3,42.2,No,8.6,3,19.09
8.7,90.5,No,7.5,9,72.18
8.3,93.5,Yes,8.5,1,63.35
2.3,90.2,Yes,4.8,7,56.26
2.0,88.7,No,8.1,9,54.69
1.7,84.0,Yes,5.0,9,40.46
8.3,77.4,No,4.1,6,63.01
2.5,80.0,Yes,6.6,7,52.55
4.3,87.6,No,5.6,8,54.79
4.6,79.1,No,4.2,3,49.14
5.8,59.3,Yes,8.9,5,38.17
1.6,62.2,Yes,7.3,4,30.8
2.8,92.9,No,8.5,9,65.07
8.5,41.0,Yes,9.0,9,38.42
8.3,81.2,No,6.0,4,60.03
7.3,96.3,No,5.3,2,59.05
1.2,81.7,Yes,4.9,1,42.51
3.6,98.6,Yes,6.6,3,62.01
6.0,80.6,No,7.0,2,55.71
3.2,42.0,No,6.4,5,26.64
8.3,88.8,Yes,5.9,6,73.35
6.1,56.8,No,4.8,9,41.17
1.6,66.3,No,6.2,4,30.18
8.3,58.4,No,4.4,4,43.35
8.7,55.8,Yes,8.3,4,42.81
1.6,65.5,Yes,4.2,1,32.63
5.3,62.3,No,5.9,3,39.76
3.4,77.4,No,4.5,4,46.9
4.1,88.0,No,7.9,1,45.63
2.4,57.5,Yes,5.6,5,33.28
5.6,52.6,No,4.6,9,44.51
8.7,79.3,No,6.7,1,60.02
5.0,79.5,Yes,8.6,7,48.24
1.7,93.2,Yes,8.5,2,51.53
6.0,40.9,No,5.2,9,30.83
3.7,90.3,No,7.6,4,54.79
7.8,70.7,Yes,4.2,3,51.1
4.5,76.7,No,4.7,7,56.61
2.5,45.4,No,6.5,6,26.33
2.5,65.5,No,5.1,8,40.36
7.2,53.4,No,8.0,9,45.14
3.1,55.0,No,8.7,7,36.77
7.1,69.7,Yes,4.0,6,51.73
2.6,87.9,Yes,5.2,8,57.44
3.6,83.9,No,6.2,9,52.37
4.7,74.9,Yes,6.8,8,57.86
8.5,71.8,No,8.6,6,59.68
8.5,65.2,No,8.5,8,54.43
2.7,97.4,Yes,7.2,9,65.01
3.9,73.1,No,5.3,6,47.38
2.2,55.0,No,7.9,6,34.75
5.1,53.6,Yes,5.0,2,35.29
4.7,76.1,No,8.8,9,52.12
8.2,70.8,No,4.0,8,56.58
8.4,40.5,No,6.8,5,35.11
4.1,89.0,No,4.4,3,56.65
4.9,81.5,Yes,6.0,9,63.25
8.2,79.0,Yes,7.2,7,65.14
7.5,44.1,Yes,7.4,9,47.42
1.0,61.4,No,7.9,7,37.67
3.6,95.2,Yes,7.0,8,60.63
4.4,90.9,Yes,5.3,5,61.42
2.8,56.8,No,8.4,6,29.25
2.6,49.3,Yes,8.1,8,32.92
1.3,66.5,Yes,4.8,7,32.44
6.1,61.0,No,8.1,1,40.58
3.1,80.3,Yes,8.9,4,43.39
1.4,97.0,No,7.2,8,60.41
2.8,61.4,Yes,5.4,9,38.25
7.4,43.7,Yes,7.0,6,42.48
7.8,93.0,No,5.7,4,65.49
4.9,42.2,No,7.4,2,19.68
4.3,96.2,No,6.7,9,61.5
8.8,79.2,No,8.6,1,56.72
2.6,95.6,No,7.1,5,55.62
2.7,51.8,No,5.1,8,37.34
3.3,42.4,No,7.6,4,31.72
2.4,68.8,No,5.5,1,34.31
4.0,66.6,No,5.4,4,35.34
8.3,59.6,Yes,6.0,5,46.36
5.9,96.5,No,4.1,5,65.25
4.3,88.5,No,8.8,1,52.76
8.5,79.0,No,6.7,2,51.57
1.4,49.6,Yes,7.9,6,25.67
2.7,83.3,Yes,5.3,5,54.56
5.5,82.9,Yes,7.7,9,61.52
5.9,65.1,No,6.8,7,47.38
1.3,94.6,Yes,6.1,5,51.42
4.2,49.9,Yes,8.9,9,35.87
6.2,55.8,Yes,6.5,1,41.01
6.6,43.7,Yes,7.3,3,35.08
6.1,86.9,No,4.1,2,58.74
3.6,76.7,No,5.5,7,49.91
1.7,58.6,Yes,8.4,9,36.68
4.4,49.7,No,7.8,2,32.1
2.0,42.4,Yes,6.7,6,22.1
8.6,49.8,Yes,8.5,2,42.66
4.8,66.7,No,6.4,3,47.39
3.5,54.6,No,6.8,1,30.17
7.1,55.3,No,5.9,6,42.29
5.0,91.7,No,7.1,2,57.74
3.5,70.4,No,5.6,3,35.91
7.5,83.0,Yes,5.9,6,63.11
7.9,42.1,Yes,8.8,6,46.72
6.4,61.5,Yes,4.6,4,41.18
1.4,68.3,No,4.5,1,33.08
5.5,51.0,Yes,4.2,7,38.12
7.1,47.1,Yes,5.6,2,36.16
2.1,91.3,No,6.0,6,51.97
2.8,95.4,Yes,4.5,7,61.08
8.1,44.6,Yes,6.7,2,33.35
1.2,60.6,Yes,6.9,6,36.08
7.0,96.5,Yes,7.8,1,66.16
4.8,44.9,No,8.9,6,25.22
4.6,78.0,No,7.1,8,53.98
1.1,97.4,Yes,4.6,8,56.24
7.6,97.7,Yes,4.4,7,67.91
3.9,67.8,No,7.9,4,42.38
5.3,49.6,No,7.3,4,28.91
6.4,51.9,No,4.8,5,35.38
6.6,92.5,No,5.3,8,65.7
8.6,93.8,Yes,7.8,4,63.95
5.3,75.9,No,6.8,9,48.97
4.2,85.2,No,6.9,3,47.78
8.6,83.7,Yes,5.1,9,67.8
6.1,79.0,No,7.1,2,53.99
3.4,88.8,Yes,7.9,6,52.62
2.0,80.4,Yes,8.4,5,43.37
7.7,71.5,No,7.7,5,54.88
3.9,54.0,No,6.9,6,35.13
6.3,83.9,Yes,7.4,7,58.29
4.8,67.9,Yes,6.4,4,52.26
2.6,57.4,No,5.1,4,31.91
5.8,87.3,Yes,8.4,9,63.31
1.5,81.1,No,6.7,4,41.7
4.3,95.3,No,7.0,8,66.17
5.4,49.8,No,9.0,1,34.85
4.5,78.3,No,8.9,4,43.02
7.0,54.4,No,6.9,2,36.71
7.6,93.3,No,4.2,5,63.93
7.2,45.9,Yes,6.0,2,35.89
1.3,78.7,No,8.7,7,47.09
2.6,86.7,Yes,5.4,7,48.38
5.3,60.9,Yes,9.0,9,46.78
8.5,96.3,Yes,4.4,4,77.24
7.7,90.2,No,6.8,5,65.17
7.7,57.4,Yes,6.6,3,42.53
3.4,40.4,No,5.3,7,20.2
4.4,57.5,No,8.7,5,36.14
4.8,56.6,Yes,7.1,9,38.1
2.3,92.5,No,5.2,7,52.23
1.2,97.1,No,5.9,4,54.09
8.6,44.2,No,7.6,7,41.72
2.9,67.8,Yes,5.5,1,35.57
2.9,72.4,No,8.4,2,33.51
1.7,45.5,No,4.8,3,24.12
8.4,62.3,Yes,5.3,5,49.65
5.6,58.7,Yes,4.7,5,42.14
6.3,71.6,No,4.5,7,47.58
8.3,79.0,No,5.5,9,60.9
3.8,81.5,Yes,9.0,9,53.29
6.0,48.1,Yes,4.5,6,31.52
1.3,88.0,No,5.1,7,45.05
2.5,80.0,Yes,5.4,8,49.24
7.6,92.5,No,7.1,4,66.83
7.1,66.5,Yes,7.7,7,50.2
3.8,92.7,No,7.8,6,53.25
4.0,91.1,Yes,4.0,8,57.78
5.3,65.9,No,7.3,1,44.51
1.0,62.5,No,7.2,5,28.1
2.9,95.0,No,6.6,3,54.43
2.7,82.2,No,5.9,9,47.9
3.0,94.8,Yes,8.0,9,65.78
7.4,87.0,Yes,5.7,3,59.99
3.2,75.9,No,5.2,2,44.97
2.5,46.8,No,5.6,5,29.71
5.0,57.2,No,6.2,4,43.75
7.9,97.2,Yes,5.1,7,66.82
2.9,58.8,No,7.0,8,31.26
1.6,45.5,No,8.4,4,27.6
3.9,81.7,Yes,7.0,3,54.37
7.0,83.3,No,6.2,9,59.66
5.4,56.8,No,8.0,8,29.26
7.5,57.6,No,7.7,7,47.39
8.7,67.7,Yes,5.8,8,51.45
7.3,41.3,Yes,7.0,8,35.52
5.8,86.6,Yes,7.6,8,63.2
4.9,58.7,No,5.2,1,36.75
1.3,90.4,No,5.8,4,54.38
8.9,87.4,Yes,4.5,7,67.02
4.1,79.0,No,8.9,6,47.05
2.2,59.2,No,4.4,3,33.89
6.3,70.5,No,4.8,3,48.96
3.3,66.2,Yes,6.4,4,38.74
5.7,60.0,Yes,8.3,6,44.97
5.7,90.0,No,5.8,1,54.86
4.6,68.5,Yes,7.8,4,48.14
7.7,89.1,No,7.4,9,74.6
3.1,46.2,No,7.2,7,26.1
4.6,48.3,Yes,8.2,6,36.74
5.3,97.7,Yes,4.1,5,57.86
6.3,74.7,No,8.6,2,46.35
7.3,70.1,Yes,8.1,2,53.83
4.2,70.9,Yes,8.7,6,47.41
6.2,52.7,No,8.0,9,37.99
2.2,82.4,No,8.4,9,50.55
8.5,45.0,No,5.0,1,39.48
4.1,73.8,No,5.6,7,41.51
6.8,73.7,Yes,5.6,7,62.61
1.2,93.9,Yes,4.5,2,51.48
2.6,71.0,No,7.6,4,42.86
4.9,48.1,No,4.7,8,34.36
8.0,73.8,No,4.3,6,62.83
5.2,45.4,Yes,7.9,7,39.38
8.4,52.0,Yes,8.5,6,45.55
4.9,41.8,Yes,7.8,9,37.13
4.9,70.3,No,8.1,9,47.0
2.0,45.0,Yes,7.0,6,24.86
7.4,67.7,Yes,8.4,6,59.71
3.0,95.0,No,6.5,9,60.81
8.2,82.5,No,8.9,9,68.39
8.3,44.6,No,4.5,3,41.34
8.5,53.2,No,8.0,7,49.31
5.2,79.7,No,7.2,3,47.79
6.4,92.8,Yes,6.9,4,70.82
7.2,41.9,No,7.6,9,40.55
2.0,87.9,Yes,8.2,8,56.41
5.8,73.1,Yes,8.3,6,53.26
1.3,72.2,No,4.9,6,42.71
5.0,96.5,No,5.0,8,71.41
2.2,84.1,No,4.1,2,42.79
2.5,90.2,No,4.7,5,55.38
3.9,60.9,No,5.3,7,39.2
4.5,72.7,No,7.6,3,37.22
6.0,76.3,No,6.4,8,49.08
1.6,59.0,No,7.8,3,31.59
5.0,73.6,Yes,6.4,4,53.08
2.5,54.0,Yes,6.8,6,34.98
5.6,48.5,No,4.6,6,37.75
6.1,62.1,Yes,7.9,2,54.1
5.5,83.6,No,7.8,2,55.63
6.9,94.1,No,5.5,3,62.25
3.7,67.0,No,5.6,3,38.57
7.1,77.9,No,5.1,4,61.34
4.5,46.1,Yes,8.1,4,26.65
4.9,93.4,No,7.7,4,64.45
6.2,73.5,Yes,7.0,3,51.37
1.1,86.0,Yes,5.2,1,40.54
6.2,86.9,No,4.9,9,56.05
5.9,55.1,Yes,4.3,2,43.67
3.5,71.2,Yes,4.2,3,38.59
1.7,96.7,No,4.9,2,51.04
1.7,45.3,No,4.5,6,19.19
8.4,80.3,No,6.8,6,69.52
6.5,96.8,No,5.8,1,62.86
2.0,57.7,No,6.2,4,24.99
3.9,90.8,Yes,7.0,5,55.7
5.7,95.1,No,7.3,6,69.69
7.7,84.1,No,7.2,5,57.65
1.3,53.6,Yes,5.3,3,25.14
2.9,59.7,No,8.0,3,38.42
8.1,42.1,No,8.6,3,37.77
1.1,89.1,Yes,5.6,6,44.77
2.6,90.1,Yes,4.1,4,52.83
8.7,77.3,Yes,8.5,4,60.57
5.9,60.8,No,8.6,3,42.3
3.1,44.5,No,4.3,4,28.14
1.5,84.4,No,4.0,8,48.47
1.2,82.9,No,8.1,3,43.04
3.0,93.8,No,5.5,3,52.74
8.1,83.1,No,8.6,6,67.53
4.3,88.9,No,5.1,1,49.11
6.8,84.0,No,8.3,6,51.76
8.3,77.2,No,4.3,9,60.23
4.3,65.2,No,5.3,3,40.81
2.5,93.2,No,8.9,2,50.74
5.1,78.4,No,5.2,3,47.25
8.3,63.5,No,4.7,3,46.57
7.4,44.9,No,8.3,2,35.36
1.5,57.2,No,4.6,4,22.95
6.5,72.1,No,4.5,8,55.44
5.6,56.3,No,5.6,7,29.89
8.3,53.1,No,7.2,9,49.71
2.0,71.1,Yes,7.6,8,44.79
5.3,50.0,Yes,8.4,7,40.64
8.0,87.2,No,6.7,6,57.19
4.3,68.6,Yes,6.0,3,44.31
4.9,73.9,No,5.8,4,44.8
1.6,48.7,No,8.2,8,34.23
3.2,59.2,No,7.6,2,34.65
3.6,64.2,No,8.5,6,36.01
8.6,87.7,No,8.8,1,56.58
3.3,85.4,No,5.5,7,49.76
4.7,53.2,No,6.6,4,37.72
6.4,76.4,No,7.2,1,55.01
2.3,54.4,Yes,4.8,5,31.52
4.9,98.3,Yes,4.3,5,63.74
6.9,96.2,No,8.3,6,66.78
7.9,73.2,No,6.7,8,57.76
6.0,81.2,No,6.9,4,59.57
6.4,87.3,No,6.8,7,60.18
2.0,82.5,Yes,7.8,4,49.99
8.6,81.3,No,4.7,2,56.57
2.1,96.6,Yes,7.1,8,62.87
7.2,75.2,No,6.3,5,56.96
3.1,77.5,No,8.5,4,49.8
8.5,90.1,No,6.6,2,72.0
6.8,79.5,No,8.7,7,48.37
7.0,83.2,No,5.8,5,61.84
2.8,53.8,No,8.8,9,36.78
4.5,61.9,No,8.4,7,44.24
5.9,48.7,No,6.9,9,40.0
7.2,69.8,No,5.8,5,52.07
1.8,66.9,Yes,5.9,6,39.71
8.7,98.8,Yes,7.9,8,80.72
8.1,76.1,No,6.9,6,61.81
3.2,86.4,Yes,6.0,4,51.75
7.6,59.7,No,7.2,2,43.5
5.1,89.1,No,7.7,6,59.25
4.7,76.3,No,4.1,9,49.7
3.5,81.1,No,4.4,8,57.76
5.6,57.4,Yes,4.5,3,34.15
6.8,72.4,Yes,5.2,5,56.08
4.3,77.4,No,6.1,6,52.39
6.0,74.8,Yes,8.0,7,53.12
6.6,94.0,Yes,5.8,2,64.47
6.7,93.0,No,4.1,6,69.01
1.4,97.3,No,6.4,2,49.76
7.9,79.4,No,9.0,8,67.56
4.7,97.3,No,5.7,7,67.44
3.1,89.1,No,8.8,2,48.5
2.9,56.0,No,4.5,4,26.49
4.9,65.2,No,4.9,7,44.5
8.1,54.1,No,7.6,9,42.96
4.0,40.2,Yes,6.5,3,14.1
7.0,51.1,No,7.8,8,40.72
1.8,40.2,No,8.3,9,32.8
4.8,82.5,No,5.3,8,53.22
8.9,65.1,No,7.4,4,54.08
7.2,58.4,Yes,7.0,4,48.29
2.7,84.9,Yes,8.3,7,52.93
5.0,89.1,No,6.2,4,55.32
2.9,97.5,No,4.3,7,62.92
4.3,77.9,No,6.9,9,52.53
7.2,67.2,Yes,8.8,9,55.29
7.2,58.0,No,4.1,9,49.75
2.8,53.1,Yes,5.2,6,28.19
8.4,52.6,No,5.6,1,35.46
5.7,64.1,Yes,7.8,8,42.37
4.0,98.5,No,5.6,6,63.53
5.0,40.1,No,5.2,7,28.59
5.8,51.6,No,7.2,2,38.39
5.5,51.1,Yes,4.2,3,35.16
4.9,82.3,Yes,4.9,6,49.37
5.0,60.8,No,6.0,3,37.47
2.4,67.0,Yes,5.8,5,42.61
7.5,48.8,No,5.7,4,37.46
5.3,63.9,Yes,4.5,5,48.74
2.0,46.1,No,5.8,8,24.68
7.1,71.4,Yes,8.0,4,56.47
8.5,45.8,No,6.1,9,36.11
8.6,86.6,No,6.9,3,62.7
4.0,73.4,No,4.8,7,44.92
2.1,82.7,Yes,4.3,7,43.09
5.1,64.7,No,8.4,1,45.29
1.9,62.5,No,5.7,3,29.36
8.5,45.8,Yes,5.8,1,35.28
2.5,70.9,No,8.4,8,48.68
3.0,70.4,No,7.5,5,42.43
4.3,67.6,Yes,7.8,4,47.14
4.1,83.7,No,7.4,3,43.93
7.4,89.1,No,4.5,7,61.08
4.7,84.3,Yes,8.8,8,66.97
2.4,48.5,Yes,8.5,8,34.74
3.1,76.7,No,5.2,1,37.44
5.1,44.7,No,8.0,7,34.23
2.2,81.0,Yes,6.0,5,42.97
5.9,62.5,No,7.4,2,47.39
5.5,47.8,No,4.8,8,26.76
6.7,90.9,Yes,6.7,2,63.19
8.5,76.2,No,4.6,6,59.68
8.3,60.9,No,6.7,5,44.52
8.6,41.8,Yes,5.2,6,38.8
3.0,71.7,No,6.3,8,45.82
2.1,94.5,No,7.3,9,49.84
3.4,75.2,Yes,8.4,3,40.79
8.2,97.3,Yes,4.8,3,69.01
8.8,48.1,Yes,8.5,7,42.93
7.9,73.5,Yes,6.0,3,53.23
1.9,87.1,Yes,8.2,5,50.66
8.6,71.0,No,6.6,4,51.24
4.4,45.4,No,8.3,9,33.61
1.1,74.4,Yes,7.3,8,44.34
4.5,76.1,No,6.5,9,54.94
1.4,83.0,Yes,5.6,6,41.76
5.4,84.9,Yes,8.8,2,53.45
3.7,85.5,Yes,8.0,8,59.01
4.8,79.1,Yes,5.9,1,43.19
5.9,52.7,No,4.8,5,37.76
8.0,63.8,Yes,7.9,2,49.56
6.3,85.8,No,8.9,7,51.05
4.5,96.3,Yes,5.4,5,59.61
7.6,44.7,Yes,8.6,3,39.34
8.2,71.6,No,4.6,7,55.17
2.0,58.4,Yes,8.8,3,30.47
5.3,53.3,No,7.7,6,38.63
3.3,69.8,Yes,5.7,4,46.04
1.4,75.8,No,5.5,2,39.86
6.3,40.6,No,7.2,9,32.28
7.9,86.0,Yes,7.0,6,59.63
2.3,88.4,No,8.6,5,53.3
7.5,97.0,No,7.8,5,64.35
7.8,50.7,Yes,6.7,8,43.43
8.3,75.1,No,8.6,5,59.09
3.1,65.2,Yes,7.0,8,47.18
8.2,59.8,Yes,8.2,8,57.77
3.6,73.4,Yes,8.2,1,43.76
5.4,86.2,No,8.6,4,54.84
1.4,41.4,Yes,4.3,9,18.96
1.4,97.2,Yes,6.9,2,60.4
6.8,87.8,No,6.3,4,59.15
4.6,84.3,Yes,6.5,4,56.97
3.1,84.9,No,6.3,1,47.65
2.5,63.0,Yes,8.2,7,37.47
6.4,84.3,No,5.6,1,52.39
1.0,62.8,No,6.3,5,26.19
7.4,93.0,Yes,5.0,8,73.82
1.6,50.5,Yes,5.3,4,25.68
2.5,57.2,No,7.3,5,38.32
4.1,72.5,No,4.6,3,41.18
4.9,58.8,Yes,4.9,5,38.78
3.8,65.0,Yes,6.6,3,35.64
3.6,69.1,Yes,4.2,4,40.49
8.7,90.5,No,4.6,3,60.39
6.1,70.9,No,8.3,5,51.79
1.2,61.4,Yes,8.2,2,31.62
4.4,54.6,Yes,5.7,9,45.77
8.0,64.1,Yes,5.7,3,43.83
3.4,70.4,Yes,8.7,1,46.42
1.8,84.0,No,4.1,5,41.54
7.1,47.1,No,6.9,4,38.29
5.8,53.1,Yes,7.0,2,32.78
5.6,62.4,No,7.9,8,46.73
1.4,61.3,Yes,8.8,9,27.49
2.1,63.1,No,5.8,6,32.61
6.0,86.8,No,6.2,8,61.34
2.7,59.1,Yes,7.4,2,40.2
5.0,69.6,No,8.8,6,39.17
5.4,76.8,Yes,8.5,1,50.16
3.3,53.7,No,7.3,3,28.65
8.6,82.4,No,8.3,7,57.16
7.7,72.3,Yes,4.4,1,47.29
6.8,66.4,No,5.9,6,47.03
1.6,87.8,No,4.1,7,50.82
1.8,54.4,No,4.9,3,26.95
4.9,92.1,No,7.2,8,56.63
2.3,73.1,Yes,8.4,8,38.51
8.8,75.9,No,7.2,5,61.17
2.3,91.6,No,7.3,2,49.39
4.9,88.2,No,4.5,2,60.05
3.9,75.5,No,7.3,5,45.6
6.1,84.4,Yes,6.3,4,62.73
2.0,65.6,Yes,7.3,4,39.2
4.4,72.3,No,5.6,5,49.02
3.2,43.7,No,6.9,1,24.48
8.1,45.3,No,6.1,7,42.3
1.3,88.9,No,6.8,3,37.62
8.3,43.5,No,4.7,8,39.23
7.7,50.0,No,6.0,9,41.09
3.4,87.0,No,5.9,8,59.46
7.3,40.1,No,7.7,2,27.99
1.2,56.7,No,7.5,7,29.61
8.7,74.5,No,8.5,4,61.33
5.2,75.1,Yes,7.2,5,52.68
3.4,85.9,Yes,5.6,5,53.48
3.9,69.8,Yes,7.9,9,52.96
1.5,70.1,Yes,6.5,2,37.6
8.9,82.8,Yes,5.0,2,59.87
1.3,69.4,No,7.7,3,30.25
6.2,75.9,No,4.7,5,53.95
4.5,93.0,Yes,4.9,4,55.71
8.6,63.7,No,7.8,9,54.04
3.0,62.7,No,7.9,3,39.91
5.3,40.2,Yes,8.0,1,26.86
4.9,76.2,No,5.5,5,47.27
6.6,41.8,Yes,8.3,8,36.73
1.5,69.7,No,7.6,1,33.54
2.6,87.4,Yes,8.2,1,45.45
2.7,72.4,No,7.5,6,49.79
6.9,55.9,No,6.9,7,41.97
2.5,86.4,Yes,4.5,8,55.97
5.6,55.9,No,7.6,8,37.87
2.7,83.2,Yes,7.5,3,50.83
7.9,76.0,No,5.6,4,56.44
8.5,50.0,No,7.7,9,46.73
5.1,93.4,No,6.8,5,61.31
3.8,51.8,Yes,6.8,9,38.73
2.9,98.4,Yes,5.8,5,58.14
1.4,40.4,No,4.6,5,17.88
3.1,55.5,Yes,5.1,9,39.24
6.2,51.8,No,7.8,6,35.03
5.3,40.8,No,5.4,3,22.03
8.6,83.2,No,4.0,5,62.63
4.2,80.9,Yes,9.0,1,41.83
6.6,86.7,No,5.1,9,55.92
4.9,55.1,No,7.3,7,46.11
5.1,66.2,No,8.6,1,47.93
3.1,78.9,No,7.0,4,43.9
4.6,65.9,Yes,8.0,2,46.46
4.8,81.1,Yes,8.9,3,57.19
6.7,77.4,Yes,8.3,4,57.98
8.5,46.8,No,6.8,2,38.37
3.6,86.1,Yes,5.8,1,52.87
1.3,82.5,No,6.4,4,46.81
5.0,78.7,No,8.2,9,57.69
5.4,49.2,No,8.3,9,32.19
2.3,55.8,Yes,8.2,9,44.48
7.1,63.2,No,7.0,3,55.44
8.9,56.5,No,6.4,1,36.83
8.6,53.4,Yes,5.6,1,45.05
2.6,87.5,Yes,4.0,3,57.64
8.0,77.7,No,7.8,8,65.14
6.6,73.4,Yes,5.4,4,56.51
4.6,53.3,Yes,5.6,8,32.98
5.3,94.2,Yes,8.2,7,68.36
7.8,51.3,Yes,4.3,8,45.82
4.8,86.9,No,8.6,2,57.42
4.0,97.0,No,4.0,8,57.04
4.9,82.9,No,8.7,9,53.5
5.6,98.6,No,6.3,6,64.97
2.5,78.4,No,4.5,3,41.02
8.2,52.8,No,7.4,7,45.13
6.4,52.0,Yes,8.5,9,42.37
6.1,59.1,No,6.2,8,43.73
1.8,40.4,Yes,7.5,8,21.96
5.8,80.2,No,8.9,7,56.68
2.0,55.9,Yes,5.2,5,25.32
1.6,88.1,Yes,8.1,2,50.33
5.2,61.2,Yes,5.5,5,43.49
4.2,68.3,Yes,6.1,5,39.45
5.7,97.0,No,5.4,2,66.53
1.7,54.3,Yes,6.2,1,23.34
4.4,82.6,No,4.0,5,56.02
2.4,84.6,No,5.5,6,50.05
8.9,53.0,No,6.2,7,51.16
5.5,69.6,Yes,7.2,2,47.13
6.5,60.7,No,7.2,6,47.59
3.6,85.5,Yes,6.9,8,59.96
1.8,76.7,No,5.5,6,50.05
8.8,68.1,No,8.7,3,58.06
3.3,86.0,No,6.0,3,51.39
4.4,53.9,Yes,5.1,7,32.04
6.2,84.5,No,6.8,2,45.82
1.2,91.1,No,7.7,3,47.6
7.5,91.8,No,4.1,7,63.17
5.3,86.2,No,5.4,9,56.62
3.2,64.1,Yes,8.1,1,36.73
1.5,97.9,Yes,6.5,5,58.25
2.3,62.4,Yes,6.0,2,31.22
8.2,77.7,No,8.7,5,63.05
6.5,49.5,Yes,4.4,6,39.14
3.0,97.8,No,7.1,8,60.59
1.5,81.5,No,5.7,7,53.12
6.5,84.4,No,4.4,5,58.44
5.6,43.9,No,5.1,5,31.09
4.2,85.0,Yes,7.1,2,54.67
3.9,85.7,No,4.1,6,59.84
2.7,79.6,No,7.0,3,44.61
6.4,57.2,No,8.8,6,45.3
8.8,68.9,Yes,8.0,3,54.91
2.4,46.5,Yes,5.7,2,23.9
5.8,67.8,Yes,4.7,8,47.95
4.4,54.4,No,6.3,4,32.1
4.6,60.6,Yes,6.0,5,47.46
3.0,49.6,No,8.9,9,30.87
7.6,53.6,No,8.9,4,36.76
4.9,44.5,No,6.1,1,27.64
5.3,94.3,Yes,4.7,6,67.2
3.4,71.3,No,8.6,5,48.76
2.5,63.4,No,8.0,3,29.99
1.7,71.6,Yes,6.6,5,44.73
6.7,77.1,No,5.8,8,64.99
2.6,94.4,Yes,6.2,1,50.12
6.5,50.5,No,8.5,4,37.53
4.1,57.4,Yes,4.9,3,30.71
4.3,97.6,No,8.0,4,68.19
4.8,61.9,No,4.1,2,31.29
3.9,41.3,Yes,8.6,2,24.59
1.8,48.7,No,6.5,2,26.08
3.5,41.6,No,5.1,3,20.34
6.3,98.4,No,4.0,9,64.67
6.3,56.5,Yes,6.8,5,42.7
3.3,94.5,Yes,5.2,4,66.27
4.7,98.8,No,7.2,4,60.99
2.5,75.4,Yes,5.4,3,41.84
2.7,42.0,No,4.4,9,21.4
1.2,44.8,Yes,6.5,1,21.3
8.2,68.4,Yes,6.8,6,59.05
2.7,64.0,No,6.3,4,33.37
2.8,75.8,No,6.3,8,48.57
3.2,65.9,No,6.9,7,38.61
2.0,95.1,No,6.6,3,44.59
6.1,71.5,No,4.7,5,50.91
1.6,80.9,No,5.0,4,51.05
2.1,92.9,No,4.7,4,46.22
6.2,48.7,No,7.5,8,39.7
3.7,53.6,No,6.6,9,41.52
6.7,46.3,No,6.1,4,34.71
5.5,48.2,No,8.0,2,26.68
3.0,70.2,Yes,5.6,1,39.5
6.2,58.9,Yes,6.8,4,49.28
1.9,65.0,Yes,4.4,8,36.43
5.3,98.0,Yes,7.7,5,66.53
4.5,49.2,Yes,7.5,2,27.67
3.1,71.9,No,8.0,4,42.01
5.8,45.8,No,8.4,4,35.2
8.0,58.8,Yes,7.8,5,49.32
9.0,71.1,No,8.2,2,53.32
5.9,95.9,No,5.7,7,66.83
4.2,63.1,No,5.7,5,42.41
2.8,43.8,Yes,8.7,4,29.43
3.1,62.9,No,8.6,8,39.04
4.8,48.6,Yes,6.7,2,29.56
3.9,53.6,Yes,5.8,1,39.47
8.3,76.5,Yes,8.3,6,61.84
3.9,44.0,No,5.6,8,28.87
4.0,67.4,No,4.8,7,37.02
4.1,76.0,Yes,7.2,9,48.59
7.7,64.9,Yes,4.2,1,44.58
6.2,41.1,No,5.9,3,31.71
5.9,98.1,No,8.0,9,67.66
3.7,61.7,Yes,5.5,5,38.93
7.5,85.9,No,8.7,6,57.95
1.3,59.2,No,8.8,7,38.52
8.0,68.0,Yes,8.1,3,49.91
5.1,62.9,No,8.9,7,45.62
4.2,60.2,Yes,6.7,3,36.03
5.0,41.3,No,6.8,6,28.48
6.3,61.2,No,8.2,8,44.09
1.1,92.5,Yes,6.5,7,54.11
8.0,80.7,No,6.0,5,55.86
4.6,48.6,No,7.1,6,34.47
3.7,74.9,Yes,7.3,4,46.43
2.1,92.6,Yes,7.8,2,54.57
4.5,81.3,Yes,7.3,7,58.02
5.0,48.8,No,7.7,4,31.71
4.2,91.2,No,7.4,6,59.51
6.4,57.8,No,6.4,2,38.12
4.4,66.8,No,4.7,2,44.73
8.7,71.0,No,7.9,6,55.89
5.8,90.2,No,4.2,8,60.85
7.5,95.0,No,9.0,1,63.14
1.9,94.8,No,8.1,7,52.52
4.2,40.5,No,7.4,6,35.6
3.7,94.4,Yes,8.8,5,61.85
5.6,43.2,Yes,7.1,8,35.81
7.9,55.7,Yes,4.3,1,40.24
1.6,70.4,No,6.8,5,42.47
1.6,68.3,No,5.4,6,34.71
7.8,75.7,Yes,5.8,4,57.44
2.7,68.3,No,6.3,2,45.66
6.4,95.1,No,7.9,8,63.67
5.3,54.2,No,6.5,5,39.64
7.7,56.2,Yes,6.4,6,47.86
2.0,94.3,No,5.5,9,58.11
2.0,44.5,Yes,6.7,2,21.45
5.5,76.0,Yes,5.2,5,49.44
8.6,80.2,Yes,5.3,1,59.89
4.3,69.8,No,7.8,3,41.39
3.6,81.0,Yes,5.7,6,41.87
5.9,50.2,No,4.3,8,34.55
8.4,90.3,No,5.7,5,65.31
7.7,48.3,Yes,7.2,4,36.46
9.0,63.6,Yes,8.1,5,54.93
1.2,44.4,Yes,8.8,4,19.81
1.9,72.2,No,7.7,2,37.58
5.9,79.5,Yes,6.1,1,60.83
7.6,95.5,No,5.5,8,74.74
3.3,83.6,Yes,4.6,1,49.9
2.9,71.9,No,7.1,2,47.13
7.3,95.0,Yes,6.5,5,68.08
1.5,68.2,No,7.4,8,38.67
4.0,73.1,No,5.2,3,39.01
5.0,75.2,No,5.6,9,57.28
5.5,64.2,Yes,5.5,6,53.53
6.8,89.5,No,8.0,3,64.98
3.8,50.9,Yes,4.9,7,39.89
5.9,72.7,No,7.0,7,40.86
5.7,82.6,No,4.3,7,65.44
5.4,93.3,No,6.7,4,59.93
6.1,92.2,No,4.3,6,71.55
3.1,70.0,Yes,4.9,3,47.48
1.7,77.9,Yes,4.6,4,45.58
2.0,63.3,No,5.7,3,31.16
2.8,67.6,No,5.7,3,37.89
5.0,93.5,Yes,8.1,1,51.5
7.7,94.9,No,5.1,5,71.03
6.6,92.8,Yes,4.4,3,52.68
7.3,48.2,No,7.0,1,34.59
3.8,90.2,Yes,7.4,9,66.46
4.2,96.0,Yes,5.5,4,62.94
4.1,61.3,No,7.0,9,36.05
2.5,70.6,No,7.9,2,33.09
1.5,86.0,No,5.7,2,41.81
5.7,73.2,No,6.6,4,49.38
8.9,98.6,No,4.7,4,75.05
2.3,66.9,Yes,4.1,5,40.53
1.4,82.1,Yes,8.9,1,39.33
7.2,86.8,Yes,5.5,5,65.32
3.0,69.2,No,5.4,2,40.7
7.6,90.6,No,8.9,5,67.93
6.6,72.2,No,7.6,6,62.68
8.6,64.3,No,6.9,3,53.06
4.3,46.4,Yes,7.5,4,35.07
6.3,63.2,No,7.5,5,53.19
4.7,83.3,Yes,7.8,6,59.61
6.0,94.4,No,4.3,9,63.46
4.6,54.8,Yes,6.1,9,45.5
2.5,61.0,No,5.5,6,33.23
5.1,49.1,No,4.4,1,25.72
5.2,80.8,No,6.1,6,50.16
7.5,96.7,No,7.1,3,71.86
6.9,77.8,Yes,4.9,5,58.84
6.3,76.4,Yes,5.5,5,58.57
1.9,72.7,No,7.2,4,41.94
6.8,45.2,No,6.9,3,34.96
5.0,83.0,Yes,8.3,1,54.24
8.2,75.5,Yes,8.0,7,63.34
8.4,79.0,No,8.8,8,60.83
1.4,93.0,No,7.0,5,46.05
7.6,86.3,No,7.5,8,63.12
1.3,86.1,No,8.3,4,48.6
3.9,94.7,No,8.2,8,58.75
5.3,98.4,Yes,7.6,3,72.85
2.2,74.3,Yes,6.5,8,47.3
7.0,46.4,No,5.4,6,37.71
1.1,67.1,No,8.4,9,36.05
2.3,86.5,Yes,7.9,5,55.07
5.6,41.6,No,8.2,1,23.33
6.7,43.4,Yes,4.7,8,38.85
8.3,44.0,No,5.6,3,35.1
6.6,83.1,Yes,6.1,5,59.92
6.4,69.6,No,8.2,2,49.5
4.2,61.8,No,8.5,7,36.85
1.0,46.2,Yes,5.4,5,16.25
2.0,83.2,No,7.4,7,44.67
5.3,58.9,Yes,4.4,7,45.93
6.4,55.7,No,6.0,5,42.31
4.3,78.5,No,6.4,5,47.9
6.8,73.0,No,7.8,9,64.11
5.2,61.4,No,8.5,3,45.69
1.6,77.8,No,5.7,8,48.54
2.5,56.0,No,6.6,1,25.5
7.7,86.9,Yes,7.2,4,68.16
6.8,53.5,Yes,5.6,2,40.84
8.2,49.4,No,8.9,3,38.1
1.9,86.2,No,8.4,6,49.28
8.9,81.8,No,5.5,4,57.6
2.7,50.8,Yes,6.5,1,24.22
1.1,46.9,No,5.2,5,17.34
9.0,89.5,No,6.6,3,69.98
3.2,85.8,No,7.4,2,48.9
6.3,59.3,Yes,4.4,4,39.15
2.4,78.8,Yes,8.4,4,48.44
5.6,47.3,Yes,7.0,3,34.19
8.2,69.9,No,8.9,5,59.31
3.6,41.1,No,4.1,5,24.75
6.4,63.1,Yes,8.2,8,44.18
2.5,44.4,No,8.0,7,24.7
6.0,68.0,No,4.7,9,45.25
3.7,64.9,Yes,5.7,7,44.78
2.7,66.2,No,8.4,2,40.76
3.5,42.7,No,6.6,3,18.23
2.4,61.3,No,6.0,6,34.58
8.2,84.6,No,8.5,1,65.14
4.2,61.8,No,4.5,8,34.45
3.0,82.2,Yes,6.4,7,49.63
4.6,61.8,Yes,7.3,6,42.75
3.6,65.0,Yes,7.0,5,45.48
7.0,73.3,Yes,5.3,5,56.16
8.8,96.1,Yes,6.8,8,78.2
4.5,46.4,Yes,7.5,8,37.44
7.9,41.9,No,6.9,3,33.56
5.5,75.9,No,7.4,9,61.08
2.3,96.0,Yes,5.3,3,51.57
6.5,98.4,Yes,8.2,8,60.4
5.1,68.6,No,6.2,7,39.81
6.2,67.6,Yes,8.9,9,52.89
8.1,78.1,No,4.1,9,59.65
4.5,72.8,No,5.9,1,40.99
8.2,77.4,Yes,4.9,1,56.83
7.0,91.6,Yes,6.8,3,68.87
4.9,84.0,Yes,5.2,7,58.69
5.8,69.3,Yes,7.7,3,50.72
3.6,67.3,No,8.4,3,35.81
8.9,77.7,Yes,5.1,4,58.46
6.3,66.9,No,4.8,8,52.1
1.4,67.0,No,8.4,1,33.17
3.6,41.0,Yes,5.8,4,27.54
6.0,50.3,Yes,6.2,4,39.75
1.5,68.8,No,5.1,8,39.03
1.2,88.5,No,6.1,7,55.48
4.6,56.4,Yes,5.2,4,35.0
3.7,70.8,Yes,7.3,8,44.21
4.5,60.4,No,6.5,3,30.42
3.1,46.2,Yes,7.9,7,33.73
2.3,96.5,Yes,5.6,9,57.36
6.5,90.4,Yes,6.5,6,69.51
5.1,44.6,Yes,5.3,4,32.38
2.6,82.5,Yes,8.7,4,47.8
3.6,60.5,No,6.6,1,29.42
5.7,98.7,No,4.9,6,68.69
1.6,57.8,No,5.4,3,27.98
2.2,54.1,Yes,4.4,3,29.64
1.6,73.5,No,4.1,1,37.94
7.5,89.3,No,6.6,7,66.62
7.0,51.4,Yes,5.7,9,40.94
7.0,81.9,Yes,8.8,3,61.19
6.7,43.6,Yes,4.9,7,40.32
6.4,94.2,Yes,8.0,9,70.75
4.8,44.8,No,5.6,3,31.07
6.1,93.9,No,5.1,9,68.86
1.3,69.0,Yes,8.8,2,34.7
6.0,66.4,No,8.0,3,43.66
7.2,97.4,Yes,7.2,4,77.98
5.0,98.4,Yes,7.5,7,71.96
3.9,78.4,Yes,9.0,9,53.76
3.2,47.5,No,7.0,1,27.87
6.1,69.9,Yes,4.5,9,49.03
6.5,71.2,Yes,4.3,5,48.92
8.0,70.4,Yes,7.3,4,49.78
3.7,73.6,Yes,7.3,6,48.86
7.2,41.1,No,7.7,5,35.84
5.5,82.0,No,4.5,5,58.06
8.1,82.0,No,8.7,5,61.02
5.2,46.8,No,6.8,8,39.51
5.1,73.6,No,7.2,8,53.95
5.6,73.5,Yes,4.2,4,59.38
7.0,80.3,Yes,8.8,9,69.54
8.7,45.0,No,6.8,8,48.91
1.6,77.0,Yes,6.8,6,47.52
1.4,56.6,No,8.7,2,24.02
8.5,69.9,Yes,8.6,9,61.53
5.2,85.6,Yes,5.1,6,66.8
5.9,81.6,No,8.7,8,60.67
4.9,47.0,No,7.7,6,29.94
1.7,74.9,Yes,4.1,5,42.78
7.1,97.2,Yes,5.2,7,66.39
7.0,49.2,No,6.1,4,34.2
3.5,90.3,Yes,6.9,3,56.24
3.4,81.5,Yes,7.5,7,55.56
7.7,85.7,Yes,5.1,2,57.59
1.6,56.6,No,8.2,3,26.36
8.0,57.0,No,8.2,1,37.7
3.1,93.5,No,7.2,1,51.86
5.7,61.2,Yes,8.6,2,34.86
8.5,43.7,Yes,8.1,1,36.78
6.4,75.4,Yes,5.1,2,51.79
4.3,47.4,No,8.0,1,21.18
6.5,87.0,No,8.8,3,55.37
3.8,77.9,Yes,4.7,9,51.43
3.2,91.6,No,8.9,9,57.98
9.0,86.3,No,4.1,8,66.67
7.0,46.6,No,6.6,9,41.48
6.2,62.5,No,7.9,4,37.55
3.8,85.7,Yes,8.0,8,59.94
1.4,64.6,No,7.7,5,33.05
1.2,97.4,No,6.6,4,50.02
5.4,83.4,Yes,7.3,4,48.77
7.1,40.9,No,7.5,2,30.82
5.3,91.9,No,6.5,9,65.24
7.7,45.9,Yes,7.0,9,43.94
1.3,48.3,No,8.2,1,21.92
3.9,83.3,No,5.6,4,48.91
2.9,91.0,Yes,6.6,9,57.97
4.6,71.6,Yes,4.0,4,41.32
1.6,57.1,No,7.4,2,27.74
8.6,60.7,Yes,5.0,2,46.15
2.8,60.2,No,6.4,9,33.37
8.4,59.3,Yes,5.1,4,51.25
4.4,54.3,Yes,4.1,1,26.26
8.9,75.9,Yes,6.4,1,59.73
5.4,93.1,No,6.1,1,60.05
8.4,58.1,No,6.1,8,47.73
1.0,51.0,No,5.0,1,25.16
7.0,89.5,Yes,8.7,5,62.95
8.2,83.8,No,4.0,9,62.18
2.1,94.9,Yes,8.5,4,50.53
1.8,49.8,Yes,7.7,9,31.02
4.4,48.5,Yes,4.9,5,28.71
8.5,71.9,Yes,6.4,9,57.42
5.3,76.3,Yes,8.9,2,50.51
5.2,68.3,Yes,7.2,8,49.74
2.1,75.3,Yes,4.6,7,49.5
1.0,50.6,No,6.3,7,29.74
7.5,68.3,Yes,6.3,3,53.32
1.7,78.8,No,8.0,2,40.77
6.1,65.5,No,8.6,1,42.11
8.3,80.1,Yes,4.4,1,57.8
2.7,66.6,No,5.6,7,37.25
6.3,59.7,No,5.5,9,43.21
1.6,57.9,Yes,9.0,1,29.4
5.8,64.2,No,6.8,4,40.53
2.3,41.4,No,8.4,2,17.29
6.9,79.4,No,6.1,8,62.56
3.4,89.9,No,7.6,9,52.17
4.7,60.9,Yes,5.4,3,35.24
5.8,42.7,Yes,8.6,3,37.53
2.4,98.2,Yes,6.3,7,57.9
6.9,55.6,No,8.0,9,51.58
3.4,47.5,No,5.3,7,25.08
6.3,61.8,No,7.5,7,46.72
2.3,83.6,Yes,6.0,2,49.41
6.5,57.3,Yes,4.2,1,36.01
2.0,73.9,No,6.1,2,45.13
4.4,64.5,No,6.8,6,40.66
3.0,46.9,Yes,4.8,8,32.45
7.0,59.5,Yes,4.9,8,45.32
3.1,82.8,Yes,6.3,6,57.2
8.1,76.1,Yes,5.7,2,57.4
8.1,47.1,No,6.2,9,51.65
2.6,49.6,No,6.3,4,31.65
5.9,77.8,No,4.7,5,55.69
1.7,88.0,No,4.9,1,40.99
4.1,60.6,Yes,8.2,9,44.03
6.7,75.1,Yes,4.8,1,49.8
6.3,50.1,No,7.3,7,39.37
6.0,58.4,No,6.1,9,45.24
3.3,41.2,Yes,8.8,3,21.7
4.0,85.3,Yes,4.3,2,50.46
1.8,63.7,Yes,8.2,8,38.53
6.8,88.2,Yes,6.5,4,58.01
5.0,81.8,No,4.0,1,52.27
6.7,88.9,No,5.3,8,64.43
3.0,56.9,No,6.0,6,37.06
3.6,50.9,No,5.6,6,33.52
3.7,97.3,No,5.8,4,51.26
1.2,82.3,Yes,8.6,6,43.81
3.7,89.2,Yes,5.8,2,59.88
7.4,40.8,No,6.1,6,38.41
8.2,60.9,No,7.8,2,40.23
5.1,83.8,Yes,8.0,6,59.53
4.6,44.6,No,4.4,9,29.01
1.2,73.5,No,7.5,7,32.42
8.0,65.3,No,6.4,4,56.67
1.1,41.0,No,4.7,1,15.35
8.6,53.9,No,5.3,9,48.95
4.9,56.8,No,4.2,1,28.83
3.7,46.6,Yes,5.8,5,25.51
8.4,77.3,No,5.3,7,53.69
1.2,54.3,No,5.9,6,33.4
5.7,56.4,No,6.9,3,31.54
5.4,93.0,No,7.7,8,70.21
2.8,67.6,No,7.0,7,36.89
4.4,63.1,Yes,7.4,9,40.7
6.2,82.7,Yes,8.3,1,55.58
6.8,93.7,No,8.4,8,65.25
1.0,41.5,No,8.3,4,19.31
8.5,66.4,No,4.8,7,50.1
2.3,76.0,No,5.3,7,42.86
2.9,58.8,No,6.5,4,30.22
3.1,85.6,No,5.8,8,56.28
1.3,97.3,Yes,4.7,1,52.86
2.0,95.7,No,5.4,5,54.52
8.9,55.7,Yes,8.9,4,53.11
3.5,53.4,Yes,5.7,4,33.86
1.9,96.5,Yes,6.1,3,54.75
1.9,67.1,Yes,4.0,1,33.31
6.8,52.3,Yes,7.6,5,38.94
7.8,81.7,Yes,6.1,8,61.09
3.1,56.8,Yes,4.5,6,35.4
1.2,55.8,Yes,8.8,1,31.29
2.8,91.9,No,7.9,5,56.52
1.5,49.6,No,7.6,6,28.49
1.8,43.8,No,8.8,9,22.14
4.5,55.9,No,6.0,9,41.37
2.8,75.8,No,7.6,5,43.02
5.1,47.3,No,5.0,3,31.29
3.0,67.8,Yes,7.5,6,44.77
8.5,77.0,Yes,4.1,8,57.42
8.2,90.1,No,4.6,5,66.15
5.5,53.6,No,6.1,8,40.77
3.8,88.2,No,4.1,1,53.94
4.0,53.9,No,6.3,8,34.3
4.3,79.9,Yes,6.6,2,49.2
6.8,65.4,No,7.1,7,50.42
4.6,46.8,No,4.5,2,25.93
7.9,82.1,No,4.9,3,56.14
8.6,52.8,No,7.1,5,42.62
3.7,50.4,Yes,7.3,7,33.98
5.5,61.1,Yes,4.1,9,52.74
1.8,78.5,Yes,6.7,5,44.34
2.6,53.8,Yes,7.9,1,31.21
4.3,50.8,Yes,4.3,3,32.04
2.6,40.6,No,6.1,5,21.17
8.0,67.8,No,5.6,3,50.28
2.3,65.3,No,8.6,8,42.74
4.6,53.8,No,4.9,8,37.05
5.8,43.2,Yes,5.6,1,29.41
6.5,65.3,Yes,8.5,8,50.89
4.1,86.5,No,5.7,4,48.55
8.0,82.2,Yes,6.7,6,67.33
5.5,90.8,No,4.2,8,59.62
4.5,40.6,No,8.9,2,31.68
1.5,97.0,Yes,8.1,8,59.18
4.7,60.1,No,7.2,7,46.97
7.6,98.4,Yes,4.3,4,68.6
5.9,54.9,No,4.4,5,35.55
7.7,67.8,Yes,6.7,6,58.0
5.0,60.9,Yes,5.4,3,37.74
1.9,61.0,No,7.1,2,36.05
1.1,89.7,No,7.0,2,48.3
3.4,84.0,No,8.2,4,56.32
6.6,98.5,No,5.4,7,64.44
7.3,76.2,No,6.9,1,56.41
3.4,67.3,No,7.9,1,34.8
5.0,45.3,No,6.5,4,20.8
4.4,98.8,No,8.2,9,69.25
4.3,72.5,No,4.7,5,45.07
2.9,81.3,No,7.7,1,48.64
2.1,64.0,No,8.7,3,34.88
2.6,72.3,Yes,5.7,6,43.47
1.4,95.6,Yes,5.8,3,58.2
2.6,49.8,No,4.4,6,28.39
1.1,57.2,No,7.2,6,27.81
6.0,49.0,No,6.8,5,35.78
3.5,86.7,No,4.2,5,52.18
8.8,43.7,Yes,7.8,9,33.59
2.5,44.8,Yes,8.1,3,27.39
3.8,57.6,No,8.5,7,43.43
3.9,70.3,No,6.7,4,42.55
1.1,64.0,No,6.3,2,28.47
7.7,42.6,Yes,8.4,3,38.67
1.3,96.5,No,6.0,3,57.81
8.5,96.2,Yes,7.3,3,72.72
8.1,56.5,No,7.1,3,45.32
5.3,83.2,No,5.9,6,53.69
5.3,74.1,No,4.4,6,45.15
6.2,54.0,No,4.1,9,41.92
4.1,55.5,No,6.1,8,37.54
6.2,69.0,Yes,6.4,7,43.77
1.4,64.7,No,8.1,2,29.17
1.4,57.2,Yes,6.1,2,33.05
4.7,87.6,No,5.4,1,51.16
5.4,68.4,No,6.3,7,37.84
8.1,78.6,No,5.2,7,66.52
1.8,51.2,Yes,4.5,1,20.81
7.6,71.5,Yes,4.6,6,53.08
2.7,58.8,Yes,5.6,7,40.54
4.2,71.1,Yes,4.1,1,38.97
3.5,86.1,Yes,5.1,6,45.93
4.2,85.4,No,7.9,9,57.97
2.2,60.9,No,5.2,1,33.11
5.0,81.0,No,4.6,2,47.69
7.4,95.5,Yes,8.7,2,66.96
4.5,76.9,Yes,7.1,3,44.51
4.9,48.8,Yes,4.3,4,29.0
7.8,80.1,Yes,4.3,7,60.07
6.6,46.2,Yes,7.1,3,38.65
4.9,91.5,Yes,6.7,7,62.35
3.1,70.5,No,4.3,5,44.76
8.1,62.7,No,5.1,5,55.5
5.6,43.4,No,8.6,7,37.66
2.8,62.5,No,6.9,7,31.39
3.2,93.3,Yes,6.2,7,57.3
7.4,41.2,No,5.3,9,41.11
1.4,68.0,Yes,4.7,1,32.87
8.9,94.9,Yes,6.0,1,62.53
2.0,63.3,Yes,8.6,3,33.22
7.4,65.3,Yes,4.2,6,41.49
4.2,74.1,No,9.0,2,43.95
4.9,67.3,No,5.0,9,44.21
8.0,49.9,No,6.0,1,36.86
4.3,41.1,Yes,4.2,5,32.33
5.3,76.0,No,6.9,7,46.88
1.4,94.3,No,6.4,3,47.18
1.0,46.3,No,7.3,2,15.28
3.0,52.4,No,6.7,3,33.23
6.4,61.8,No,6.0,7,50.74
2.0,87.7,No,7.7,1,47.87
1.9,55.9,No,4.1,8,32.59
4.3,92.0,Yes,6.7,3,52.72
6.2,43.2,Yes,4.6,5,34.53
6.7,95.5,No,6.2,5,61.04
2.4,73.1,No,8.0,6,43.07
1.6,78.9,No,4.7,7,42.52
8.5,61.7,No,8.7,1,45.22
3.1,86.1,Yes,8.4,6,54.19
7.8,49.8,No,6.1,2,41.2
7.9,42.9,Yes,4.0,3,43.12
7.2,63.3,No,7.9,5,50.34
2.4,90.4,Yes,8.4,1,59.87
7.6,84.5,No,4.9,7,63.01
7.2,70.5,Yes,8.6,1,58.06
5.8,73.8,No,8.6,8,55.26
3.7,47.7,No,6.4,6,31.14
3.1,89.6,Yes,8.0,1,51.33
2.0,86.4,No,6.2,7,51.08
5.1,78.7,No,6.8,3,51.79
5.7,67.5,Yes,5.6,7,43.38
3.9,96.9,No,4.8,8,63.95
4.8,91.9,Yes,7.7,3,53.18
3.9,78.0,Yes,4.0,5,51.49
6.1,61.9,No,6.9,2,44.24
8.2,76.5,No,8.3,2,62.02
2.3,74.0,Yes,5.1,1,36.04
4.1,63.3,Yes,5.7,3,35.3
2.1,58.1,No,6.9,4,35.58
6.0,64.0,No,5.2,3,38.6
6.8,73.9,Yes,8.2,8,52.9
8.5,65.3,No,5.8,1,49.26
3.2,55.6,Yes,6.9,5,34.48
8.6,84.9,Yes,5.1,7,67.22
1.5,71.4,No,4.2,9,42.61
5.8,44.0,No,4.9,1,30.88
1.5,61.7,Yes,4.2,9,35.76
8.2,92.2,No,6.3,9,70.63
5.2,84.6,Yes,6.9,4,56.04
6.4,59.1,No,4.2,5,42.16
7.7,95.4,Yes,4.5,6,63.87
2.2,44.5,No,6.4,4,26.01
1.3,96.7,Yes,8.0,6,59.99
8.0,54.5,No,7.1,5,47.18
3.5,40.5,No,4.5,3,24.57
2.0,65.6,Yes,8.4,3,32.75
4.7,61.2,Yes,8.6,9,40.05
5.8,71.8,No,5.6,5,52.12
1.2,87.0,Yes,7.1,3,47.17
3.2,89.7,No,6.5,8,56.48
1.3,63.7,No,8.7,8,37.1
4.4,65.4,No,6.5,3,41.17
8.2,48.7,No,8.8,7,46.35
8.9,42.8,No,5.0,9,41.65
6.1,77.8,No,5.7,3,44.01
2.3,43.8,No,7.9,8,29.33
8.2,83.3,No,7.9,1,61.87
5.1,71.8,Yes,7.7,3,42.69
2.2,51.7,No,8.3,4,23.46
8.4,71.8,No,7.5,3,57.97
7.1,50.8,Yes,7.2,9,49.18
6.9,65.9,Yes,6.3,5,39.03
6.7,87.2,No,6.3,3,60.69
2.6,67.3,No,6.0,3,35.79
2.7,48.8,Yes,7.1,2,27.22
6.5,82.7,No,6.0,6,58.63
2.8,51.0,Yes,4.7,9,30.05
4.5,83.6,Yes,4.5,7,57.94
7.3,68.3,No,8.6,2,46.41
7.3,66.8,No,4.1,9,55.08
4.6,90.2,No,4.5,3,58.79
7.3,81.8,No,6.2,7,57.03
7.7,41.9,No,5.3,7,33.77
6.2,57.5,Yes,6.0,4,42.65
2.8,91.4,No,4.6,4,57.95
3.2,41.1,Yes,4.7,2,20.22
3.5,72.2,Yes,8.0,2,41.79
1.9,82.9,No,7.8,2,45.6
3.2,76.7,Yes,4.5,5,48.91
2.7,84.9,No,7.3,3,50.06
4.6,82.8,Yes,7.0,7,56.34
8.3,80.8,Yes,7.6,7,63.07
1.8,88.5,Yes,6.4,6,52.85
6.8,78.1,No,5.3,8,44.5
6.5,63.7,Yes,7.3,4,54.6
1.8,67.8,No,5.9,9,38.92
8.4,82.3,No,5.1,5,62.09
5.5,91.7,Yes,6.0,4,69.41
3.9,56.1,No,7.8,3,30.97
7.1,60.2,No,6.4,9,57.82
3.1,94.9,No,5.5,4,57.95
6.5,74.1,Yes,8.2,9,59.6
1.3,50.6,Yes,8.4,1,26.87
7.7,79.2,Yes,6.2,5,56.38
4.6,98.5,No,5.9,1,52.09
6.1,88.6,No,7.1,9,58.69
2.8,84.0,No,4.3,7,53.99
6.4,52.3,No,7.5,9,38.85
7.2,91.7,Yes,7.9,5,60.01
4.8,71.0,No,6.0,9,48.85
5.9,92.5,No,4.9,4,62.78
4.7,59.5,No,4.1,3,36.51
8.2,43.7,Yes,7.2,2,39.98
5.0,68.1,No,5.3,4,48.26
7.7,55.9,No,6.3,3,45.1
7.4,82.2,Yes,5.9,9,63.3
4.3,96.5,No,4.9,8,59.76
2.8,80.8,No,6.5,1,47.06
4.2,92.3,No,6.3,2,56.24
7.6,66.7,Yes,7.1,3,47.37
2.8,85.5,Yes,5.3,6,56.98
5.2,89.7,Yes,5.1,5,60.41
7.4,81.9,No,8.1,5,62.63
3.8,70.0,No,7.5,6,42.78
6.1,76.9,No,7.9,8,60.57
3.0,81.3,No,4.6,1,37.52
1.9,54.9,Yes,5.1,5,36.89
7.4,87.8,No,6.9,6,55.84
1.8,96.1,Yes,8.3,6,51.23
3.2,67.4,No,8.5,9,44.99
7.8,81.4,No,8.2,7,60.16
3.8,83.5,No,4.2,4,48.09
8.8,79.1,No,8.1,7,61.12
8.8,72.3,Yes,8.5,7,57.83
3.1,92.0,No,4.3,6,55.86
1.3,66.5,No,6.1,8,36.85
6.6,43.6,No,6.7,8,40.38
4.6,89.8,No,5.2,6,57.6
1.8,79.8,Yes,6.6,2,41.44
6.7,90.1,Yes,8.4,5,67.68
1.2,48.2,Yes,8.3,1,15.33
8.0,41.8,Yes,8.7,9,31.85
2.1,95.1,No,6.4,4,46.77
2.0,48.7,Yes,6.1,1,22.62
2.4,87.8,No,7.3,3,50.57
8.7,88.6,Yes,6.1,2,54.7
6.5,81.8,No,4.2,9,59.29
7.4,47.7,No,7.6,7,39.4
4.2,79.4,Yes,5.4,6,52.09
3.7,92.5,No,4.2,4,46.97
2.9,65.1,No,4.1,4,46.56
4.8,64.4,Yes,8.7,7,46.44
5.4,66.1,No,5.3,8,41.85
6.1,44.9,Yes,6.2,4,34.76
3.1,92.6,Yes,8.8,7,64.8
8.6,91.3,No,6.3,3,61.03
2.4,98.9,Yes,4.4,9,54.7
8.7,74.5,No,6.8,3,56.16
1.1,84.3,Yes,4.4,3,43.93
4.8,52.0,Yes,4.5,2,36.02
3.7,79.4,No,8.3,3,53.4
4.6,78.3,No,5.4,8,55.18
5.6,93.2,No,7.4,2,53.82
4.5,89.0,Yes,6.5,1,50.26
4.3,95.4,No,5.1,5,55.87
6.9,91.3,No,6.6,8,69.06
6.5,91.3,No,4.3,6,64.93
7.7,43.8,No,5.7,2,39.36
3.0,89.9,No,6.6,9,58.52
5.9,75.8,Yes,5.1,4,49.44
5.7,62.4,Yes,7.3,3,42.7
4.0,43.3,Yes,4.3,4,21.45
4.9,80.0,No,6.4,3,52.69
3.5,59.4,Yes,7.6,8,37.82
2.1,67.6,No,6.1,1,39.05
2.7,80.2,Yes,8.4,1,47.96
1.8,93.8,No,7.2,9,63.7
6.5,88.7,Yes,8.8,7,66.68
6.3,66.6,No,5.4,9,51.64
8.6,62.9,Yes,8.7,3,50.89
6.8,54.1,No,7.0,3,38.26
1.4,62.0,No,7.7,2,29.38
8.1,46.6,No,8.5,2,42.12
7.9,97.3,Yes,6.8,9,69.14
4.5,73.9,Yes,8.3,2,47.36
5.7,47.5,No,6.7,4,26.96
8.8,60.8,Yes,7.0,4,52.5
5.3,72.3,Yes,6.2,9,50.87
8.2,71.4,No,4.7,3,54.78
1.7,42.1,Yes,6.8,2,17.25
2.5,96.1,Yes,8.9,3,55.41
4.5,56.2,No,7.9,9,42.97
5.7,41.0,Yes,7.7,5,32.87
7.5,44.5,Yes,7.2,5,45.09
8.9,74.2,No,5.7,7,57.77
4.1,48.1,Yes,4.8,1,26.12
1.4,42.5,No,5.1,5,24.92
7.4,62.4,Yes,4.0,9,49.81
5.8,76.7,No,7.4,6,51.73
2.6,46.6,No,8.1,8,30.59
5.0,58.5,No,5.3,8,40.37
6.9,64.6,Yes,4.5,1,43.97
7.2,49.4,Yes,5.7,8,39.95
5.0,69.9,No,5.5,6,51.84
3.4,45.0,Yes,6.3,4,27.22
8.8,42.7,No,5.3,3,34.9
6.3,70.7,No,5.7,5,48.26
4.3,54.6,No,8.5,5,37.28
3.2,45.6,Yes,5.7,7,35.7
6.8,65.0,Yes,7.9,9,52.32
2.9,94.0,No,7.1,1,48.94
2.4,82.7,No,5.7,9,57.72
5.2,88.1,No,8.1,3,57.15
3.3,91.4,No,7.0,6,55.33
6.0,97.4,No,4.0,6,65.21
1.9,85.0,No,4.3,4,40.83
6.2,75.9,Yes,7.8,2,52.16
3.3,61.6,No,6.2,5,39.63
1.0,50.7,No,6.0,3,27.63
2.0,80.5,Yes,4.7,4,43.51
8.5,98.7,No,4.8,6,72.86
7.9,67.6,Yes,8.0,7,60.64
2.9,82.7,No,8.1,2,46.8
7.2,69.2,Yes,6.8,3,54.09
5.9,65.5,Yes,5.5,7,49.95
8.8,64.2,No,8.7,5,50.25
4.0,69.8,No,7.1,4,39.22
6.5,61.6,No,8.0,4,48.75
1.5,84.2,Yes,4.0,9,38.89
4.2,91.6,No,6.3,9,57.4
8.7,92.1,Yes,8.4,7,66.89
5.3,53.4,Yes,5.7,1,39.16
3.3,92.9,Yes,7.6,1,59.79
2.0,60.2,Yes,7.3,3,29.91
6.6,58.2,No,4.8,3,51.88
6.2,82.9,No,7.9,7,64.38
4.0,58.0,Yes,4.6,2,35.48
8.6,43.1,No,7.6,8,47.85
1.2,62.0,Yes,9.0,1,28.49
3.4,82.6,No,8.8,8,51.92
8.4,59.3,No,8.0,9,53.75
3.6,77.1,Yes,6.7,5,45.61
3.0,78.9,No,7.4,4,40.93
5.3,83.3,Yes,7.6,6,53.76
7.6,92.9,No,4.0,6,65.36
1.8,65.5,Yes,4.5,8,40.46
8.5,49.8,No,7.0,8,44.09
7.4,58.8,No,4.0,1,34.55
2.5,65.5,Yes,8.5,9,44.42
6.7,82.1,Yes,6.4,1,60.98
4.1,40.8,No,5.3,3,21.54
4.2,58.6,Yes,6.0,7,46.86
7.3,86.0,Yes,8.3,5,67.05
8.7,79.6,No,8.6,6,58.54
2.0,83.2,No,4.6,8,45.58
4.4,87.9,Yes,7.9,4,55.25
4.8,86.2,Yes,6.9,4,55.56
4.0,80.2,No,6.9,8,42.59
3.9,65.9,Yes,7.9,3,38.37
1.4,98.0,No,5.1,6,52.0
6.5,73.6,No,6.7,4,58.78
4.5,52.0,No,5.6,6,35.35
2.6,57.3,Yes,4.5,4,29.06
7.5,80.9,Yes,4.5,2,55.53
7.4,94.6,Yes,4.7,3,67.76
4.9,50.5,No,7.1,8,35.27
3.4,44.9,No,4.5,1,20.65
6.1,92.0,Yes,6.9,6,62.3
3.3,94.0,No,6.9,9,61.56
2.9,56.3,No,8.5,1,24.68
6.8,62.3,Yes,7.1,4,42.67
1.3,79.0,Yes,8.9,7,42.64
1.8,59.5,Yes,4.2,6,28.62
1.1,91.8,No,7.5,6,47.2
2.2,46.3,No,4.1,9,30.81
1.6,42.2,No,7.6,8,27.83
9.0,52.3,Yes,5.9,5,47.75
3.3,56.9,Yes,7.1,2,34.19
2.2,46.7,No,5.5,3,20.42
2.9,43.9,No,4.8,3,14.64
8.5,84.6,No,7.6,4,63.79
5.2,49.7,No,8.5,2,33.92
3.9,93.9,No,4.9,8,56.82
8.0,61.7,Yes,8.6,8,49.03
4.2,79.6,No,4.7,8,46.33
3.7,53.3,No,7.7,5,33.92
2.7,54.2,Yes,8.8,6,34.3
4.0,73.9,No,4.7,6,50.87
3.5,73.1,Yes,6.2,7,44.03
6.4,85.4,No,5.7,1,54.18
3.3,84.7,No,5.9,3,48.96
5.6,79.6,No,7.8,3,50.09
1.5,66.5,No,7.3,7,40.6
2.5,92.5,Yes,8.8,6,61.64
4.3,76.7,No,4.9,9,46.44
8.5,98.4,Yes,6.7,9,74.85
4.0,88.3,No,6.2,9,63.05
6.3,42.6,Yes,8.6,4,35.78
3.0,58.9,No,4.1,3,32.44
2.0,73.7,Yes,8.9,4,43.93
1.5,82.6,Yes,6.4,3,47.29
3.4,72.5,Yes,7.1,7,48.6
2.3,86.4,No,5.8,3,48.06
2.4,56.7,Yes,8.3,1,30.63
7.1,50.9,Yes,6.8,8,49.24
1.1,43.2,Yes,7.3,6,21.89
5.5,73.8,Yes,7.2,5,51.35
4.0,80.6,Yes,5.8,8,59.9
5.1,59.2,No,4.4,8,42.63
5.5,76.2,Yes,8.0,3,51.33
3.5,43.1,No,5.4,3,26.72
3.4,45.9,Yes,8.2,7,32.22
6.9,81.4,No,7.0,3,53.27
8.0,61.7,No,5.8,9,52.44
2.5,79.6,Yes,7.0,8,46.57
1.8,89.1,Yes,7.2,8,60.99
8.2,90.3,Yes,7.5,9,72.31
3.8,50.2,Yes,8.1,8,31.98
5.4,68.7,No,4.8,4,43.29
3.9,83.3,No,8.7,7,56.8
2.0,85.7,No,6.1,6,44.27
5.7,86.3,Yes,8.3,1,67.57
5.2,53.5,Yes,5.1,5,31.8
2.6,51.4,Yes,4.1,2,30.84
4.6,74.8,No,6.9,9,49.42
7.4,83.7,No,5.6,3,55.09
5.7,58.8,Yes,8.9,7,47.43
1.8,46.2,No,4.5,2,18.74
5.4,82.3,Yes,4.2,7,62.99
6.6,57.7,No,4.2,4,35.45
7.3,49.8,Yes,5.1,6,43.83
6.0,48.7,No,6.9,9,38.17
2.2,58.6,Yes,6.5,8,37.4
6.7,75.0,No,5.8,9,58.24
6.4,61.1,Yes,4.4,5,38.09
1.2,41.2,Yes,5.2,5,21.22
4.3,45.7,Yes,4.9,4,34.19
3.7,57.1,No,7.7,9,40.6
6.4,78.9,No,7.9,8,56.33
2.7,45.8,Yes,7.9,6,23.11
5.7,73.1,No,8.8,6,53.53
8.3,47.1,No,8.4,6,49.68
7.4,52.5,Yes,6.5,6,46.49
8.4,50.2,Yes,6.1,7,50.19
8.8,44.0,No,8.6,6,45.41
1.1,79.6,No,7.1,8,43.13
6.0,67.3,Yes,5.5,7,50.01
4.3,89.0,Yes,6.8,2,58.48
7.9,45.8,Yes,9.0,4,34.16
3.0,48.5,No,8.2,7,33.17
8.8,58.1,Yes,5.4,2,52.27
5.9,85.2,No,8.8,4,57.39
7.3,58.0,Yes,8.9,2,48.11
1.7,64.1,Yes,5.2,2,30.61
2.5,57.8,Yes,8.5,7,36.49
7.1,44.7,No,8.4,2,33.38
1.2,95.4,Yes,4.2,4,53.41
7.5,72.4,No,7.3,7,55.38
1.1,86.5,Yes,5.5,6,41.47
6.3,78.8,No,7.4,4,51.22
3.9,70.3,Yes,8.6,9,56.9
5.9,45.3,No,6.5,5,35.77
6.6,77.9,No,6.1,2,43.81
3.7,49.2,Yes,8.6,7,39.22
1.9,64.4,Yes,8.9,2,30.37
1.6,77.1,No,4.3,8,46.86
5.7,86.2,Yes,8.6,7,66.68
5.2,80.4,No,4.4,9,55.54
6.9,79.6,Yes,5.7,6,54.7
5.1,48.8,No,7.8,7,32.84
4.4,60.4,No,7.9,9,45.07
4.2,42.5,Yes,7.6,7,26.59
1.2,82.4,No,4.2,9,44.05
3.7,96.2,No,4.7,8,62.25
8.8,55.6,Yes,8.7,5,46.74
8.0,45.2,Yes,4.4,7,46.62
3.6,68.1,No,4.4,7,38.13
5.7,90.5,Yes,8.2,1,46.0
7.8,72.6,No,7.2,4,50.96
4.5,42.8,No,5.8,5,29.53
1.1,97.5,Yes,4.8,6,58.03
1.6,88.9,No,8.4,7,49.66
5.1,47.8,Yes,8.9,5,34.33
8.8,94.4,No,4.2,2,66.7
6.5,66.6,Yes,6.8,5,56.49
1.6,61.9,No,5.3,5,33.72
2.5,67.2,No,8.2,7,38.5
7.2,89.2,No,5.7,3,69.37
7.7,78.9,Yes,7.6,1,57.05
5.9,43.5,Yes,6.7,6,26.63
6.2,96.5,Yes,6.7,7,62.52
1.2,48.7,Yes,8.3,8,30.75
7.6,84.0,Yes,6.4,7,57.0
7.3,77.5,No,8.2,7,60.67
3.1,51.1,No,5.8,7,28.13
6.7,50.1,Yes,4.9,1,40.68
2.7,91.3,Yes,6.3,9,58.49
1.3,64.8,No,6.5,9,30.41
2.6,78.6,No,6.4,7,50.51
2.4,69.7,No,8.0,9,48.79
3.7,82.9,Yes,6.8,4,46.33
4.3,68.3,No,8.4,7,42.6
5.1,57.0,No,6.6,2,38.08
4.8,61.4,Yes,5.1,6,44.98
3.2,90.7,No,4.6,2,60.2
1.2,67.6,No,8.3,3,37.95
5.8,52.6,Yes,4.3,1,44.77
4.2,95.1,No,4.6,7,60.01
3.4,87.0,No,4.3,2,50.53
7.9,43.3,No,6.1,3,33.38
7.0,98.9,No,6.7,1,63.17
7.9,81.0,Yes,4.1,3,59.38
5.0,49.5,No,6.6,4,30.57
2.0,54.0,No,6.0,7,20.25
6.6,80.9,No,7.9,6,55.22
2.6,86.0,Yes,8.1,1,53.09
4.5,54.1,Yes,7.4,4,36.75
1.5,55.2,No,6.4,9,31.96
7.6,58.1,No,5.1,3,40.26
2.0,75.3,No,8.2,6,44.61
8.2,50.1,Yes,5.7,2,47.66
7.9,46.2,Yes,5.8,5,45.89
4.7,80.1,Yes,8.6,9,58.42
7.0,86.0,No,8.9,2,55.7
6.0,69.6,No,8.5,3,54.49
7.4,61.5,No,9.0,2,49.87
4.5,65.5,Yes,8.3,2,35.94
7.3,62.9,Yes,7.5,6,43.25
4.7,96.6,No,5.5,6,56.02
8.5,85.3,No,8.8,5,63.04
4.9,52.3,No,8.4,2,37.15
4.7,62.7,Yes,5.2,1,42.25
7.3,72.1,No,6.4,3,52.8
7.6,76.2,Yes,4.4,3,54.71
5.4,67.6,No,8.8,9,59.36
2.4,87.8,No,6.9,4,49.86
4.7,85.3,No,5.2,9,56.97
8.7,69.8,No,5.5,1,49.7
7.0,90.4,Yes,8.9,3,73.12
7.5,84.3,Yes,7.1,1,62.33
1.3,85.9,No,6.1,6,42.82
4.7,96.4,Yes,6.5,1,55.0
6.2,55.7,Yes,4.5,2,32.04
7.6,55.8,No,4.4,9,46.14
1.4,92.4,No,7.0,1,41.55
7.8,85.6,No,6.6,4,57.04
5.4,94.7,Yes,5.8,6,68.16
2.6,43.7,No,6.8,2,25.58
3.5,77.0,Yes,4.4,1,50.08
3.3,48.5,Yes,8.7,4,24.57
5.2,69.7,Yes,5.5,3,42.03
1.4,49.2,Yes,4.4,7,24.38
2.3,47.6,No,4.8,7,33.3
7.5,40.7,No,4.5,7,35.83
2.1,77.2,No,4.9,9,52.91
2.9,61.2,No,6.1,9,41.02
4.6,46.2,Yes,7.7,4,31.62
5.1,59.0,Yes,5.4,9,46.41
7.1,50.0,No,6.2,7,33.91
4.6,95.6,No,8.6,6,53.82
7.3,58.9,No,5.5,9,49.05
5.9,59.7,Yes,8.0,4,43.64
1.9,89.6,No,4.8,1,53.94
2.3,78.2,Yes,4.9,6,40.3
4.5,81.9,Yes,6.3,1,51.68
4.2,77.5,Yes,5.2,9,55.5
6.9,95.8,Yes,8.5,5,70.14
5.6,52.2,Yes,4.3,2,39.64
4.1,98.4,Yes,7.0,8,62.44
2.4,89.0,No,7.0,6,55.27
2.8,74.7,No,4.3,3,43.26
5.6,79.1,No,7.7,2,55.79
4.4,78.3,No,6.3,4,46.63
5.1,43.4,No,7.6,1,22.97
2.4,52.9,Yes,8.1,1,25.67
6.3,96.7,No,5.6,5,60.79
7.8,71.5,No,6.4,9,54.98
3.1,62.3,No,5.3,5,34.84
4.9,85.0,Yes,5.0,6,52.96
8.8,70.9,No,4.0,9,58.41
3.7,40.8,Yes,8.8,3,21.34
5.8,83.4,Yes,6.2,4,56.35
1.7,83.2,Yes,4.1,2,41.97
5.8,49.7,Yes,4.0,4,35.3
1.7,96.4,Yes,5.4,8,58.81
8.7,53.2,No,4.1,2,40.17
6.7,67.0,Yes,5.9,4,45.95
7.3,46.8,Yes,4.3,8,38.33
6.6,75.6,Yes,4.2,7,59.81
5.7,62.2,No,7.3,9,51.83
4.6,60.8,No,8.5,2,35.95
7.9,88.8,Yes,6.0,4,64.44
8.7,40.6,Yes,8.2,9,36.13
5.0,87.1,No,4.1,6,55.46
8.5,73.7,No,7.9,9,54.91
5.7,98.2,Yes,4.3,9,66.55
5.3,74.8,Yes,8.2,7,57.82
4.6,43.3,No,8.4,7,25.51
2.7,43.0,Yes,7.9,8,24.94
1.0,92.1,No,8.1,2,44.09
2.9,89.6,Yes,6.8,7,49.26
5.1,60.4,Yes,5.3,6,45.82
4.0,76.5,No,7.2,7,50.57
4.6,68.9,No,6.2,6,52.32
8.8,97.1,Yes,4.0,3,66.88
3.8,96.0,No,6.4,5,51.6
4.6,98.0,No,7.3,3,64.44
2.1,91.1,Yes,4.1,6,51.33
1.4,93.7,No,7.1,3,48.03
7.2,52.8,Yes,7.3,2,46.62
5.6,89.0,Yes,4.8,4,59.63
7.1,81.8,Yes,6.2,9,66.59
2.2,96.8,No,8.8,1,50.42
5.6,73.7,No,8.4,8,50.03
3.0,45.0,Yes,6.1,5,26.05
2.8,75.2,Yes,5.7,2,45.29
1.1,80.5,No,4.6,9,45.29
2.0,53.0,No,4.2,2,27.05
3.5,63.3,No,5.5,3,25.82
1.9,75.3,Yes,8.7,1,33.28
8.9,62.1,No,8.8,1,40.16
3.5,62.1,Yes,8.1,2,35.75
2.0,47.9,No,5.8,2,17.13
2.6,95.5,Yes,4.7,6,63.73
5.7,84.3,Yes,7.0,8,60.43
1.5,40.1,No,7.2,4,19.78
7.9,85.2,No,6.1,3,56.34
8.7,83.6,No,7.5,2,57.02
3.0,40.6,No,7.7,1,26.88
4.6,61.8,Yes,7.9,8,51.78
1.2,75.8,No,6.5,7,43.29
6.1,66.7,No,8.0,2,37.0
4.3,85.9,No,4.1,7,52.87
3.2,65.1,No,7.4,6,40.98
2.7,49.1,No,5.2,8,28.64
6.2,97.6,No,5.4,6,57.61
4.3,54.3,No,4.5,4,40.77
2.4,82.3,No,5.0,8,45.54
6.5,48.4,Yes,9.0,1,30.87
5.5,59.4,No,6.1,1,37.56
7.9,66.1,No,8.6,4,55.71
1.9,51.3,No,4.8,1,25.43
7.3,66.5,No,5.0,5,43.89
6.4,49.3,Yes,6.8,9,36.03
1.9,73.0,Yes,5.7,9,35.82
6.6,79.2,No,7.2,9,57.81
4.5,43.7,Yes,6.1,6,29.39
8.6,91.4,No,8.1,1,67.32
2.1,50.9,No,6.2,5,24.61
6.1,53.3,Yes,6.9,2,42.07
4.1,79.0,Yes,5.6,1,49.71
8.7,67.7,No,7.5,5,51.32
3.6,69.5,Yes,7.3,5,45.75
8.7,47.6,No,6.0,1,43.79
8.2,87.5,No,5.4,7,61.96
3.2,76.4,Yes,7.1,3,44.63
7.4,48.0,Yes,8.7,6,41.22
9.0,62.1,No,4.7,2,46.69
3.0,87.8,Yes,8.0,9,60.35
4.5,73.5,No,6.7,2,48.17
5.2,46.4,No,6.6,2,31.63
3.4,62.0,No,8.8,1,36.35
1.1,54.3,Yes,7.0,1,23.26
2.8,70.5,No,8.2,4,42.0
3.3,89.8,No,6.6,7,50.08
4.5,65.7,No,5.2,4,51.03
2.4,65.6,No,7.5,5,42.65
8.0,93.4,No,8.6,6,73.09
6.6,74.0,Yes,8.2,5,56.41
1.7,73.4,No,5.0,5,40.88
6.2,55.5,No,5.6,4,32.45
6.2,75.9,No,6.6,9,50.89
8.6,74.0,Yes,6.9,5,54.72
1.0,63.4,Yes,5.0,9,36.53
3.0,98.5,No,5.2,4,55.66
8.4,92.0,Yes,7.8,9,76.34
8.5,84.2,Yes,7.7,5,61.38
6.8,71.7,No,8.2,8,58.72
7.1,67.3,No,8.7,1,44.16
1.7,50.9,Yes,5.5,4,25.12
5.1,58.0,No,8.3,4,42.7
2.9,85.7,No,7.3,2,50.08
2.4,66.8,No,8.8,3,32.1
7.5,92.1,No,5.4,8,71.74
2.1,48.7,Yes,5.3,8,29.83
4.7,70.0,No,7.5,1,34.11
8.5,78.2,Yes,8.6,2,56.36
2.5,70.5,Yes,8.1,4,39.82
8.8,92.5,No,7.6,6,65.72
9.0,98.4,Yes,5.9,3,78.06
5.4,46.8,No,7.6,7,33.85
2.4,47.7,Yes,8.0,3,28.45
3.5,47.7,Yes,7.8,8,34.27
4.4,80.2,No,7.4,6,54.68
3.5,62.0,No,4.2,8,45.67
3.2,83.3,Yes,7.3,7,55.79
8.8,63.9,No,6.4,5,58.83
2.2,77.0,Yes,8.8,5,48.62
6.9,85.4,Yes,7.0,3,60.66
1.0,72.3,Yes,7.0,4,39.72
5.8,71.8,Yes,9.0,8,43.51
8.3,45.2,Yes,4.5,5,38.41
3.3,64.2,No,5.4,9,40.58
2.5,72.2,No,7.3,3,41.6
6.2,67.3,Yes,5.6,3,46.92
6.7,93.1,No,5.7,8,67.67
6.5,93.5,Yes,8.5,8,63.34
3.6,88.5,Yes,6.9,7,50.52
3.0,62.1,Yes,4.5,6,33.2
8.6,82.3,Yes,5.6,7,71.62
8.4,63.3,No,4.4,7,46.24
4.7,53.7,Yes,6.8,6,34.74
7.8,60.2,No,4.9,9,50.13
4.6,44.2,No,8.3,5,24.01
4.4,59.6,No,6.9,5,35.0
2.3,67.2,No,4.3,6,40.17
4.4,96.4,Yes,5.5,4,59.0
5.3,58.5,Yes,7.1,9,51.61
1.2,93.2,No,5.7,2,40.97
4.6,53.5,Yes,6.6,3,33.63
7.3,51.3,Yes,8.5,9,44.26
6.4,70.6,No,5.8,1,46.54
6.1,79.7,Yes,5.7,5,50.87
8.3,42.6,No,8.1,3,34.58
1.1,53.0,Yes,5.6,3,28.98
5.5,66.9,No,4.4,1,40.25
7.3,59.5,No,4.9,8,43.05
5.3,82.0,Yes,8.7,3,63.27
3.6,70.2,No,8.7,4,42.94
2.1,49.5,No,5.1,5,28.4
8.1,92.8,No,6.8,5,70.68
4.8,57.3,No,4.7,2,34.48
8.0,83.1,No,7.4,7,60.33
5.7,86.0,Yes,4.9,6,59.89
6.4,96.8,Yes,4.2,7,65.08
7.4,69.4,No,8.1,3,52.37
6.3,76.3,Yes,5.6,8,55.98
4.2,59.8,Yes,4.5,6,43.55
5.1,80.0,Yes,8.2,7,51.58
7.4,67.3,No,7.8,9,57.16
4.0,65.8,No,7.4,8,46.29
4.1,90.5,No,8.6,8,58.41
1.8,43.0,No,6.4,3,23.09
8.3,92.0,No,4.6,1,65.34
1.7,90.3,No,4.3,1,48.68
6.2,69.9,Yes,5.6,2,50.14
4.3,68.9,Yes,4.4,8,46.99
4.2,61.3,No,6.7,6,37.51
6.4,98.7,Yes,4.1,6,65.78
1.5,46.6,No,6.2,1,19.21
5.7,74.8,No,4.9,2,51.2
7.2,80.2,No,5.8,5,59.94
7.6,95.1,Yes,7.4,3,72.01
2.4,86.0,Yes,5.8,2,52.36
8.2,78.0,No,5.7,9,60.86
6.2,46.9,Yes,9.0,7,47.29
8.1,62.1,No,7.6,1,45.79
4.9,48.2,No,6.6,1,27.57
5.3,92.0,No,6.9,3,60.03
8.4,84.2,No,7.1,6,65.99
8.2,84.7,No,4.1,2,56.6
4.6,78.5,No,4.4,8,51.08
3.2,69.9,Yes,7.2,4,40.75
4.1,48.8,Yes,5.8,8,35.47
4.1,59.5,No,4.3,7,41.42
3.3,48.1,No,5.5,2,24.82
3.1,82.8,No,4.7,9,53.88
7.9,49.5,Yes,8.6,5,37.77
1.6,81.4,No,5.0,6,48.12
6.4,80.8,Yes,4.7,2,52.73
2.4,67.1,No,7.1,3,34.58
3.8,48.0,No,6.6,8,33.82
1.5,58.6,Yes,6.9,5,33.94
3.2,58.9,Yes,6.2,1,32.55
7.1,81.3,Yes,6.3,9,59.34
8.1,46.7,No,7.9,1,35.27
2.8,88.9,No,5.1,9,54.9
4.7,84.9,No,6.0,6,56.86
4.8,51.0,No,8.8,7,33.33
8.0,82.4,No,4.9,1,54.65
7.1,79.4,No,5.5,1,54.46
5.1,84.1,No,5.0,5,53.9
6.4,51.1,Yes,4.1,2,36.93
7.8,49.3,No,5.3,5,29.71
1.1,54.0,No,4.2,5,24.58
4.2,61.6,Yes,4.8,6,44.13
8.3,86.8,No,5.8,9,64.8
6.9,83.5,No,4.1,6,60.82
5.3,94.6,Yes,7.8,1,55.69
5.2,43.5,Yes,8.0,5,26.61
3.8,40.7,No,6.1,2,24.56
5.2,81.2,No,8.9,8,56.41
6.2,56.5,No,7.4,7,41.71
4.3,59.7,No,7.7,6,42.97
6.7,72.3,Yes,5.0,2,48.98
7.9,46.0,Yes,8.2,3,36.99
2.2,77.9,Yes,8.7,9,46.57
4.6,59.2,No,5.2,9,37.5
4.3,77.3,No,7.4,7,52.5
6.5,89.2,Yes,7.7,2,59.72
3.0,50.1,No,5.5,7,34.94
6.1,94.9,No,6.4,1,48.8
8.0,71.3,Yes,4.5,9,62.02
4.3,94.5,No,4.9,9,63.12
8.3,52.3,No,4.3,6,43.23
8.9,75.7,Yes,6.8,1,52.62
1.8,63.8,No,7.1,8,30.53
2.9,85.7,Yes,8.6,6,56.31
8.6,75.7,Yes,6.7,9,64.31
8.7,69.2,Yes,5.3,9,59.89
1.8,93.9,No,4.3,7,52.68
1.1,62.2,No,8.4,4,35.12
2.3,53.0,No,6.4,1,23.52
9.0,75.9,No,7.7,3,57.08
2.4,76.8,No,4.1,6,42.91
5.0,65.9,No,6.4,1,39.62
7.8,68.7,No,5.6,4,56.49
1.2,96.6,No,4.2,8,48.92
5.8,83.2,Yes,7.9,8,52.76
3.2,46.5,No,6.6,6,22.57
7.9,52.5,No,5.7,6,46.06
3.3,97.6,No,8.0,3,56.91
6.5,82.9,Yes,6.2,7,54.15
6.4,94.0,No,4.0,8,65.78
2.8,57.9,No,8.7,2,30.48
1.3,83.8,Yes,5.3,5,48.31
4.3,82.1,Yes,8.2,6,57.7
3.3,57.4,Yes,8.1,1,43.32
7.5,72.5,No,4.8,5,48.37
7.4,77.0,No,6.4,3,47.21
4.7,68.4,Yes,4.2,3,45.61
5.9,88.8,No,5.8,6,63.97
5.8,89.1,Yes,7.7,1,53.33
7.6,90.2,No,5.2,5,59.13
4.4,87.4,No,4.6,5,55.65
3.2,68.8,No,6.5,5,47.76
3.1,62.5,Yes,6.7,3,33.37
5.3,89.1,No,7.4,6,59.75
4.6,68.9,No,7.8,1,34.16
4.5,54.5,No,7.5,1,32.02
1.7,69.9,No,8.2,2,35.72
6.7,48.4,No,5.1,4,42.01
2.7,80.8,Yes,6.8,9,48.87
2.6,59.8,No,5.8,8,38.8
4.3,55.4,No,8.8,2,31.02
2.8,96.4,No,6.2,1,53.56
5.7,85.8,No,8.8,4,65.71
4.0,86.4,No,7.8,5,61.1
4.6,76.8,No,7.6,2,55.04
5.3,89.5,Yes,6.5,6,62.42
2.6,84.8,No,6.2,8,50.49
2.2,75.3,Yes,6.6,5,45.1
8.0,96.7,No,5.5,4,70.38
4.5,51.3,No,8.5,7,37.52
4.3,95.7,Yes,8.0,5,58.98
1.3,63.7,No,8.0,8,33.02
5.0,71.2,No,6.2,7,45.85
5.4,47.2,No,4.4,5,36.95
5.5,71.9,Yes,7.4,8,57.38
6.7,76.1,No,5.9,1,63.16
2.4,98.9,No,8.4,8,61.81
3.0,97.5,Yes,7.9,3,54.97
7.5,97.0,No,4.7,1,62.7
8.6,60.6,Yes,7.0,9,53.65
2.1,98.5,Yes,7.5,6,64.62
5.0,66.9,No,6.8,8,49.64
2.7,90.3,Yes,6.6,4,47.88
1.5,52.8,No,5.1,2,23.79
3.6,69.8,No,5.2,6,36.9
2.1,97.0,No,7.8,2,55.68
6.7,95.9,Yes,4.1,1,60.33
5.3,80.3,No,7.9,7,52.69
2.2,87.1,Yes,6.6,7,44.86
1.1,50.4,No,8.7,6,29.23
7.5,82.6,Yes,9.0,2,64.74
2.4,76.5,No,7.3,5,41.06
5.8,45.4,No,6.1,1,29.44
3.7,46.7,No,6.4,2,24.48
5.7,46.4,Yes,5.0,5,33.68
3.5,82.7,No,4.5,5,45.98
1.7,48.4,No,6.9,7,22.21
2.8,67.6,No,8.0,5,45.2
2.5,61.1,Yes,5.3,6,25.76
4.4,72.5,Yes,6.1,2,47.1
6.3,81.7,Yes,6.8,5,59.02
3.1,80.4,Yes,8.5,8,58.95
1.1,70.4,Yes,4.7,1,33.22
5.2,67.4,No,5.2,7,44.5
5.8,63.5,Yes,8.6,8,45.8
8.7,90.9,No,4.2,5,68.37
5.7,59.5,No,7.3,4,38.28
4.8,55.3,No,7.2,1,29.27
5.6,83.9,No,5.9,9,55.9
8.4,61.2,Yes,6.3,2,44.64
7.6,90.0,Yes,8.3,5,62.84
3.6,59.3,No,4.8,7,37.44
2.9,81.4,Yes,5.2,8,50.28
3.1,42.7,Yes,6.6,4,27.87
5.0,62.7,No,6.0,1,39.05
7.0,60.3,Yes,6.9,7,43.57
5.0,88.2,No,8.6,9,52.63
1.5,97.1,No,8.6,1,47.1
6.8,67.2,No,5.2,1,48.2
7.4,88.7,No,5.5,7,67.59
3.3,81.3,Yes,4.8,9,56.62
6.3,97.1,No,8.6,5,69.84
4.4,87.9,Yes,6.0,4,60.19
8.1,44.6,No,6.2,6,40.95
7.8,82.1,Yes,8.0,9,72.77
5.2,71.6,No,6.6,2,46.37
6.5,41.0,No,4.6,5,39.75
8.1,54.8,Yes,6.2,4,42.73
5.0,94.4,Yes,7.2,3,58.2
3.5,94.6,Yes,7.6,5,58.32
7.0,87.1,No,7.2,7,63.19
2.8,97.9,Yes,4.6,3,55.11
4.1,87.6,No,5.5,3,54.59
7.9,40.6,No,7.7,6,36.63
6.8,57.0,No,8.4,5,41.11
4.2,41.8,No,4.2,3,23.17
2.7,45.6,Yes,4.2,1,27.98
3.8,52.9,Yes,7.2,2,33.62
3.3,69.7,No,6.7,3,33.4
2.4,90.0,No,4.8,4,56.18
6.9,90.9,Yes,6.7,5,66.81
3.0,76.4,Yes,8.9,9,53.16
4.6,94.8,Yes,7.2,4,64.72
4.1,69.5,Yes,6.2,9,52.04
8.9,92.5,Yes,8.1,5,67.69
4.1,66.8,No,5.1,3,35.54
1.6,56.4,No,6.1,7,40.53
1.7,94.1,Yes,6.6,8,53.5
5.7,62.9,No,6.5,9,48.37
5.8,69.7,Yes,8.6,9,59.98
4.4,59.4,No,5.5,6,36.73
4.5,79.1,No,4.3,9,51.07
1.4,98.7,No,8.6,3,57.34
5.1,41.5,Yes,5.1,2,28.72
5.0,93.1,Yes,5.9,5,63.29
2.2,40.2,No,6.7,7,22.57
1.8,61.5,Yes,8.9,7,35.02
2.0,49.9,Yes,6.7,6,27.58
1.8,84.7,Yes,6.2,3,51.5
5.9,43.0,No,6.9,6,31.87
2.6,72.7,Yes,8.9,1,42.58
3.0,57.4,No,8.1,3,28.73
2.4,47.9,No,4.8,2,31.4
8.7,85.5,Yes,8.0,4,67.16
7.8,52.8,No,8.2,8,47.33
2.8,53.2,Yes,7.5,3,34.61
3.6,56.2,No,7.3,6,33.58
2.7,74.6,No,6.2,1,44.53
4.9,78.9,No,7.2,4,44.71
1.2,41.0,No,7.7,5,17.13
6.4,54.3,Yes,4.6,5,37.63
5.2,65.4,No,5.3,1,32.61
8.2,59.6,No,5.0,9,48.3
2.3,92.2,Yes,8.2,5,54.66
7.4,86.5,Yes,7.4,9,62.77
7.3,76.9,Yes,6.3,7,54.16
2.0,59.9,Yes,8.1,5,34.93
4.2,81.3,No,7.6,9,54.19
2.4,89.8,Yes,8.6,5,52.63
3.0,75.1,No,4.4,9,41.54
3.1,86.3,Yes,6.5,5,51.08
5.4,84.2,Yes,7.5,1,51.79
4.3,73.7,Yes,5.0,7,49.43
8.6,58.4,Yes,5.6,5,47.02
2.0,84.0,No,6.1,5,46.71
8.8,52.2,No,8.0,6,41.04
2.8,86.0,Yes,6.5,6,47.01
7.2,87.5,No,6.5,7,65.85
3.7,88.5,No,6.2,8,59.31
2.1,67.9,No,5.1,1,32.39
7.9,51.4,No,8.6,3,41.43
3.5,45.9,No,5.6,6,26.44
6.3,83.9,No,6.8,1,58.92
5.5,92.3,Yes,4.7,5,60.79
4.8,78.4,Yes,6.2,5,49.95
5.0,48.5,No,8.5,9,40.99
6.9,95.2,No,9.0,2,61.33
1.7,98.4,No,5.8,7,56.82
6.3,65.6,No,4.8,9,45.12
8.2,75.1,Yes,5.6,8,63.26
1.5,85.9,No,5.6,1,46.49
2.1,83.4,No,7.2,1,38.92
6.7,97.1,No,6.5,2,58.51
4.5,46.8,No,7.8,1,29.4
4.2,74.3,Yes,7.5,8,58.79
2.1,80.8,Yes,5.3,7,51.47
5.1,92.5,No,7.9,6,60.26
2.0,91.6,Yes,8.2,2,47.95
4.8,97.7,No,7.0,9,60.79
7.1,70.2,No,8.6,1,52.02
3.1,89.0,Yes,7.9,1,55.23
4.8,65.2,No,7.0,2,38.11
8.9,64.9,No,8.5,7,54.32
6.5,54.9,No,7.0,1,37.99
7.7,88.3,Yes,6.6,3,71.09
4.3,98.2,No,5.8,8,63.67
7.1,55.1,No,8.4,7,40.97
1.3,43.3,No,4.6,8,17.92
2.0,88.1,No,6.4,6,46.53
2.6,76.6,No,6.7,8,51.65
4.2,96.6,Yes,6.8,5,63.77
7.8,54.9,Yes,7.3,9,47.57
3.8,44.2,No,6.5,1,12.65
6.2,69.1,No,5.3,7,46.33
6.7,45.0,No,8.3,6,38.2
5.7,55.4,Yes,7.3,8,44.71
3.9,47.4,No,8.3,2,29.39
5.6,53.2,Yes,5.4,1,30.04
3.7,46.3,No,7.2,1,26.48
1.7,96.3,Yes,7.6,2,49.17
8.9,56.4,No,5.9,5,47.59
2.0,66.2,Yes,8.1,7,37.01
1.6,93.0,No,4.0,9,57.84
8.0,80.0,Yes,7.0,4,61.89
3.4,76.5,No,7.1,9,48.87
6.2,81.6,No,6.7,3,60.07
3.6,88.9,No,7.2,6,53.59
4.1,91.8,Yes,4.8,9,55.37
3.1,77.9,Yes,7.4,1,48.98
3.7,92.5,No,5.7,4,56.35
4.3,71.6,Yes,6.3,5,45.4
6.8,56.4,Yes,5.7,6,41.72
5.1,91.9,No,6.4,8,63.88
8.5,71.9,No,7.1,2,57.24
1.3,93.5,Yes,8.2,6,50.92
5.0,42.4,Yes,6.4,7,34.91
5.7,63.5,No,5.6,6,45.31
8.4,95.9,No,6.4,4,65.91
1.4,54.7,Yes,7.4,6,30.61
5.6,95.6,Yes,5.7,4,61.11
7.8,96.3,No,6.1,9,76.93
2.9,92.0,Yes,6.8,1,50.0
8.0,73.3,No,5.5,9,64.4
1.2,78.2,No,5.0,4,40.53
6.9,91.3,No,4.7,3,54.23
8.5,85.8,No,5.8,5,55.24
6.3,77.2,Yes,4.2,3,51.71
4.5,98.0,Yes,6.9,1,65.45
1.4,80.5,No,4.9,8,49.94
8.4,97.6,No,5.9,9,74.65
4.8,43.4,Yes,5.3,6,28.43
1.2,48.2,Yes,7.2,2,21.29
6.5,66.6,Yes,8.3,6,51.71
4.9,62.7,Yes,7.2,6,48.28
2.0,86.2,No,6.7,6,51.46
2.7,49.5,No,7.3,9,35.48
1.5,97.6,No,4.1,4,54.78
5.6,58.6,Yes,4.6,2,42.84
6.0,65.3,Yes,4.5,8,39.77
5.0,56.2,Yes,4.5,6,35.87
7.5,74.2,Yes,5.3,1,48.35
7.9,43.5,Yes,6.7,6,34.96
5.9,48.8,Yes,4.6,2,34.06
1.1,84.0,No,8.7,4,39.04
6.6,51.0,No,8.3,2,33.14
4.3,53.9,Yes,8.9,4,36.05
5.5,86.8,No,4.2,7,51.75
6.2,45.5,No,8.3,8,35.54
3.8,65.8,No,8.0,3,42.15
8.3,41.4,No,8.5,1,29.96
2.1,60.5,No,6.6,1,33.1
6.4,81.2,No,7.9,7,55.23
1.0,45.3,Yes,4.3,1,19.87
8.4,92.4,No,4.4,3,61.17
1.9,93.7,No,4.6,5,53.6
1.8,46.2,No,8.6,5,23.33
3.7,98.5,No,4.3,4,60.02
4.0,57.6,No,4.5,8,35.52
2.7,45.0,No,8.7,3,26.85
5.7,40.3,Yes,4.5,8,36.48
4.5,64.1,No,8.3,6,43.44
1.3,77.2,No,7.9,4,38.94
3.6,59.6,No,4.2,3,32.8
7.5,89.4,No,4.1,2,55.52
6.5,82.3,Yes,6.7,6,60.44
6.8,60.7,No,9.0,1,45.28
6.6,83.3,Yes,8.4,8,68.98
3.5,95.5,No,5.6,5,62.47
1.8,45.5,Yes,5.9,7,22.35
3.2,58.1,No,5.9,7,36.61
7.7,67.3,No,7.7,6,51.87
8.8,69.4,No,5.7,5,59.89
5.0,72.0,No,4.7,2,41.23
1.1,57.7,No,7.7,3,31.34
2.1,79.4,No,6.3,3,38.89
3.6,78.1,Yes,4.4,5,47.61
5.6,74.1,No,8.0,2,44.77
1.6,46.7,Yes,6.9,1,14.24
8.5,68.1,No,6.4,4,49.41
3.9,61.0,Yes,7.4,3,37.23
8.3,69.0,No,6.5,3,57.85
7.2,94.4,No,7.2,6,63.09
7.0,68.4,Yes,8.3,9,53.23
5.9,40.8,No,7.1,2,22.79
6.0,65.9,No,7.3,5,51.11
6.1,88.4,No,7.1,2,55.9
6.0,86.0,No,6.7,6,57.8
5.4,70.3,No,4.9,1,42.1
8.9,54.7,No,5.7,1,35.34
6.9,67.4,Yes,7.5,9,48.43
7.2,73.3,Yes,6.1,5,51.14
8.0,99.0,Yes,6.0,9,77.92
2.7,78.0,No,7.8,8,38.14
1.7,81.0,Yes,4.0,9,50.23
4.9,69.0,No,7.4,9,50.09
5.1,60.9,Yes,6.4,8,37.55
7.6,88.0,Yes,5.9,3,61.85
4.6,69.2,Yes,5.7,7,51.93
5.6,98.7,No,4.9,4,58.99
5.2,67.0,No,5.7,8,44.68
1.3,44.0,No,6.0,7,33.7
5.9,80.3,No,6.2,9,58.95
7.6,42.8,No,7.4,8,38.02
2.3,54.8,No,6.3,3,26.52
5.8,60.9,No,8.0,5,44.59
5.7,83.6,No,7.2,3,57.57
2.3,69.2,Yes,4.9,9,34.34
2.0,41.7,No,5.4,1,10.0
8.8,76.4,Yes,4.4,7,57.8
4.1,64.3,Yes,8.7,9,45.52
2.8,94.4,No,8.4,3,54.76
2.4,69.5,No,4.4,7,33.17
6.3,81.8,Yes,6.9,7,58.98
5.9,52.9,No,8.8,2,36.27
6.1,84.9,No,7.7,5,55.0
1.7,82.5,No,6.5,7,44.83
8.1,93.3,No,5.2,2,62.15
4.1,42.0,No,5.4,2,26.1
3.5,66.4,Yes,7.7,6,43.01
4.7,80.1,Yes,7.9,2,46.48
4.1,45.6,Yes,6.6,1,31.45
7.9,64.2,No,4.6,3,42.08
8.4,95.6,No,8.7,1,60.85
3.4,65.7,No,8.2,6,40.11
7.9,98.1,No,4.7,4,67.74
7.3,43.4,No,4.3,2,32.75
8.4,82.4,Yes,6.7,7,60.57
3.0,74.3,Yes,5.4,7,49.82
5.6,69.5,No,5.4,8,56.18
3.2,97.3,No,4.4,7,58.65
7.6,47.6,No,8.8,1,38.14
1.0,92.9,No,8.2,3,40.52
5.5,80.8,No,4.6,1,48.15
3.7,55.3,No,8.4,2,29.62
3.6,93.2,Yes,7.4,1,51.71
6.2,65.3,No,5.6,9,46.42
7.8,88.0,Yes,8.4,7,65.56
5.9,62.9,Yes,7.0,9,43.13
7.8,90.2,Yes,8.2,8,67.93
3.1,77.6,No,6.3,2,39.3
5.2,48.3,No,6.5,1,33.44
4.6,78.3,No,5.5,5,51.01
1.1,51.3,No,5.9,7,27.81
5.5,64.3,Yes,6.8,2,46.96
6.3,50.0,No,8.7,4,34.15
5.7,41.3,No,7.0,7,33.6
6.9,52.5,No,4.7,9,47.1
5.6,71.6,Yes,4.0,6,46.24
1.5,68.4,No,8.3,7,30.67
1.9,69.6,Yes,5.8,8,39.05
5.8,54.6,No,5.6,8,44.65
3.2,80.4,No,8.0,9,47.84
1.6,81.6,No,8.7,2,41.25
4.4,61.1,Yes,7.7,7,39.84
5.4,92.0,Yes,4.9,2,58.07
3.6,78.0,Yes,6.0,7,46.16
6.8,82.1,No,7.8,9,55.54
6.2,56.4,No,8.5,4,39.04
3.7,40.0,No,9.0,5,24.69
7.0,91.1,No,6.6,5,68.32
6.2,88.5,Yes,8.1,2,60.2
6.1,47.3,Yes,4.2,3,29.52
5.4,62.1,Yes,5.4,1,37.36
1.1,79.0,No,5.9,3,42.74
6.6,78.5,No,8.9,5,54.37
4.0,90.8,No,4.0,9,53.91
8.5,48.3,No,5.5,1,38.66
7.5,65.4,Yes,8.7,6,49.68
5.7,45.7,Yes,5.5,2,33.92
3.0,63.0,No,5.1,6,38.64
2.6,40.9,No,7.7,6,19.38
3.7,93.0,Yes,7.7,1,62.64
4.8,71.1,Yes,6.4,5,47.24
3.4,90.1,No,8.7,2,41.94
5.1,43.5,No,5.0,1,28.25
2.3,53.4,Yes,8.6,9,24.59
8.8,55.3,No,7.8,6,52.31
1.9,62.8,Yes,5.8,1,32.21
8.5,87.4,No,8.0,9,68.39
8.3,62.8,Yes,4.7,9,53.68
5.2,52.1,Yes,4.7,7,40.22
6.8,43.8,Yes,8.6,9,38.2
4.5,44.7,Yes,4.5,1,26.74
6.0,84.8,No,4.0,3,55.15
3.7,66.2,No,5.9,8,30.97
3.4,82.8,No,4.5,3,49.47
5.6,80.3,No,8.3,8,59.66
5.0,48.0,Yes,8.6,3,35.07
5.6,48.4,Yes,6.4,4,36.6
3.3,84.6,No,6.1,4,55.67
3.9,82.6,No,6.7,5,50.53
1.7,62.3,Yes,5.1,4,32.93
1.4,44.6,No,5.5,7,20.13
3.0,40.7,No,4.5,4,14.0
1.6,57.0,Yes,6.2,1,29.47
1.8,40.5,No,7.1,5,18.21
7.5,53.6,No,8.7,8,37.72
1.3,64.8,Yes,7.7,6,35.87
6.3,47.2,Yes,7.6,4,35.97
3.2,46.2,No,5.5,4,24.8
8.0,92.9,Yes,8.4,1,66.54
4.9,74.5,Yes,8.7,1,41.14
3.4,95.1,No,8.7,3,60.18
5.1,60.4,No,4.2,4,40.37
4.1,80.0,Yes,7.0,4,55.25
5.5,52.1,No,7.2,2,31.96
1.9,76.5,No,5.5,9,46.45
9.0,47.6,Yes,9.0,8,39.7
4.4,40.1,No,5.5,3,20.99
3.8,95.0,No,5.1,2,49.25
6.7,72.7,Yes,6.4,1,50.92
3.9,94.7,No,5.6,9,56.28
7.7,59.7,No,8.6,5,45.34
4.6,59.3,No,6.2,8,40.71
6.8,63.6,No,6.1,4,43.72
1.9,81.7,No,7.1,2,37.49
7.8,73.4,Yes,4.4,5,61.96
6.9,94.6,No,7.8,8,68.61
2.7,41.5,No,7.8,6,30.85
2.2,81.8,No,6.4,8,43.96
3.5,59.5,No,8.8,3,33.59
8.8,50.6,No,6.9,5,44.17
3.1,70.1,No,7.5,2,45.09
4.6,69.8,Yes,8.6,3,52.1
1.2,48.1,Yes,7.3,7,24.91
4.2,51.9,Yes,6.2,1,28.1
5.6,64.1,Yes,4.1,8,46.56
8.6,64.1,No,7.6,5,56.55
5.1,58.7,Yes,8.8,2,39.91
7.6,48.8,Yes,6.4,3,40.51
5.4,40.3,Yes,5.7,4,34.0
1.3,97.2,No,6.6,2,54.68
3.5,95.7,No,7.6,5,62.19
5.6,68.5,No,4.0,7,49.82
8.6,98.7,Yes,8.4,9,83.22
7.9,79.7,No,8.4,1,51.84
2.8,44.1,Yes,6.7,6,36.48
2.8,46.9,Yes,4.6,6,32.46
2.6,94.1,No,7.4,1,51.06
8.4,77.2,No,4.7,2,60.17
7.8,89.7,Yes,6.5,8,67.53
7.2,93.0,No,4.5,6,67.28
4.1,66.4,Yes,6.9,1,42.66
5.0,42.9,Yes,5.6,6,35.29
4.7,51.1,No,8.2,7,34.48
3.0,43.9,Yes,8.0,2,28.76
5.0,51.1,No,9.0,4,33.31
1.2,64.2,No,5.3,7,37.28
2.1,47.0,No,4.3,6,24.77
8.1,49.8,No,6.2,8,36.72
7.0,66.3,No,4.4,6,45.94
4.4,60.1,No,4.9,2,38.95
5.1,67.6,Yes,7.0,1,42.28
4.0,65.3,No,7.0,5,45.73
6.9,78.0,Yes,4.2,9,54.66
7.3,95.3,Yes,6.2,2,68.73
7.1,46.4,No,6.7,7,38.65
6.8,45.9,No,5.3,9,37.81
2.6,90.3,No,8.4,4,47.61
3.7,69.9,Yes,4.8,4,43.65
4.8,85.2,No,5.3,5,50.1
3.6,52.7,No,4.8,6,29.91
7.0,88.9,Yes,4.6,7,64.31
3.6,94.5,Yes,8.4,9,61.39
2.1,77.5,Yes,5.4,6,49.33
4.2,46.2,No,7.6,3,18.31
8.8,92.8,Yes,6.1,2,67.63
2.8,86.8,Yes,7.2,6,51.79
5.9,84.3,No,8.6,9,60.95
4.5,42.2,No,8.2,3,24.97
1.6,87.1,No,4.3,4,50.24
4.9,48.1,No,8.2,3,30.8
6.6,53.1,No,6.3,7,42.05
5.1,74.1,Yes,5.8,4,52.76
8.0,55.6,Yes,7.4,6,47.78
3.3,79.0,No,8.8,6,43.91
1.7,75.9,No,4.5,9,42.03
8.5,46.4,Yes,7.8,5,42.2
4.0,78.7,No,5.0,7,43.31
5.6,94.5,No,5.9,1,56.05
7.3,49.5,No,8.4,8,42.52
3.6,75.2,No,6.7,2,51.46
6.7,60.2,No,4.3,4,44.34
2.1,67.1,No,6.5,7,39.33
3.3,56.9,No,7.9,6,42.23
2.2,60.9,No,6.6,4,35.14
7.5,41.7,No,4.8,8,40.0
2.8,97.9,No,6.2,7,57.16
6.7,76.9,Yes,8.6,6,52.65
8.5,69.5,Yes,7.3,5,57.55
5.2,62.6,No,7.6,5,49.99
5.3,71.8,Yes,7.9,7,57.72
4.7,62.4,Yes,4.5,6,44.89
3.6,61.2,Yes,6.9,4,35.48
4.8,67.4,Yes,5.9,7,40.69
5.8,56.3,No,4.7,5,35.92
8.9,50.6,Yes,5.0,7,47.57
8.5,72.8,Yes,7.9,7,58.34
7.9,89.7,No,4.8,2,66.11
8.1,49.0,No,5.6,4,34.16
4.7,41.9,Yes,5.4,4,28.37
6.3,54.6,Yes,4.2,7,39.12
8.2,97.8,No,6.3,8,76.97
4.1,88.9,Yes,7.8,1,56.3
8.7,75.2,No,4.1,7,55.75
4.3,94.8,Yes,4.6,6,64.25
5.8,66.3,Yes,7.6,1,38.13
6.7,98.0,Yes,7.0,8,64.05
8.6,57.5,Yes,7.6,5,45.99
3.0,54.2,No,5.2,7,24.63
7.0,77.6,No,8.0,8,58.17
5.2,62.3,No,6.4,7,43.14
3.1,77.0,No,7.1,1,41.04
7.2,58.0,No,4.5,6,46.57
5.4,76.5,No,5.0,1,44.34
6.3,56.3,No,7.9,4,35.64
3.6,43.0,Yes,5.1,4,23.32
4.9,93.8,Yes,4.5,8,58.22
5.9,92.1,No,7.0,6,60.26
4.2,97.3,No,6.7,7,64.64
2.6,82.3,No,7.0,7,42.22
8.7,80.3,No,7.1,7,61.98
5.1,73.0,No,6.5,2,49.55
6.9,47.4,No,6.5,6,42.31
4.3,51.2,No,8.6,8,33.54
3.8,57.1,Yes,6.7,8,48.27
4.3,92.5,No,7.1,4,52.98
4.3,50.2,No,5.3,7,32.63
5.4,94.4,No,8.4,9,60.91
5.3,70.8,No,4.1,8,50.66
5.0,82.2,No,6.8,2,62.29
2.1,46.5,No,5.9,8,34.24
5.0,55.9,No,7.0,3,39.54
2.4,96.6,Yes,5.8,4,53.4
2.0,55.7,No,7.6,3,28.21
8.5,57.5,Yes,4.1,8,54.65
5.8,51.7,No,6.0,4,39.2
6.3,47.6,Yes,8.2,1,35.15
4.2,53.8,No,5.3,9,37.66
8.3,77.9,No,4.3,9,65.55
6.1,66.9,No,6.5,1,48.99
7.2,72.7,No,8.9,8,50.44
3.9,47.2,No,4.3,2,27.44
8.7,87.3,Yes,4.4,7,70.25
7.6,86.3,Yes,7.0,1,58.63
7.8,41.3,Yes,5.3,6,42.86
2.4,62.6,No,6.1,8,36.19
3.2,44.1,Yes,8.2,6,34.14
3.3,86.7,No,5.0,9,52.98
3.2,83.5,Yes,7.6,1,49.39
7.8,93.2,No,6.5,9,71.3
1.3,53.9,No,8.5,3,32.97
1.6,66.9,No,8.9,2,37.28
3.2,50.9,Yes,6.4,8,32.15
2.6,61.9,Yes,6.9,5,35.82
2.9,70.8,Yes,7.7,1,38.91
7.4,43.1,Yes,5.6,1,33.96
5.5,82.2,No,5.1,2,47.94
1.0,72.1,Yes,8.8,7,41.15
4.4,88.9,Yes,6.2,2,60.47
4.3,56.0,No,4.0,9,43.38
1.9,93.3,No,8.2,6,47.57
6.4,98.9,Yes,7.0,4,60.98
6.6,94.2,Yes,4.8,4,62.35
6.8,85.9,Yes,4.2,3,51.9
6.8,87.9,No,5.5,9,59.16
1.0,73.9,No,8.6,2,38.27
8.6,51.2,No,8.7,9,47.83
7.5,79.9,Yes,5.6,3,50.99
8.2,82.1,No,8.2,4,65.96
1.1,98.1,No,6.2,9,54.69
8.5,71.9,No,7.3,3,52.57
7.5,56.0,No,5.7,6,48.44
7.7,80.3,Yes,6.6,5,62.22
1.7,97.8,Yes,5.5,6,56.35
6.9,50.5,No,4.3,5,36.29
8.7,59.2,Yes,4.7,3,50.3
6.4,72.0,Yes,5.5,2,47.8
5.6,50.0,No,8.9,9,38.78
8.6,41.3,No,8.8,4,33.22
4.5,59.9,No,8.1,6,44.91
5.8,91.1,Yes,5.2,9,71.1
4.8,42.6,Yes,6.2,5,31.4
8.5,65.3,Yes,6.2,7,52.98
1.6,85.0,No,5.9,5,50.12
5.0,96.2,Yes,4.2,9,68.01
6.5,98.1,No,6.7,2,62.62
7.3,64.9,Yes,4.4,3,52.53
5.7,96.1,Yes,8.0,5,63.81
8.3,42.1,No,7.5,2,30.37
8.5,84.0,No,5.8,6,63.59
1.5,77.9,No,7.2,3,45.17
4.2,54.7,No,5.2,5,34.86
1.2,69.9,No,5.3,5,31.37
3.6,47.6,Yes,5.6,8,31.19
5.3,91.4,Yes,8.0,9,69.77
8.3,61.1,No,5.1,4,48.7
7.8,76.9,Yes,6.8,1,55.54
2.0,49.4,Yes,5.0,5,26.65
1.7,52.2,Yes,5.4,4,31.85
5.7,98.5,No,5.2,5,68.53
5.3,84.4,Yes,7.2,9,54.79
3.1,96.8,Yes,6.6,8,65.19
8.2,57.5,No,7.6,8,51.47
8.4,49.7,Yes,5.1,8,52.18
4.2,69.7,No,4.0,1,39.5
8.1,69.2,No,7.4,7,59.92
4.1,50.3,Yes,4.6,4,33.78
6.9,83.3,No,5.2,6,54.63
4.8,61.3,Yes,5.5,4,44.82
2.0,51.0,No,7.7,5,30.88
8.4,59.6,No,7.1,5,46.06
4.6,73.3,No,4.9,1,44.46
6.9,82.9,No,7.0,6,67.93
3.9,68.4,Yes,7.5,8,44.89
1.2,71.0,No,5.9,5,39.77
1.8,48.2,Yes,5.2,6,22.44
5.0,94.0,No,7.4,5,58.48
6.5,94.8,Yes,7.1,1,66.54
3.7,80.3,No,4.4,5,49.17
6.6,41.0,Yes,7.3,2,31.26
6.6,71.7,No,6.4,4,57.07
6.6,77.1,No,7.8,2,48.87
4.9,98.7,Yes,5.0,8,65.86
8.3,98.8,No,5.3,7,74.74
4.9,90.6,No,6.7,9,58.04
4.6,43.8,Yes,6.4,4,32.07
2.6,96.2,Yes,5.9,5,61.41
3.5,76.1,No,7.7,9,49.17
1.3,87.3,Yes,6.8,9,49.39
6.1,64.0,No,7.6,2,41.96
3.0,58.9,Yes,4.8,1,21.28
3.4,67.3,Yes,7.6,3,44.96
7.2,48.7,No,6.3,1,36.5
3.6,61.1,No,4.2,6,36.45
2.9,90.6,Yes,5.2,8,50.01
2.4,42.2,No,4.1,4,25.51
7.2,48.9,Yes,6.3,4,37.8
2.0,47.4,No,5.6,1,23.84
4.6,63.8,No,8.9,9,45.57
5.1,98.8,Yes,8.3,8,61.71
6.5,50.2,Yes,8.1,3,43.61
6.1,48.6,Yes,6.5,3,40.13
7.5,94.0,Yes,8.0,4,71.08
1.4,92.0,Yes,5.3,4,51.71
3.4,41.9,No,6.8,2,18.1
3.2,84.4,Yes,6.0,4,54.27
2.2,78.7,No,4.9,2,49.99
3.3,85.3,No,4.4,7,52.27
3.5,69.2,No,6.8,5,42.46
5.2,98.5,No,4.5,7,60.02
6.3,42.6,Yes,7.6,6,27.38
4.0,53.8,No,8.6,2,31.03
6.8,63.4,Yes,4.8,2,50.88
3.7,66.5,No,6.4,1,42.86
3.3,94.4,Yes,7.7,1,55.04
5.3,73.0,No,5.4,5,50.04
1.2,42.7,No,8.6,5,16.14
1.6,64.1,No,8.4,7,36.96
4.3,64.6,Yes,4.5,1,36.61
8.5,97.0,Yes,4.1,5,71.91
6.8,75.4,No,8.9,2,51.2
1.7,77.5,Yes,8.8,1,40.41
7.8,82.1,Yes,6.1,7,67.21
6.9,85.4,No,4.3,3,65.36
5.9,77.5,No,7.1,9,55.56
7.6,54.0,Yes,5.5,5,49.66
4.2,91.6,No,8.7,5,53.03
2.8,83.2,No,8.0,5,48.67
5.1,83.8,Yes,7.2,9,54.42
5.4,98.8,No,5.4,1,59.47
5.3,87.3,No,7.5,5,60.54
5.5,88.9,No,5.4,6,63.61
8.6,96.1,Yes,4.2,9,71.42
8.2,48.9,No,6.5,3,41.74
8.0,69.4,No,6.4,1,54.93
7.4,74.3,Yes,7.8,8,63.46
8.5,59.4,No,8.3,9,53.59
1.8,89.5,Yes,5.8,6,49.44
3.1,85.0,Yes,6.2,5,49.04
5.0,82.5,Yes,6.4,8,53.99
7.8,98.8,Yes,5.6,6,72.15
5.0,55.3,No,7.7,6,35.38
7.0,83.4,Yes,6.6,9,66.55
2.1,72.5,No,8.6,9,45.34
3.0,58.5,Yes,7.3,1,33.56
6.9,49.5,No,5.1,2,28.08
2.3,92.9,No,4.8,1,49.35
3.8,75.1,Yes,5.9,2,43.21
3.1,88.7,No,5.7,3,59.36
3.8,72.2,No,6.0,2,36.7
6.7,53.0,No,4.9,6,39.4
3.9,59.9,Yes,8.9,4,40.6
5.4,62.5,No,4.7,5,38.11
1.8,97.4,Yes,7.3,9,67.26
7.4,40.3,Yes,4.1,2,40.32
4.0,98.2,No,6.0,3,55.17
6.2,97.8,Yes,5.5,1,61.33
6.8,98.8,No,5.9,2,73.82
2.7,68.1,No,6.5,1,41.54
8.1,96.9,No,7.0,9,71.84
5.9,63.3,Yes,6.9,3,46.22
4.4,41.6,No,7.2,3,20.72
2.5,53.2,No,8.2,7,40.76
8.5,95.8,Yes,8.4,1,69.77
7.0,40.8,Yes,7.7,9,41.21
2.7,72.2,No,4.4,7,38.61
3.7,44.5,No,8.8,9,27.11
7.5,56.9,No,8.7,8,49.53
6.6,45.2,No,7.6,5,43.22
7.1,90.7,Yes,6.6,3,61.62
4.5,74.9,Yes,5.3,9,48.13
6.7,93.2,Yes,7.8,5,67.6
4.1,80.6,No,8.4,9,60.7
2.7,97.3,Yes,7.3,3,54.38
6.1,70.1,Yes,7.1,6,50.36
8.8,77.7,Yes,5.0,2,62.07
3.5,74.0,No,5.8,3,46.61
4.7,68.6,No,7.6,2,41.37
6.4,89.9,Yes,4.1,2,64.05
5.3,78.0,No,7.2,5,54.14
7.7,87.3,Yes,7.8,4,64.63
7.1,86.4,Yes,5.7,4,65.15
1.5,51.3,Yes,4.4,8,32.14
9.0,78.4,Yes,8.1,6,59.83
7.0,51.8,Yes,4.7,2,44.53
7.9,74.4,No,5.9,1,53.95
6.2,80.0,No,7.5,5,61.02
7.9,98.8,No,8.1,7,72.97
1.9,41.8,No,8.3,5,23.14
3.8,45.4,No,6.7,4,29.14
8.0,44.5,Yes,6.4,5,41.99
2.6,63.5,No,8.2,8,45.44
1.6,88.5,No,6.8,5,50.74
7.3,89.8,No,6.9,9,66.99
7.7,83.5,Yes,6.2,7,67.9
2.3,92.9,Yes,5.9,2,53.67
7.8,59.0,No,6.4,9,61.6
6.5,45.2,No,5.8,2,33.45
5.2,43.4,Yes,5.7,6,37.5
7.6,90.3,No,9.0,8,71.79
4.4,83.1,Yes,5.7,2,42.92
2.6,81.2,No,5.3,6,44.08
3.3,60.0,Yes,5.8,5,35.27
5.0,62.4,Yes,7.0,7,38.93
5.3,96.5,Yes,8.6,5,63.38
7.4,43.8,No,7.9,3,29.96
7.3,85.7,Yes,8.2,6,59.86
5.7,58.3,No,8.3,7,43.97
7.2,42.3,No,8.6,1,40.42
2.5,83.8,Yes,5.2,8,46.14
1.4,59.5,No,6.3,8,28.27
8.0,82.6,Yes,5.9,4,59.48
1.6,81.8,Yes,5.9,8,47.74
3.0,71.6,Yes,7.3,3,36.0
6.6,85.9,Yes,6.0,5,58.03
4.3,74.3,No,7.1,3,42.32
8.0,56.9,Yes,5.9,2,45.91
3.4,83.3,No,5.6,5,51.37
1.1,74.8,No,5.8,8,40.69
3.4,40.8,No,8.0,9,26.86
5.6,93.2,No,7.0,5,58.94
4.0,72.2,No,8.9,3,44.49
5.3,91.2,No,8.2,3,54.71
8.0,92.1,No,6.4,8,75.44
8.3,66.3,Yes,5.2,3,45.49
3.1,70.0,No,7.4,9,42.31
4.7,64.5,No,7.6,1,42.79
5.4,66.5,No,6.3,1,40.13
8.6,92.8,Yes,5.1,5,72.42
9.0,86.5,Yes,6.8,4,73.66
2.9,47.5,Yes,5.3,3,30.03
6.8,76.0,No,8.7,1,47.12
4.0,98.8,Yes,7.1,7,59.66
1.1,75.1,No,5.5,1,34.98
1.1,86.4,No,5.1,6,48.11
4.7,85.4,Yes,7.6,2,58.89
4.9,60.7,No,7.5,4,36.74
1.2,61.9,No,7.0,8,32.37
6.5,82.7,Yes,7.1,3,56.6
3.4,69.5,No,7.0,9,44.0
5.5,73.7,No,5.8,5,55.2
3.4,82.1,No,8.7,6,50.61
2.3,85.9,No,6.4,2,47.14
4.3,56.0,No,4.1,1,35.34
2.9,48.7,Yes,5.7,5,35.5
5.3,57.2,No,4.7,1,35.05
2.6,69.9,Yes,5.8,4,45.51
5.1,60.2,No,7.0,8,50.31
2.3,73.5,Yes,4.1,2,39.07
6.4,43.2,Yes,8.4,6,34.2
7.0,70.1,Yes,7.1,5,61.69
1.9,61.7,No,5.5,1,34.21
4.7,71.5,No,5.6,8,48.46
1.6,64.9,No,6.3,5,37.01
5.8,56.8,Yes,5.2,9,40.14
3.1,93.3,No,4.0,2,56.44
5.2,50.9,Yes,4.1,6,29.35
5.1,80.2,Yes,5.8,7,59.67
8.4,94.6,No,4.6,1,62.48
5.4,71.8,No,4.1,4,39.78
5.7,91.7,Yes,8.3,2,52.6
4.2,47.4,No,5.4,7,29.8
8.6,69.1,No,6.5,3,55.81
7.2,67.0,No,4.9,9,46.82
3.3,40.5,Yes,4.2,8,22.15
7.8,66.2,No,7.7,7,50.79
4.5,61.8,Yes,4.6,8,46.19
7.6,79.5,Yes,4.1,1,59.47
7.6,95.4,Yes,6.9,6,70.81
2.5,45.1,No,4.1,7,29.47
6.6,59.3,Yes,6.2,7,49.44
3.3,66.2,No,5.4,9,40.74
3.4,66.9,Yes,5.6,7,46.54
3.4,85.7,No,4.0,7,46.93
6.8,66.2,No,8.8,6,51.98
2.8,41.6,Yes,6.6,3,18.93
1.0,81.9,No,6.9,6,44.77
6.7,92.2,Yes,7.3,9,73.63
2.4,70.3,Yes,8.0,3,41.06
1.8,74.3,No,7.0,3,39.33
2.9,49.6,No,7.8,7,31.65
4.0,53.0,No,6.2,7,37.66
4.8,53.9,No,5.9,5,44.22
1.4,65.4,Yes,8.1,8,41.4
8.8,94.8,No,8.3,8,71.49
6.7,70.8,No,4.7,2,46.93
3.6,51.3,Yes,6.7,6,30.14
3.5,55.7,Yes,7.4,5,30.8
4.6,62.7,No,4.4,4,29.3
6.0,76.8,No,8.6,7,53.3
2.2,66.0,Yes,6.6,4,31.73
2.5,63.2,Yes,7.2,5,37.95
7.9,73.3,No,4.9,8,55.0
3.1,54.3,No,5.3,5,26.97
4.0,44.7,Yes,4.6,9,24.03
8.0,41.4,No,5.3,2,32.12
6.3,54.8,No,6.5,2,30.83
3.7,45.4,Yes,8.2,9,36.37
6.5,59.8,No,6.7,2,42.37
1.2,85.6,Yes,5.2,3,44.34
6.9,82.3,No,4.2,6,63.86
4.9,76.0,Yes,7.1,4,50.45
7.5,90.3,Yes,6.1,8,69.83
8.6,56.6,Yes,8.9,8,54.8
8.4,92.2,Yes,7.9,2,65.54
8.3,63.6,No,8.0,2,46.59
5.1,63.7,No,4.1,3,40.13
3.9,63.9,Yes,7.9,2,33.92
4.7,45.8,Yes,5.0,5,38.9
6.5,97.6,No,6.9,1,64.04
8.1,48.2,Yes,6.2,7,42.87
2.7,60.1,Yes,6.9,8,46.69
8.3,58.8,No,4.7,4,41.83
7.5,44.4,No,6.3,7,44.71
8.8,49.0,No,4.2,9,48.59
8.0,42.6,No,4.2,7,42.44
3.2,57.3,Yes,7.3,2,32.76
1.8,91.1,No,8.8,2,49.63
1.9,60.0,Yes,7.9,6,33.84
3.3,47.3,Yes,6.3,8,36.13
5.9,78.1,No,4.3,3,52.32
7.4,98.8,No,4.2,1,63.12
8.2,53.7,Yes,4.8,1,39.87
6.0,56.5,Yes,8.9,2,40.46
1.0,97.3,No,6.0,6,51.88
2.5,50.5,No,8.2,2,32.21
1.8,70.2,No,7.5,6,42.63
3.9,54.1,No,7.0,1,34.09
5.0,95.0,No,8.7,9,66.16
1.3,97.9,No,5.2,7,51.47
3.8,88.1,No,6.3,1,53.4
2.4,58.6,Yes,8.3,9,29.86
6.2,63.8,Yes,6.8,9,50.82
4.7,54.3,No,5.2,6,33.01
5.0,92.6,Yes,5.0,2,54.5
4.4,94.0,Yes,7.8,2,56.78
8.6,64.7,No,4.1,8,53.14
2.7,78.7,Yes,8.6,9,51.07
5.1,49.8,No,4.1,4,35.69
6.9,65.7,Yes,7.2,2,46.88
5.5,77.3,No,7.0,5,51.39
8.4,62.7,No,6.9,7,46.5
4.0,61.1,No,6.4,4,32.41
4.7,40.1,Yes,8.3,9,33.96
1.7,87.5,No,7.3,4,50.38
5.9,92.5,No,7.9,8,63.68
3.3,97.2,No,4.6,3,59.55
2.3,82.4,No,4.2,6,41.04
5.4,72.4,No,4.1,6,49.87
5.3,55.9,Yes,4.7,3,34.07
1.6,99.0,No,7.3,2,49.2
6.6,74.8,No,6.5,6,50.67
6.0,80.2,No,7.8,7,56.47
2.5,80.3,No,5.0,7,48.78
4.8,89.9,No,5.8,1,55.4
6.8,40.6,Yes,8.4,6,34.76
5.2,53.0,No,8.7,9,43.09
4.2,79.3,No,8.6,9,60.36
3.6,92.8,No,8.1,2,53.99
5.9,80.4,No,7.4,4,54.52
8.5,64.4,No,8.6,6,50.7
6.4,61.3,No,7.6,4,42.39
1.6,83.5,Yes,8.8,9,56.32
4.7,83.7,No,4.1,2,55.24
8.1,75.8,No,8.6,6,58.25
1.8,57.2,No,6.8,1,29.18
8.9,94.6,No,4.6,9,76.73
8.6,72.6,No,5.1,1,51.06
1.6,86.6,No,8.3,8,45.53
8.5,52.6,Yes,6.5,9,51.82
3.9,60.3,Yes,8.9,1,40.39
7.8,91.6,No,4.6,1,64.99
4.3,43.0,No,6.1,7,28.17
4.5,70.2,No,5.7,5,50.81
6.1,68.4,No,6.6,3,47.41
7.2,84.3,Yes,7.2,9,60.56
1.3,56.6,No,7.3,2,20.29
5.7,52.9,No,4.0,6,36.33
2.5,94.6,Yes,4.4,4,55.4
3.8,73.7,No,4.2,5,43.18
3.8,46.2,No,8.3,2,35.07
4.8,51.4,Yes,5.6,1,33.86
3.7,98.9,Yes,5.8,9,60.68
1.9,51.5,Yes,6.3,3,17.89
2.2,76.0,Yes,8.2,6,46.56
1.3,64.8,No,4.1,9,39.83
4.8,92.3,Yes,4.6,1,63.85
8.6,84.6,No,7.4,5,63.48
1.9,75.2,Yes,8.8,4,50.06
8.6,40.6,No,7.2,3,30.66
6.9,91.9,Yes,5.3,2,61.16
6.1,66.2,No,6.6,3,40.97
6.2,95.0,No,8.9,1,64.9
7.6,69.2,No,6.6,1,43.83
1.9,81.0,No,5.9,8,48.57
5.0,44.1,No,5.9,5,25.45
6.6,84.0,No,8.8,2,63.99
5.7,59.9,Yes,7.6,3,40.64
7.7,60.7,No,7.4,2,46.68
1.6,47.0,Yes,5.2,2,15.15
6.5,48.7,No,6.8,4,30.45
5.3,51.0,No,5.8,4,31.18
4.0,59.4,No,5.2,7,41.78
3.7,92.6,Yes,8.5,2,59.01
6.0,61.7,Yes,5.9,9,52.36
8.1,82.7,Yes,5.4,7,58.19
5.0,44.9,Yes,8.7,4,34.54
7.6,74.9,Yes,5.0,7,55.77
4.2,68.4,Yes,7.7,1,38.76
1.8,97.7,No,7.3,7,54.52
1.5,89.9,No,8.6,6,50.46
1.4,66.8,No,8.2,9,41.74
4.0,85.7,No,7.5,8,60.44
3.7,51.4,No,5.6,2,30.99
6.7,73.2,No,6.5,3,53.29
6.9,44.4,No,8.7,3,42.18
1.4,60.5,Yes,4.1,6,35.57
2.8,53.3,No,8.0,2,27.85
3.2,82.4,No,5.3,2,48.46
5.4,68.9,Yes,4.9,4,53.3
2.2,84.3,No,5.2,1,40.36
2.1,70.4,Yes,4.3,1,34.72
8.6,45.1,Yes,9.0,1,45.12
7.4,83.4,No,8.3,5,59.79
2.4,89.2,Yes,6.6,9,59.01
4.3,93.3,Yes,7.6,4,64.5
3.8,73.7,Yes,6.8,8,44.45
7.3,84.5,No,8.1,7,61.19
5.1,84.4,Yes,8.2,6,62.73
2.0,49.2,No,5.2,9,28.33
6.9,49.7,Yes,6.3,1,28.84
4.2,44.2,No,7.2,7,28.38
3.1,58.9,No,8.9,9,42.02
4.0,67.9,Yes,7.4,2,46.94
5.0,98.9,Yes,8.5,4,65.08
3.7,65.4,Yes,8.2,5,44.35
2.9,82.8,No,6.9,5,47.33
4.2,80.9,Yes,8.5,7,58.12
1.2,52.1,Yes,5.9,8,35.08
7.2,43.5,Yes,5.9,9,43.15
2.4,72.2,Yes,7.9,5,42.44
1.4,81.3,Yes,4.7,2,43.87
6.2,98.9,No,5.5,2,67.53
7.2,61.2,No,7.0,5,46.6
7.5,92.9,No,6.1,5,69.15
4.9,62.5,No,8.7,5,43.85
2.6,80.7,No,8.8,6,54.01
6.9,75.3,No,6.5,8,59.23
6.6,43.1,No,6.7,5,32.05
3.0,44.6,No,7.6,3,30.27
8.2,41.2,No,6.3,9,41.86
1.8,61.9,No,5.0,4,31.34
8.9,84.0,Yes,7.7,8,63.13
7.9,50.2,Yes,7.7,9,47.52
6.5,75.7,Yes,5.2,7,63.23
8.5,57.0,No,8.2,3,35.25
6.8,87.0,Yes,7.1,6,52.53
2.5,87.1,No,5.2,7,54.31
4.5,85.7,No,7.3,7,57.24
1.6,71.0,No,5.2,8,42.67
4.1,56.8,Yes,5.3,5,34.89
6.9,87.8,No,8.2,5,53.72
4.1,51.0,No,8.6,2,27.55
3.6,57.1,Yes,5.3,2,39.82
5.8,50.9,No,8.6,4,34.77
8.0,79.8,No,5.2,7,58.72
1.4,80.5,Yes,4.6,8,35.96
4.1,78.5,No,4.3,3,39.21
2.3,64.5,No,5.2,1,36.7
6.6,45.9,No,5.9,4,33.49
1.8,93.8,No,8.6,6,58.09
6.3,70.0,No,5.2,6,46.64
3.3,64.0,No,5.8,9,35.29
2.6,74.7,No,7.7,7,43.95
8.5,51.4,Yes,5.5,9,45.66
1.1,47.8,Yes,7.4,5,21.7
4.5,63.9,Yes,6.2,5,39.35
1.2,53.4,No,5.0,5,25.43
4.9,54.4,Yes,7.7,5,36.42
5.0,92.7,No,4.1,4,54.24
3.6,71.3,No,5.5,6,50.93
2.1,68.5,No,5.8,1,36.2
4.0,80.7,Yes,6.3,2,49.69
6.4,96.1,Yes,7.4,9,70.02
7.3,46.6,Yes,6.3,6,42.6
5.2,89.2,Yes,7.0,6,62.84
5.7,74.5,No,7.0,4,45.83
2.6,48.6,No,5.9,5,20.9
3.3,57.5,Yes,8.7,9,30.84
2.3,68.5,No,8.8,2,44.09
3.0,80.8,No,6.9,3,44.34
2.8,54.3,Yes,4.4,8,36.6
5.2,71.6,No,6.5,9,51.41
5.5,80.4,Yes,4.9,5,58.11
8.6,66.5,No,6.4,3,50.99
2.6,90.9,No,4.9,1,43.43
6.1,91.3,Yes,7.5,2,57.07
7.5,67.8,No,4.4,4,48.07
5.5,97.4,Yes,8.8,4,59.01
3.0,44.5,No,5.0,5,21.85
3.1,40.2,No,7.3,9,22.2
1.3,62.5,No,8.6,2,29.48
3.4,75.5,Yes,5.2,2,42.1
7.0,77.1,Yes,8.7,5,58.11
1.4,68.1,No,5.9,2,36.71
2.8,47.4,No,8.8,5,26.86
6.6,50.1,No,8.9,5,33.19
7.3,90.3,Yes,4.9,7,58.2
4.6,91.2,No,8.2,4,58.44
6.6,79.8,No,5.0,2,50.24
4.1,79.2,Yes,5.1,8,52.1
2.3,75.3,No,4.4,1,39.74
4.2,52.0,Yes,4.8,1,36.63
5.6,65.3,Yes,7.2,7,41.23
8.6,81.1,Yes,6.2,4,58.24
1.6,71.7,No,8.0,3,37.13
5.1,41.1,No,5.7,1,20.81
3.6,96.3,No,8.8,8,55.82
5.1,89.8,Yes,4.2,8,66.41
1.2,55.4,Yes,4.3,4,23.44
3.5,76.4,No,7.5,2,38.95
7.6,94.5,No,8.4,4,62.56
5.4,45.7,No,8.0,7,39.11
4.6,69.7,Yes,6.4,4,42.82
3.3,66.9,No,5.3,3,32.36
3.4,64.2,No,4.1,1,31.05
4.1,89.3,No,6.5,9,58.37
7.7,62.5,No,6.4,5,51.8
8.7,43.8,No,5.7,2,40.22
4.5,43.9,No,6.9,6,27.05
4.1,42.5,No,7.6,2,23.41
7.8,64.1,No,7.5,6,59.13
4.4,82.4,Yes,5.3,9,60.28
5.4,52.0,No,6.9,2,33.12
2.8,78.1,No,4.7,1,32.52
6.9,80.5,Yes,4.6,7,57.8
5.3,55.1,No,7.9,8,35.44
7.5,75.4,No,7.5,2,50.08
7.2,80.4,No,7.8,4,53.83
2.7,67.5,No,4.8,8,39.7
6.7,59.9,No,8.6,4,44.64
7.4,76.5,No,4.7,9,55.56
3.8,97.7,No,8.4,1,52.07
2.4,65.2,No,5.8,7,37.25
1.0,63.1,No,4.5,3,27.64
4.6,67.4,No,5.4,3,33.94
3.8,44.5,No,4.9,7,31.24
5.4,72.6,Yes,6.5,6,48.15
2.5,59.4,No,8.7,3,31.72
7.9,47.2,Yes,5.6,2,37.47
3.1,67.5,No,7.1,6,40.72
2.8,40.2,No,8.5,7,25.72
4.8,63.7,No,7.2,9,40.18
5.0,46.2,No,5.8,9,35.99
2.7,41.4,Yes,9.0,9,27.57
3.2,88.6,Yes,4.9,1,54.74
2.4,94.1,No,6.6,4,56.44
6.7,52.3,No,8.0,4,44.91
7.2,71.8,Yes,4.0,8,51.74
4.7,56.4,Yes,7.5,3,42.64
6.7,69.1,No,5.3,1,46.56
6.9,65.8,Yes,4.8,3,50.28
2.1,55.9,No,5.4,6,33.44
8.7,81.3,No,8.8,7,66.59
7.6,47.5,No,8.5,9,38.63
2.6,43.1,Yes,5.1,5,28.82
2.5,85.3,Yes,4.6,5,51.14
2.0,79.3,No,5.8,3,36.42
2.1,69.4,No,7.0,3,35.17
7.0,67.6,Yes,8.3,9,50.2
4.8,69.3,Yes,8.8,3,40.23
7.3,65.8,Yes,7.8,3,53.04
7.0,63.2,No,7.0,9,44.41
5.8,69.5,No,4.7,4,41.08
6.5,71.2,Yes,4.4,6,59.9
1.1,80.8,No,7.0,1,38.16
3.5,82.0,No,6.7,2,49.82
6.1,62.3,No,8.2,3,47.82
1.1,64.4,No,5.6,2,33.27
1.3,62.0,No,4.2,3,30.07
7.8,71.7,No,6.1,5,53.83
6.5,66.7,No,8.8,1,47.72
3.1,92.5,No,8.0,1,51.39
6.5,81.1,No,4.2,7,59.96
7.3,93.0,Yes,8.4,9,70.18
3.5,81.8,Yes,6.4,9,53.4
1.3,97.3,No,5.8,7,62.05
8.5,77.5,Yes,5.7,2,56.13
3.8,96.8,No,7.0,7,60.98
1.9,49.3,Yes,6.7,9,32.31
4.9,43.1,No,7.3,7,33.69
7.1,74.2,No,6.9,2,52.89
2.8,98.0,No,4.7,7,53.23
3.2,64.6,Yes,5.3,4,39.14
2.9,52.5,No,8.2,8,34.51
8.9,70.8,Yes,7.3,3,61.18
2.6,78.3,Yes,6.2,5,49.37
5.6,58.6,Yes,4.9,3,44.86
8.4,82.2,No,4.0,7,58.51
2.2,97.5,No,5.6,3,49.6
8.8,92.9,No,4.3,5,69.69
8.6,57.2,No,6.4,1,48.67
8.1,59.3,No,8.1,4,46.4
2.7,61.9,No,5.4,6,32.95
6.1,63.3,No,8.2,2,36.64
7.1,45.9,No,7.5,6,39.53
8.9,85.0,No,4.6,7,65.19
2.4,61.6,Yes,7.2,8,37.09
7.1,91.9,Yes,4.8,3,67.39
3.7,94.7,Yes,7.3,3,57.55
2.4,41.4,Yes,4.7,5,23.27
4.4,98.3,No,6.0,3,63.31
7.4,81.9,No,6.8,9,71.21
4.7,70.7,No,4.3,7,44.74
5.3,63.0,Yes,4.8,5,39.94
9.0,70.6,No,5.6,5,52.04
4.2,59.2,No,6.3,1,36.21
5.9,76.7,Yes,8.3,9,53.51
3.9,45.5,No,4.9,2,24.18
4.1,76.6,No,5.7,7,48.1
6.6,56.2,Yes,6.4,7,51.04
8.5,41.0,No,5.5,2,39.45
5.3,72.6,Yes,7.1,8,46.52
7.1,74.1,Yes,5.3,8,63.7
1.7,65.2,No,7.9,9,33.86
2.7,44.3,No,6.5,2,23.13
5.0,92.7,No,4.4,1,52.4
1.2,76.1,No,7.1,9,42.05
3.0,46.8,No,6.8,3,21.87
5.1,70.1,Yes,5.7,2,52.01
1.1,69.3,No,4.1,2,32.06
3.1,43.6,No,5.0,2,23.43
5.1,75.8,No,6.0,8,47.79
5.6,87.7,No,5.0,3,50.32
8.4,84.2,No,6.9,1,58.31
6.2,52.0,Yes,7.6,8,44.6
4.3,90.9,No,8.3,2,54.75
8.4,60.2,No,7.2,6,53.83
7.3,95.8,No,7.4,8,70.58
2.6,44.2,No,7.0,9,28.08
2.0,68.7,Yes,8.9,1,39.34
6.4,75.2,Yes,5.3,9,57.38
5.5,54.6,Yes,5.3,8,45.27
7.3,85.5,No,4.6,6,63.47
6.9,77.0,No,6.4,5,58.68
6.0,41.1,Yes,4.5,6,35.6
8.9,75.9,No,5.4,2,61.95
5.3,69.0,Yes,6.4,3,49.35
1.9,51.6,No,8.8,9,38.41
7.6,98.7,Yes,8.8,3,68.58
3.0,92.9,No,7.7,7,60.32
7.2,57.3,No,5.9,4,37.46
8.7,71.9,Yes,8.3,9,65.61
6.6,58.7,No,8.4,4,43.42
5.8,85.8,Yes,8.6,6,64.34
4.7,94.9,Yes,7.2,2,66.34
3.9,61.2,Yes,5.0,7,43.8
3.8,87.5,Yes,4.5,3,51.11
6.1,69.4,No,8.6,1,41.75
7.0,63.4,No,4.3,7,50.02
6.4,95.4,Yes,5.5,5,64.84
2.6,70.1,Yes,6.4,7,45.86
5.0,67.6,Yes,4.1,1,39.84
7.3,79.7,Yes,8.5,5,56.33
4.8,55.4,No,5.4,2,33.07
5.3,59.2,Yes,4.1,1,39.69
7.2,95.0,No,9.0,6,68.79
6.3,80.0,No,5.6,5,51.72
4.3,88.8,Yes,8.4,4,64.21
8.2,56.0,No,6.3,1,41.76
2.3,72.1,Yes,7.3,5,33.38
9.0,97.3,Yes,5.2,7,78.71
2.0,58.8,Yes,6.5,1,30.02
1.1,49.5,Yes,5.3,4,23.61
8.1,70.1,Yes,8.8,6,56.43
3.0,62.9,Yes,4.3,8,39.01
6.8,49.4,No,5.4,7,46.17
7.5,92.4,No,8.5,7,70.02
7.9,98.5,No,6.4,8,73.75
8.9,73.5,No,7.0,7,58.81
3.4,85.7,No,7.3,4,57.82
6.7,90.7,Yes,4.4,6,67.53
1.9,81.4,Yes,4.1,2,47.31
4.3,42.6,Yes,8.7,8,33.69
7.8,49.3,No,5.4,3,42.58
3.9,44.2,Yes,5.9,4,30.0
5.7,40.6,Yes,7.4,2,28.25
5.0,58.1,Yes,5.2,9,44.66
6.2,63.1,Yes,7.7,2,52.86
8.8,54.2,Yes,6.3,6,49.12
1.4,43.8,Yes,8.3,3,27.2
5.6,71.3,Yes,5.4,6,54.96
7.9,56.1,Yes,5.0,4,47.4
4.9,87.0,Yes,8.2,8,67.1
1.6,40.5,Yes,5.6,3,10.82
5.5,89.7,Yes,6.1,8,55.51
3.7,96.3,No,8.0,3,64.44
2.2,82.3,Yes,7.2,5,45.73
7.8,83.3,Yes,6.2,2,60.48
5.2,95.1,Yes,5.2,6,70.38
8.5,52.3,Yes,7.8,7,48.59
7.4,98.7,Yes,4.9,8,79.45
6.5,85.6,No,8.6,4,57.84
1.0,82.9,No,4.8,9,48.89
4.4,61.3,Yes,8.0,2,39.38
2.6,72.2,No,6.1,8,49.58
8.3,78.6,Yes,4.9,6,60.09
2.4,76.6,Yes,6.0,4,40.2
3.3,81.6,No,5.1,2,43.95
5.1,44.9,Yes,4.7,4,29.63
3.1,61.0,No,5.2,3,31.25
2.7,65.6,No,8.3,4,34.84
5.8,55.4,No,4.5,4,42.21
1.7,50.2,No,8.9,7,34.17
1.5,48.2,No,4.0,1,21.56
4.0,61.6,No,7.3,9,39.44
6.8,69.1,Yes,8.3,5,49.86
5.4,43.7,Yes,8.7,3,23.9
4.4,95.8,No,4.7,7,62.47
5.5,85.1,No,7.5,7,55.77
3.9,83.1,No,4.5,8,58.78
8.5,50.2,No,5.8,4,36.33
1.4,75.6,Yes,7.7,9,43.37
6.4,71.3,Yes,5.7,2,48.73
8.1,98.0,Yes,5.6,6,74.49
7.4,84.1,No,4.6,3,65.49
2.5,74.0,No,4.3,8,38.21
3.4,90.2,Yes,4.6,8,56.06
6.7,49.2,No,8.4,6,33.77
1.7,40.9,No,4.1,4,21.71
7.5,80.7,No,7.5,8,58.97
6.8,45.8,No,7.8,6,36.88
6.8,46.8,Yes,6.8,9,40.93
1.8,83.9,No,7.7,7,48.99
6.7,56.0,Yes,7.3,9,46.41
6.4,77.1,Yes,6.3,8,53.87
7.6,94.1,No,5.9,4,66.5
1.3,58.7,No,8.7,6,28.64
1.2,52.8,No,8.9,7,32.05
4.0,46.3,No,7.3,4,29.06
2.2,47.7,No,5.0,4,20.13
5.5,43.7,Yes,6.2,3,40.89
8.3,45.2,No,6.5,6,46.98
4.1,65.5,No,7.8,2,49.11
7.8,58.9,Yes,7.3,4,46.02
1.0,81.7,Yes,6.6,8,43.71
2.3,91.3,Yes,7.4,3,55.76
1.2,86.3,Yes,4.1,8,53.87
3.6,71.3,Yes,7.9,7,47.89
8.3,46.0,Yes,5.1,7,34.0
1.8,81.9,No,7.3,9,44.75
5.9,61.4,No,4.6,4,43.19
4.6,45.1,No,4.6,8,29.15
8.5,89.7,Yes,4.2,2,59.4
2.0,60.0,No,8.6,3,30.71
2.7,52.9,Yes,7.0,4,17.99
1.2,91.4,No,5.8,9,50.05
4.5,93.2,Yes,7.9,1,55.89
3.2,60.0,No,7.1,7,38.75
8.0,60.9,Yes,7.1,2,49.59
5.8,74.2,No,6.4,5,52.2
5.9,83.3,No,4.0,1,55.75
5.3,43.7,No,5.3,6,30.62
1.7,75.0,Yes,4.5,3,34.24
4.6,96.2,Yes,7.3,6,63.53
9.0,55.5,No,5.2,8,45.76
7.7,93.6,No,6.3,8,63.85
8.1,96.1,No,5.8,4,70.83
7.6,55.9,Yes,4.7,7,40.83
1.8,84.5,No,8.8,6,51.3
2.8,54.1,No,8.7,2,24.4
1.0,83.5,No,4.4,6,43.08
3.4,87.0,Yes,8.1,2,49.9
1.9,54.6,No,6.4,4,32.75
4.8,82.2,No,7.9,5,55.82
6.4,87.9,No,4.8,9,59.6
8.0,61.2,Yes,4.7,3,46.82
7.0,49.9,Yes,8.5,5,46.62
8.5,45.4,No,8.5,2,44.49
1.4,73.9,No,6.3,3,32.4
1.1,97.7,No,8.4,5,58.97
6.3,88.6,No,7.3,7,67.35
3.3,65.7,No,4.9,6,40.2
3.0,71.7,Yes,5.6,2,40.56
3.6,56.5,Yes,4.7,9,36.38
3.2,49.6,Yes,7.9,8,28.7
5.1,68.4,No,8.9,9,50.92
4.5,67.3,No,6.7,9,45.92
5.1,70.8,Yes,7.3,5,50.38
6.4,96.2,Yes,7.7,7,70.71
4.1,75.6,Yes,5.1,7,59.84
3.0,75.7,No,5.7,9,52.23
2.3,47.6,No,6.1,9,31.17
3.8,98.8,No,7.0,6,52.81
6.9,85.6,Yes,8.3,3,62.47
7.1,91.8,No,5.3,8,72.52
6.3,64.4,Yes,6.4,1,42.64
2.9,69.6,No,7.8,4,49.02
5.7,70.8,Yes,4.4,2,48.79
5.6,51.5,Yes,6.6,5,39.09
4.9,80.7,Yes,4.7,7,50.62
5.4,93.3,No,6.7,1,63.96
4.9,49.7,No,7.8,4,30.14
5.5,45.1,Yes,5.2,3,29.58
6.7,83.6,Yes,8.2,4,52.42
1.9,56.1,No,5.7,6,34.02
7.0,76.8,Yes,5.0,6,59.21
2.1,81.0,Yes,6.3,1,43.72
1.5,59.0,No,8.4,3,32.94
8.8,88.1,No,4.3,1,65.0
8.7,72.4,Yes,5.6,1,53.2
1.5,91.3,No,7.3,1,44.04
4.5,85.0,Yes,5.8,3,46.74
2.5,91.2,Yes,4.4,2,50.1
4.9,41.2,Yes,5.7,4,23.65
7.6,54.4,No,8.1,7,46.22
8.6,45.3,Yes,8.8,2,39.69
6.1,66.1,No,4.2,2,41.51
3.8,92.5,Yes,6.8,7,64.11
5.8,67.6,Yes,4.5,9,46.68
3.5,90.1,No,7.4,3,45.79
8.3,59.3,No,4.0,8,48.39
8.0,60.0,Yes,4.1,6,45.9
5.5,92.8,No,7.9,6,62.81
3.6,65.1,No,4.4,3,33.56
3.3,86.6,Yes,5.5,9,57.92
1.3,54.0,No,8.8,9,27.37
7.5,96.0,Yes,8.9,4,65.74
4.6,73.9,No,4.8,6,50.04
3.6,84.8,No,6.8,5,51.42
4.8,45.3,Yes,6.8,4,26.76
7.5,69.1,Yes,6.3,2,47.11
2.0,93.2,Yes,8.6,4,52.55
7.9,91.7,No,7.8,7,63.84
8.2,42.8,No,7.8,3,35.48
8.6,57.9,Yes,5.3,3,46.21
4.2,66.2,No,6.2,3,36.34
2.7,50.2,Yes,6.4,9,35.82
